t_sec,ECG
0.0,0.033810514076007124
0.004,-0.008904061934756062
0.008,0.0014857457008057512
0.012,0.009394267990525578
0.016,-0.014120003905370958
0.02,0.0021141683818832247
0.024,0.002469306878030344
0.028,-0.032193284940950286
0.032,0.02366824832564988
0.036000000000000004,0.015738717522881297
0.04,-0.008366429771324773
0.044,0.0011243020623903873
0.048,0.015074059006272058
0.052000000000000005,0.00015340571679148523
0.056,0.0009376448357404791
0.06,-0.02286050790829476
0.064,0.01770719373634271
0.068,0.009504017696131978
0.07200000000000001,0.012925926833929688
0.076,-0.02268394505907738
0.08,0.041269816882872415
0.084,0.01175124335743958
0.088,0.001329847366275217
0.092,0.05006158015260916
0.096,0.00897925253735199
0.1,-0.01872044354443743
0.10400000000000001,0.0025940226023592073
0.108,-0.034663008977171145
0.112,0.032495173640473676
0.116,0.003580914328148454
0.12,-0.002538331038959356
0.124,0.034163633909271546
0.128,-0.019906663269016286
0.132,0.02422315075849213
0.136,-0.027374946941176162
0.14,0.0010679907624175332
0.14400000000000002,-0.00937637534185044
0.148,0.04434336641105929
0.152,0.05082186477623694
0.156,0.009304099427895795
0.16,0.03309967337194232
0.164,0.013076794373305826
0.168,0.028428126889573975
0.17200000000000001,0.002399337982547425
0.176,-0.01632271013242643
0.18,-0.017831134655496263
0.184,0.02627878609138034
0.188,0.06395248009542653
0.192,0.02477173464343244
0.196,0.009272999310171903
0.2,0.05838569903232195
0.20400000000000001,0.025270203073689945
0.20800000000000002,0.022930278408718977
0.212,0.026329148225032798
0.216,0.019004580754448528
0.22,0.015835639705483736
0.224,-0.00630257603270969
0.228,0.03279916192548857
0.232,0.021239590579897386
0.23600000000000002,0.0473636467729224
0.24,0.016490771071976378
0.244,-0.013896686759013632
0.248,0.022600401791289623
0.252,0.0589435723344485
0.256,0.017642859486120446
0.26,0.007870939184717804
0.264,0.002151226795499589
0.268,0.0053759278112884175
0.272,0.020723773750112546
0.276,0.003477552560846621
0.28,0.057377660132285194
0.28400000000000003,0.022117970019548575
0.28800000000000003,0.030287528835809506
0.292,0.057221304574721375
0.296,0.05886287988995255
0.3,0.02487986464307759
0.304,0.036110018724323505
0.308,0.04450504934945324
0.312,0.026279341544851693
0.316,-0.0050939462074081135
0.32,0.04388818934569163
0.324,0.04900676756199429
0.328,0.03975327931942511
0.332,0.013293676588095889
0.336,0.02816318118197492
0.34,0.020585281819686677
0.34400000000000003,0.026721175480219937
0.34800000000000003,0.05896557572342742
0.352,0.06392966429724044
0.356,0.04703434203877073
0.36,0.04492647270815529
0.364,0.0477874068258229
0.368,0.03431088374473846
0.372,0.03334098171135519
0.376,0.021677473145398356
0.38,0.034326735961787744
0.384,0.08093429468006093
0.388,0.053404953397215474
0.392,0.029468160225099967
0.396,0.027155803875443654
0.4,0.01958585625955692
0.404,0.044641846565910574
0.40800000000000003,0.04526158564142149
0.41200000000000003,0.00884191740085034
0.41600000000000004,0.04770223426391867
0.42,0.02685504196287127
0.424,0.06704672452962111
0.428,0.041919612807160195
0.432,0.07342236950164042
0.436,0.030239999755511664
0.44,0.03412201479801231
0.444,0.04673548565724754
0.448,0.06362405745740929
0.452,0.05758884683512604
0.456,0.029407262807508112
0.46,0.0730041551712388
0.464,0.09759883159855072
0.468,0.13541332908645376
0.47200000000000003,0.20365644281223863
0.47600000000000003,0.3547066260246637
0.48,0.4452494924913475
0.484,0.591404893955285
0.488,0.781281855795681
0.492,0.9126499437683576
0.496,1.0063773695396812
0.5,1.058663137571207
0.504,1.0180883393473033
0.508,0.9181256235287365
0.512,0.7890900451574165
0.516,0.615684521434144
0.52,0.4428291231830111
0.524,0.3150415253386316
0.528,0.20915276508215191
0.532,0.15156417649103932
0.536,0.0793904124546229
0.54,0.0369146733076029
0.544,0.060478479591111044
0.548,0.024598694386023037
0.552,0.008943358813919375
0.556,0.05410330778467887
0.56,0.031977140226790525
0.5640000000000001,0.056060260110532195
0.5680000000000001,0.035604150260184084
0.5720000000000001,0.02391469083352306
0.5760000000000001,0.021630384459399157
0.58,0.03635105463558831
0.584,0.041329086126393556
0.588,0.030471854225627364
0.592,0.04146007694963176
0.596,0.01649815125071919
0.6,0.0476446943726259
0.604,0.011613402407229148
0.608,0.04373744639436417
0.612,0.06168537519128242
0.616,0.06969990545991916
0.62,0.0822670785583636
0.624,0.01696876453556485
0.628,0.06338075706721538
0.632,0.07244031656811756
0.636,0.06803090860048239
0.64,0.029935058178535544
0.644,0.056855899038803503
0.648,0.08591615938519401
0.652,0.01886130566553854
0.656,0.05842190782769685
0.66,0.07122597550442201
0.664,0.03512998825786276
0.668,0.06079948261170866
0.672,0.02779711417240355
0.676,0.03304229515004307
0.68,0.03301297403011873
0.684,0.05326545018751335
0.6880000000000001,0.0476609887396482
0.6920000000000001,0.06862083245078406
0.6960000000000001,0.03078745265073874
0.7000000000000001,0.04701861722664071
0.704,0.06891333993285051
0.708,0.060951616396701186
0.712,0.02328408734647035
0.716,0.06311840486868367
0.72,0.040279964116410986
0.724,0.05758661410680584
0.728,0.05591962227698208
0.732,0.074316089408479
0.736,0.05228117377127516
0.74,0.012890684894909916
0.744,0.022582998237511847
0.748,0.06461323264013533
0.752,0.04483033191919929
0.756,0.07275931432801566
0.76,0.05546814470526878
0.764,0.03501424955167466
0.768,0.07163645635407959
0.772,0.03382968588138585
0.776,0.008910809896895966
0.78,0.09122187480340538
0.784,0.011709994326402184
0.788,0.06262880297604817
0.792,0.06864972259436097
0.796,0.05278271531335781
0.8,0.016138743584396847
0.804,0.0700688355300155
0.808,0.020896095433252593
0.812,0.022809410854286595
0.8160000000000001,0.04240021082027448
0.8200000000000001,0.06535184934242598
0.8240000000000001,0.05552880619072638
0.8280000000000001,0.06568325723647771
0.8320000000000001,0.04053297561641672
0.836,0.045896748732366564
0.84,0.02652884696706225
0.844,0.04286205269826022
0.848,0.06098631956457546
0.852,0.04304821114849744
0.856,0.05847160539095024
0.86,0.03741120336250017
0.864,0.03693976856551316
0.868,0.049478529500739055
0.872,0.04470173295088348
0.876,0.060347931365251406
0.88,0.051963558676107656
0.884,0.08309887795597147
0.888,0.043792938313148844
0.892,0.04352533742089045
0.896,0.027152024544603304
0.9,0.048291161926325245
0.904,0.06136984765096714
0.908,0.03278174030586872
0.912,0.04646531873287246
0.916,0.06169774550919906
0.92,0.04465301819682303
0.924,0.03666979989376482
0.928,0.06637251707793558
0.932,0.048705926685255335
0.936,0.05454848994923285
0.9400000000000001,0.06989352665080453
0.9440000000000001,0.06921723760428183
0.9480000000000001,0.03920891159374005
0.9520000000000001,0.035483302145215875
0.9560000000000001,0.05151381285735779
0.96,0.04300446880564832
0.964,0.00749243762407497
0.968,0.07082321411389295
0.972,0.04552640424017647
0.976,0.05968683031316501
0.98,0.021317940380191833
0.984,0.07035426351009516
0.988,0.032635789666147566
0.992,0.042055503564513735
0.996,0.01598510990101441
1.0,0.040476339267561424
1.004,0.03901797213836889
1.008,0.039702556728129015
1.012,0.051972593066240094
1.016,0.04419917410682731
1.02,0.062294711289875626
1.024,0.03319975407887938
1.028,0.022423530854616878
1.032,0.041739739735603236
1.036,0.054464349404678175
1.04,0.06656206328875408
1.044,0.05771702939860854
1.048,0.005896309763335786
1.052,0.04850997833829464
1.056,0.06993711658266069
1.06,0.041739276733864204
1.064,0.029922182664042396
1.068,0.046178764791233715
1.072,0.029680471957680005
1.076,0.05227460491208652
1.08,0.038976765564933
1.084,0.06683827203013484
1.088,0.0487072576456986
1.092,0.023975778957144436
1.096,0.050279723288549294
1.1,0.05663832976905829
1.104,0.02627736855760716
1.108,0.02885639791136698
1.112,-0.00900814992296712
1.116,0.054884313234324605
1.12,0.024779251213823517
1.124,-0.00619701819031282
1.1280000000000001,0.0005876760867272804
1.1320000000000001,0.031214772010111115
1.1360000000000001,0.05059518571348875
1.1400000000000001,0.03330647128087735
1.1440000000000001,0.04422668261682504
1.1480000000000001,0.012462105506656582
1.1520000000000001,0.007363383505509236
1.156,0.05160135831750022
1.16,0.04342374653054657
1.164,0.03266228559136555
1.168,0.058603631627444384
1.172,0.013625019166905686
1.176,0.02392830528564171
1.18,0.052543637604097304
1.184,0.06845247580513861
1.188,0.0315432966269674
1.192,0.06464121127507216
1.196,0.018674513432811842
1.2,0.036991511847284796
1.204,0.02658974149844012
1.208,-0.0020311258535925664
1.212,0.034558884794565155
1.216,0.047717984482972584
1.22,0.02575921351853868
1.224,0.02697503899882602
1.228,0.05590032289485383
1.232,0.0027032113004816713
1.236,-0.0026004827370455057
1.24,0.013922420259659805
1.244,0.002720809485995724
1.248,0.05322727940227641
1.252,0.032141695709320406
1.256,0.00831068598111221
1.26,0.012945839605807332
1.264,0.08209790844721163
1.268,0.012314208017026356
1.272,0.008913335765221306
1.276,0.029876393158551513
1.28,0.036191105433318056
1.284,0.02749758690653931
1.288,0.0045401388971925555
1.292,-0.0007854661286372626
1.296,0.034115592613065626
1.3,0.021194758206442493
1.304,-0.009749638179476532
1.308,0.0489111355808156
1.312,0.04674610095942604
1.316,0.038491454630772574
1.32,0.06109739803639284
1.324,0.11100551386314897
1.328,0.15665214290866242
1.332,0.23698278498377331
1.336,0.3949226255531472
1.34,0.5094302638581425
1.344,0.7064184447283345
1.348,0.8186332177583824
1.352,0.9575278053082236
1.356,1.0105906382737662
1.36,1.0334844926621323
1.364,0.8949113141860121
1.368,0.7562704719343366
1.372,0.6140073471674432
1.3760000000000001,0.4455044058610895
1.3800000000000001,0.31520714952324397
1.3840000000000001,0.2231572360173343
1.3880000000000001,0.14899204687378867
1.3920000000000001,0.11302282895712541
1.3960000000000001,0.03239345789785568
1.4000000000000001,0.08147561003998582
1.4040000000000001,0.05866923606215946
1.408,0.010137194847542379
1.412,-0.033969178049562815
1.416,0.00899845792156006
1.42,0.011404654963139332
1.424,-0.03654268247476035
1.428,0.01047703736308568
1.432,0.004578708502372392
1.436,-0.007544175820074106
1.44,0.02029247951645718
1.444,0.027456750696150712
1.448,-0.002784236643798673
1.452,0.011117983364356088
1.456,-0.006978810939020663
1.46,-0.010026865190437426
1.464,0.00688300636638081
1.468,0.015348965768421458
1.472,-0.00679819566473047
1.476,-0.04021891411571411
1.48,0.015356718683854218
1.484,-0.028703844176501278
1.488,0.00525335281575816
1.492,0.0379797797143589
1.496,0.0016483738854756317
1.5,-0.022224462139265034
1.504,-0.028067577848410217
1.508,0.024150619203133373
1.512,-1.2246599458028183e-05
1.516,0.010706805289917007
1.52,0.018023389601022767
1.524,-0.0018973394680860665
1.528,-0.007503962499848638
1.532,-0.020693324190947514
1.536,-0.0638108379545906
1.54,-0.032934976281850416
1.544,-0.004380883176440182
1.548,-0.006908094401284729
1.552,0.0042547364231694425
1.556,-0.006763542242552054
1.56,-0.0014557087144825
1.564,0.010700382750503975
1.568,-0.02316887821408489
1.572,-0.011623147660937496
1.576,-0.03843585208380846
1.58,0.012755087321343346
1.584,-0.006345121948789963
1.588,0.002272739759725282
1.592,0.02291625493850277
1.596,0.01324834947199728
1.6,-0.009951181809137464
1.604,0.006594570335627223
1.608,-0.03820057230919519
1.612,-0.001294996561956415
1.616,-0.007600993437848352
1.62,-0.043149870617868916
1.624,0.015557356458580517
1.6280000000000001,-0.025674371632970303
1.6320000000000001,0.0016687597124987585
1.6360000000000001,-0.0207966747341499
1.6400000000000001,0.007071573093288503
1.6440000000000001,0.01304552238291248
1.6480000000000001,-0.03020022266392051
1.6520000000000001,-0.04460579174778805
1.6560000000000001,-0.017023640765041627
1.6600000000000001,0.002186261281412605
1.6640000000000001,-0.02261392889838259
1.668,-0.027852726800108647
1.672,-0.006210107619957234
1.676,-0.07159850080406455
1.68,-0.030053735699942814
1.684,-0.04482547022079457
1.688,-0.011642210411962315
1.692,-0.03265120418688862
1.696,-0.0406160723279476
1.7,-0.025774583765117286
1.704,-0.04845008367729978
1.708,-0.019727032467875674
1.712,-0.033493308072561775
1.716,-0.02777418012214653
1.72,-0.034947108372691466
1.724,-0.0027362181797990597
1.728,-0.023534236336728062
1.732,-0.011241143458692333
1.736,-0.0125083957416141
1.74,-0.03859832387202007
1.744,-0.011445493937355338
1.748,-0.01623087609497974
1.752,-0.01730656213852611
1.756,-0.03191826509573514
1.76,-0.03284450018085316
1.764,-0.008958125595481387
1.768,0.01861017617102678
1.772,-0.041989686592782335
1.776,-0.015054561279753343
1.78,-0.033423187164802186
1.784,-0.010753820572294293
1.788,-0.018035682893363658
1.792,-0.005948590913600341
1.796,-0.08339408236133031
1.8,-0.03986543439073775
1.804,-0.04795096360328012
1.808,-0.030688552166764818
1.812,-0.04334569145861783
1.816,-0.04202547832257559
1.82,-0.015904353119104542
1.824,0.00816346308657533
1.828,-0.08668320639660207
1.832,-0.036745012654432904
1.836,-0.024622253662567314
1.84,-0.031093861498172504
1.844,-0.03841427382413433
1.848,-0.05890180424693958
1.852,-0.051004591698705685
1.856,-0.017967984924450106
1.86,-0.011266621661094715
1.864,-0.03116037072260997
1.868,-0.050127024884614645
1.872,-0.03179677546486738
1.8760000000000001,-0.03881688891771245
1.8800000000000001,-0.02340675959875438
1.8840000000000001,-0.03225326760520274
1.8880000000000001,-0.04735305688621546
1.8920000000000001,-0.03139942002899531
1.8960000000000001,-0.05909416759130012
1.9000000000000001,-0.019396585773940142
1.9040000000000001,-0.012438407499141341
1.9080000000000001,-0.0599409991174257
1.9120000000000001,-0.02823328230809619
1.9160000000000001,-0.056760249314815235
1.92,-0.015779558829895
1.924,-0.019406555803448182
1.928,-0.04236559443824738
1.932,-0.018133863196386456
1.936,-0.04692225021540611
1.94,-0.051425878870116626
1.944,-0.05020268246746062
1.948,-0.04190523209549665
1.952,-0.0458136912195136
1.956,-0.03651309527867673
1.96,-0.05215297819490938
1.964,-0.024806956235292554
1.968,-0.019927805934310188
1.972,-0.05050796678268435
1.976,-0.06937496857004205
1.98,-0.026591945147393187
1.984,-0.018533389018726157
1.988,-0.044801759437171865
1.992,-0.06749654576743602
1.996,-0.036657526365862114
2.0,-0.011723033694945796
2.004,-0.07996367581985772
2.008,-0.03309645849485842
2.012,-0.049142557590449616
2.016,-0.06019528803412806
2.02,-0.0333268035283629
2.024,-0.0694733963278379
2.028,-0.03776091668905355
2.032,-0.017634638154017463
2.036,-0.04056301669319054
2.04,-0.06181720548585391
2.044,-0.0800678378315979
2.048,-0.07030867407485121
2.052,-0.08167872723480982
2.056,-0.013043324863768947
2.06,-0.050204254425939614
2.064,-0.06629332577494268
2.068,-0.07152657794434149
2.072,-0.06707653447377884
2.076,-0.05261456433796446
2.08,-0.07171284075269929
2.084,-0.012694229778759697
2.088,-0.06132474333191565
2.092,-0.06218199711125856
2.096,-0.04052535889606888
2.1,-0.017815807213212315
2.104,-0.020491724302426247
2.108,-0.05686815173262788
2.112,-0.04214048394160497
2.116,-0.04439716416022651
2.12,-0.036915950986869915
2.124,-0.042527238686463964
2.128,-0.06664207175243464
2.132,-0.07309001854301077
2.136,-0.04448982510837768
2.14,-0.07178453487818265
2.144,-0.02094798682734
2.148,-0.04748116280482916
2.152,-0.06878292958614785
2.156,-0.05444895697523567
2.16,-0.0573546568317409
2.164,-0.047732144315738856
2.168,-0.021350208632298716
2.172,-0.058994812185999224
2.176,-0.047858047576148345
2.18,0.031051977366241025
2.184,0.07755108802311718
2.188,0.16939941240389436
2.192,0.29124026760741967
2.196,0.42267682368208453
2.2,0.6019521962717677
2.204,0.7231369693984315
2.208,0.8676808085167973
2.212,0.9222377596933707
2.216,0.9212380227603423
2.22,0.8926152439898378
2.224,0.7724592695692032
2.228,0.5697643620545166
2.232,0.4256540021650807
2.236,0.3066928960910452
2.24,0.20158601478351534
2.244,0.07733433879398839
2.248,0.02637613788284989
2.2520000000000002,-0.0358296420582595
2.2560000000000002,0.021170514938274116
2.2600000000000002,-0.030860936180847898
2.2640000000000002,-0.02798096385085194
2.2680000000000002,-0.0351948025508143
2.2720000000000002,-0.0307250910894324
2.2760000000000002,-0.03762619519799079
2.2800000000000002,-0.05663009114287526
2.2840000000000003,-0.03508568215471422
2.2880000000000003,-0.04838643334390514
2.2920000000000003,-0.024027078470101642
2.2960000000000003,-0.06465239524278893
2.3000000000000003,-0.06074520776694929
2.3040000000000003,-0.03667182181003978
2.308,-0.024273424690202564
2.312,-0.046931092890359516
2.316,-0.06404943042961282
2.32,-0.05213912297038232
2.324,-0.05968219424859872
2.328,-0.011735248270866028
2.332,-0.03164868730449476
2.336,-0.02428146731169106
2.34,-0.043483479704619604
2.344,-0.06055747645783271
2.348,-0.025926982436338807
2.352,-0.016247106574410662
2.356,-0.03761736024483442
2.36,-0.04966865329272933
2.364,-0.02748780886357825
2.368,-0.05644988111018775
2.372,-0.033653699509969666
2.376,-0.06308975601191938
2.38,-0.06817558910640234
2.384,-0.03734621875682949
2.388,-0.04182000900889846
2.392,-0.010392640945547267
2.396,-0.05397773027764541
2.4,-0.04780013084561242
2.404,-0.07095804092576884
2.408,-0.08543171935653726
2.412,-0.08354597061756512
2.416,-0.03854777000066478
2.42,-0.07121967888018899
2.424,-0.025024846992360395
2.428,-0.018985668030993674
2.432,-0.05300622895463408
2.436,-0.013993564727240955
2.44,-0.04247872424552889
2.444,-0.02438104897474114
2.448,-0.05124846554967906
2.452,-0.02740190573854447
2.456,-0.06529944473376739
2.46,-0.03382403623386264
2.464,-0.05530342864002556
2.468,-0.04856851293186968
2.472,-0.03315801367202906
2.476,-0.0421700691146884
2.48,-0.046940582243476844
2.484,-0.030723152942155725
2.488,-0.029037149816450183
2.492,-0.0726208520116058
2.496,-0.033558169923830705
2.5,-0.031130305100988076
2.504,-0.059394919598193596
2.508,-0.0364516675289631
2.512,-0.07045646631847441
2.516,-0.014986406898390068
2.52,-0.048324053668593964
2.524,-0.04493725593873791
2.528,-0.019210310241214706
2.532,-0.04580210123302734
2.536,-0.03075570044687006
2.54,-0.06346469899800461
2.544,-0.05369210141903486
2.548,-0.06992355524621449
2.552,-0.04601260883084056
2.556,-0.02099983734088636
2.56,-0.036917149104721395
2.564,-0.023469680021870703
2.568,-0.061442474880117975
2.572,-0.05834314350905433
2.576,-0.049746935367820544
2.58,-0.028739308063779594
2.584,-0.032814124081349885
2.588,-0.039997662074932994
2.592,-0.026985744566997334
2.596,-0.042210039493334635
2.6,-0.039353604466710754
2.604,-0.01256478530329522
2.608,-0.050122563261940214
2.612,-0.0344766327599045
2.616,-0.00562180264641611
2.62,-0.03555044379783469
2.624,-0.023182721712177404
2.628,-0.04917011359214459
2.632,0.0023737905955193844
2.636,-0.08146685220831806
2.64,-0.058875770373041605
2.644,-0.05697882495788938
2.648,-0.0032160142529822355
2.652,-0.02827015551104335
2.656,-0.04027158146795877
2.66,-0.06036305464382567
2.664,-0.02714578099069313
2.668,-0.03184578364933439
2.672,-0.0476815972338702
2.676,-0.063346175655131
2.68,-0.05526190508390471
2.684,-0.028627328540980695
2.688,-0.02636193958624394
2.692,-0.030803613294315267
2.696,-0.03498029765184529
2.7,-0.0670032473201288
2.704,-0.030330842031175864
2.708,-0.05163252744171095
2.712,-0.029819485111943652
2.716,-0.021025612986389327
2.72,-0.043511392524017756
2.724,-0.050124488389125796
2.728,-0.009456007811160468
2.732,-0.021955423556220998
2.736,-0.04138502183612125
2.74,-0.08831800385344224
2.744,-0.02895141399164994
2.748,-0.015041441225442912
2.7520000000000002,-0.004846466840985237
2.7560000000000002,-0.040486315390976885
2.7600000000000002,-0.03943941478052801
2.7640000000000002,-0.03508477683437094
2.7680000000000002,-0.00911424445895885
2.7720000000000002,-0.04901130077182895
2.7760000000000002,-0.02741698212083239
2.7800000000000002,-0.04331510821903416
2.7840000000000003,-0.019068314919601852
2.7880000000000003,-0.05517036473153978
2.7920000000000003,-0.016189197052736463
2.7960000000000003,-0.033279438254922654
2.8000000000000003,-0.027459759147133486
2.8040000000000003,-0.012094821077008211
2.8080000000000003,0.0006370070064695768
2.8120000000000003,-0.05580682992235812
2.816,-0.00142231166858511
2.82,-0.009955137760230864
2.824,-0.026635487814853354
2.828,0.007716375050321935
2.832,-0.016211175257775056
2.836,0.006265366382093126
2.84,-0.031077003624784
2.844,-0.036172125765596294
2.848,0.006040188273096856
2.852,0.02521853308124512
2.856,-0.0050039144107071176
2.86,0.0005325803045507539
2.864,-0.026379387068582696
2.868,-0.04301391629936522
2.872,-0.0206379528810558
2.876,0.014280905276994705
2.88,-0.05254046489432872
2.884,-0.02484259493629047
2.888,-0.05283059036349537
2.892,-0.011977136281820882
2.896,0.003740606789631753
2.9,-0.03819974030715078
2.904,-0.021132830804738163
2.908,0.013970931792353668
2.912,-0.013911485489134925
2.916,-0.03652440313375448
2.92,-0.037661178043408405
2.924,-0.05122463814642752
2.928,0.004939234311416008
2.932,-0.02504334456713832
2.936,0.011299154604154125
2.94,0.008033239291399678
2.944,-0.0221001767672111
2.948,-0.019050288599501558
2.952,0.007490426277735768
2.956,-0.004684194086320191
2.96,-0.0019061207492622276
2.964,-0.0397939799461346
2.968,0.011513077491978723
2.972,-0.02353622723010041
2.976,-0.05100793195851791
2.98,-0.017544089990040295
2.984,0.0036469842514423945
2.988,0.037562669957564
2.992,-0.011422513214453492
2.996,-0.030145688111382286
3.0,0.03934185934022579
3.004,0.0005201407927919281
3.008,-0.007403853263210301
3.012,-0.023026407632906018
3.016,-0.020478493860808918
3.02,0.03130703129113981
3.024,0.000678647981727014
3.028,0.0041331566194058485
3.032,0.02157464859693684
3.036,0.09341232694953841
3.04,0.10057426729235108
3.044,0.201884624028572
3.048,0.30245423654840015
3.052,0.4392538090907157
3.056,0.5743236782352633
3.06,0.7643248495525514
3.064,0.9202538093669058
3.068,0.9770762811276871
3.072,0.9851971724872362
3.076,0.9335248853223391
3.08,0.8583232657642503
3.084,0.7039574213055715
3.088,0.5470952100691872
3.092,0.39708384943212255
3.096,0.23868433428048602
3.1,0.1858214616041184
3.104,0.10694875519497125
3.108,0.05772083547122713
3.112,0.038853850508265494
3.116,0.03945886102789481
3.12,0.015600424687934654
3.124,-0.005200553580071911
3.128,0.0341994258443936
3.132,0.002086590163380961
3.136,-0.0035443979861976664
3.14,-0.019936178571485694
3.144,0.011844941925498176
3.148,-0.008869487264452235
3.152,0.0021010573427159406
3.156,0.021870172466484192
3.16,0.013949960863403882
3.164,0.03400961040121438
3.168,0.02018499020852603
3.172,0.006401748636734962
3.176,0.008282020699191702
3.18,0.005123991045538061
3.184,0.028593240469439826
3.188,0.016488409386530945
3.192,0.008232835249234356
3.196,0.033740736476739294
3.2,0.01915786642048094
3.204,0.00831012614273464
3.208,-0.012239639301957404
3.212,0.027143980043087608
3.216,0.023553686225709903
3.22,0.02018981677633982
3.224,0.010864231604822387
3.228,0.0032568567842183906
3.232,0.015772255601187477
3.236,0.025312984547626094
3.24,0.018504271274413703
3.244,0.018542434266417062
3.248,0.01244705676166258
3.2520000000000002,0.028961069406549616
3.2560000000000002,0.027226369010802796
3.2600000000000002,0.00787494619868992
3.2640000000000002,0.03849620740421595
3.2680000000000002,0.0394842006202534
3.2720000000000002,0.04029349535175383
3.2760000000000002,0.021771529740432085
3.2800000000000002,0.0208624133791486
3.2840000000000003,0.0019217090019339293
3.2880000000000003,0.04055609104303075
3.2920000000000003,-0.016896963454128958
3.2960000000000003,0.018353945628109023
3.3000000000000003,0.01972875090136633
3.3040000000000003,0.04400054080151593
3.3080000000000003,0.027212661766350472
3.3120000000000003,0.008282428126942364
3.3160000000000003,-0.000618508574934274
3.3200000000000003,0.013677196055729403
3.3240000000000003,0.03073317927300985
3.3280000000000003,0.030041087523272097
3.332,0.025324802363097663
3.336,0.015925889391008106
3.34,0.02574297611231732
3.344,0.0502319047335371
3.348,0.008597050503830694
3.352,0.03160535449082986
3.356,0.06362861337141483
3.36,0.04266638607523029
3.364,0.02278152566840394
3.368,0.04543790104202083
3.372,0.017493985777717918
3.376,0.03298919382642089
3.38,0.06424045440215984
3.384,0.07135170202065967
3.388,-0.00039668552053671174
3.392,0.04808185839171688
3.396,0.07335502172512517
3.4,0.02377588507403377
3.404,0.04015998670836994
3.408,0.06542008757780343
3.412,0.02571753603827502
3.416,0.0448986647009532
3.42,0.03496181544716257
3.424,-0.002076111484298905
3.428,0.04363642018998395
3.432,0.033311841600759534
3.436,0.05583456416363613
3.44,0.07941481923842209
3.444,0.05149745912117011
3.448,0.030741634479015026
3.452,0.04735993368092832
3.456,0.042657239702401165
3.46,0.059343251451257406
3.464,0.010367252076503602
3.468,0.016073128296585883
3.472,-0.0012500126461229971
3.476,0.052046561100873426
3.48,0.039773224166336295
3.484,0.027596325335997395
3.488,0.026137090228154157
3.492,0.029438355342568445
3.496,0.022563204392278248
3.5,0.034925996605241844
3.504,0.03170137803961428
3.508,0.06961398417370482
3.512,0.048506574824668844
3.516,0.025893013713973602
3.52,0.030805871960806405
3.524,0.06667960695474086
3.528,0.05196361883197971
3.532,0.04903004187975155
3.536,0.05774767578761324
3.54,0.07526237727997774
3.544,0.01939610304917742
3.548,0.02902836455649558
3.552,0.009325805961312009
3.556,0.054229126741476404
3.56,0.03694539815342925
3.564,0.03127194092857793
3.568,0.029648507398239033
3.572,0.058901245681623825
3.576,0.042410443670632576
3.58,0.03481642153920577
3.584,0.07070577331566294
3.588,0.024845661602376397
3.592,0.02064494742281438
3.596,0.09798768889507714
3.6,0.038899225977185425
3.604,0.035540332926781965
3.608,0.03201405698853606
3.612,0.04397406726763387
3.616,0.06251313611277792
3.62,0.062070583753552094
3.624,0.05802231150804808
3.628,0.04170569998137338
3.632,0.017609609589088273
3.636,0.05320027982452466
3.64,0.07804391354202486
3.644,0.06917707036807347
3.648,0.04454657332542793
3.652,0.06407943553208616
3.656,0.0404324849254692
3.66,0.047149693332779075
3.664,0.023672366867570505
3.668,0.0421547899365995
3.672,0.051375008956239095
3.676,0.045279868560288455
3.68,0.06415363487943666
3.684,0.08651816348004615
3.688,0.07536438358282613
3.692,0.042916159039684286
3.696,0.034471765312682645
3.7,0.03611906712575649
3.704,0.029689732862783275
3.708,0.0499960445738624
3.712,0.057804823020971646
3.716,0.05310651527527326
3.72,0.05337859974965664
3.724,0.05272607257436494
3.728,0.04697404654994731
3.732,0.03481765081443654
3.736,0.08420392416773997
3.74,0.07070445062348288
3.744,0.03162808926252781
3.748,0.03172433866716329
3.7520000000000002,0.038136299640712884
3.7560000000000002,0.050551387266130204
3.7600000000000002,0.07509740830362548
3.7640000000000002,0.07023566238177507
3.7680000000000002,0.07131254067270172
3.7720000000000002,0.07172958776685583
3.7760000000000002,0.07211288151775297
3.7800000000000002,0.06472712005238754
3.7840000000000003,0.059088455626234646
3.7880000000000003,0.04761891393276787
3.7920000000000003,0.015122810330917592
3.7960000000000003,0.04740846817203042
3.8000000000000003,0.08602376404056722
3.8040000000000003,0.039172742517514084
3.8080000000000003,0.03744262462470602
3.8120000000000003,0.07028578813925396
3.8160000000000003,0.05152752514615105
3.8200000000000003,0.040288086016159866
3.8240000000000003,0.08101309470972816
3.8280000000000003,0.062310205088179416
3.8320000000000003,0.064942476277099
3.8360000000000003,0.03845981745044928
3.84,0.059649362724437154
3.844,0.05719184760041794
3.848,0.06515411314476476
3.852,0.07254433133432399
3.856,0.07203180214451652
3.86,0.052880781280593404
3.864,0.06326312669399684
3.868,0.026697906198529627
3.872,0.06292899542205749
3.876,0.06500531004871067
3.88,0.04659990921696206
3.884,0.04563354436904728
3.888,0.07353873094422805
3.892,0.07576315340680759
3.896,0.15021814485541554
3.9,0.21754016671958523
3.904,0.29099301946217987
3.908,0.43987694032275426
3.912,0.6129228842400998
3.916,0.773339960232588
3.92,0.9177121683424136
3.924,0.9996364134031498
3.928,1.0404165174581599
3.932,1.014182637673627
3.936,0.9441045315780074
3.94,0.8426476673212286
3.944,0.6647090746458337
3.948,0.5112048889034538
3.952,0.3694279834259853
3.956,0.20263906887384148
3.96,0.15419239597685847
3.964,0.09951451547249796
3.968,0.10314182992700582
3.972,0.09529620951156101
3.976,0.039711850840169496
3.98,0.04965988250714361
3.984,0.058149806201052257
3.988,0.03637826037391312
3.992,0.03314879906859982
3.996,0.03190850899011899
4.0,0.0629510248344646
4.0040000000000004,0.026884096429496115
4.008,0.06758917557308075
4.0120000000000005,0.04643492140089455
4.016,0.059543713155111144
4.0200000000000005,0.07522064511685427
4.024,0.030747854933851862
4.0280000000000005,0.02759629444821645
4.032,0.05226499586947596
4.0360000000000005,0.02289496444311958
4.04,0.028721681899481714
4.0440000000000005,0.04084417018005038
4.048,0.046039324794753825
4.0520000000000005,0.017820268405872475
4.056,0.034827895017521454
4.0600000000000005,0.053898201871006
4.064,0.06888670210433183
4.0680000000000005,0.0026134351013416476
4.072,0.0676473014369893
4.0760000000000005,0.05893866990374477
4.08,0.01945047312371582
4.0840000000000005,0.01153217587084893
4.088,0.04895553533372543
4.0920000000000005,0.0320166329796964
4.096,0.042852525417362265
4.1,0.05705371945866783
4.104,0.03222060836615084
4.108,0.04262042535122088
4.112,0.04859867682516954
4.116,0.056585444073437796
4.12,0.07370972206849735
4.124,0.07223076106773962
4.128,0.04287776118887034
4.132,0.03309881670883324
4.136,0.08479806891227454
4.14,0.050011923283033805
4.144,0.0454893435159454
4.148,0.014779276329396043
4.152,0.05191847831811751
4.156,0.02066707685734937
4.16,0.026730192482207916
4.164,0.008981432905459448
4.168,0.02493825555329772
4.172,0.03620628021445006
4.176,0.004814751621607129
4.18,0.0165611663201197
4.184,0.032516158677693204
4.188,0.00863260084355183
4.192,0.00853812053879506
4.196,0.016593238208980603
4.2,0.004830727571340017
4.204,0.04474700370531584
4.208,0.012431487135726713
4.212,0.04719942517582235
4.216,0.04997860881249772
4.22,0.00739455409071306
4.224,0.03172815867562647
4.228,0.021057030585545575
4.232,0.0076156117866282465
4.236,0.02326228272219337
4.24,0.02478915067347584
4.244,0.04342074338206816
4.248,0.049352114589850234
4.252,0.006660807287091994
4.256,0.020150379475911414
4.26,0.038468340409909325
4.264,0.05102705706677555
4.268,-0.021477939907078327
4.272,0.05234821341722523
4.276,0.023157000703419656
4.28,0.05671540188574453
4.284,0.01734743823321961
4.288,0.008869216418348133
4.292,0.02598063711489145
4.296,0.048055380751276085
4.3,0.02497469918976663
4.304,-0.023038979954698113
4.308,0.03728765486731199
4.312,-0.008851265170864549
4.316,0.0033732899060750464
4.32,-0.0006542259871442566
4.324,-0.014528950994522585
4.328,-0.003220289203854039
4.332,0.0016970411075485393
4.336,0.008813875426441192
4.34,0.019596491204167565
4.344,0.013603599019020848
4.348,-0.009704563384829303
4.352,0.015888612411951258
4.356,0.038594706427032374
4.36,0.037720433201654566
4.364,0.021064216328050063
4.368,0.030372601150625456
4.372,0.03544249836137475
4.376,0.04444160262463114
4.38,0.050747618641041214
4.384,0.010021944663545293
4.388,0.010602134188700946
4.392,0.04509792492588132
4.396,0.046468955071264015
4.4,0.04566521747947942
4.404,-0.032415578821996756
4.408,0.009664338361184657
4.412,-0.051450619196134195
4.416,0.027859023691621326
4.42,0.013972326600544972
4.424,0.013502425803859998
4.428,0.009302907042610288
4.432,0.037721366644526334
4.436,0.005388139491121224
4.44,0.0315081183935343
4.444,0.021512610292033624
4.448,0.017171063519148655
4.452,0.01888006344121141
4.456,0.011435027660223597
4.46,-0.01306150279040248
4.464,0.02272890338674483
4.468,0.0222620055039656
4.472,0.004708127324706744
4.476,0.02178987017587456
4.48,0.024743607336436577
4.484,-0.019276687999793582
4.488,0.0030996709288365794
4.492,-0.00333454172882121
4.496,-0.012985102830729067
4.5,0.011151703752450868
4.5040000000000004,-0.012571143505669527
4.508,-0.004808537496102534
4.5120000000000005,0.0083735144384353
4.516,0.010048732420262031
4.5200000000000005,0.009068636682958233
4.524,0.046901678648727727
4.5280000000000005,-0.008264581338756974
4.532,0.006398409561732869
4.5360000000000005,-0.02313676576521028
4.54,0.01019259138224855
4.5440000000000005,0.023219868580995322
4.548,0.024013309405329395
4.5520000000000005,-0.013394796716782283
4.556,-0.006682471969535747
4.5600000000000005,0.023740028783441277
4.564,-0.003789607774663353
4.5680000000000005,0.016836994386687204
4.572,-0.022199089846095123
4.5760000000000005,0.024502780869877068
4.58,0.01696660365724152
4.5840000000000005,0.005289057448851321
4.588,-0.02037579567899978
4.5920000000000005,-0.008012208508325461
4.596,-0.002205369833199608
4.6000000000000005,-0.00037457797757023924
4.604,-0.008150239016308038
4.6080000000000005,-0.010834841823347473
4.612,-0.0030279547772802977
4.616,0.02062362389717203
4.62,-0.047855203985546546
4.624,-0.03554451108320098
4.628,-0.039413445367413494
4.632,-0.022663864388138676
4.636,-0.04413723497743172
4.64,0.0013232870752830795
4.644,-0.00823110814940675
4.648,-0.015626772612128706
4.652,-0.02458707467134666
4.656,-0.008223287448211568
4.66,-0.008198897906952453
4.664,-0.005561271544924916
4.668,-0.027148631275876946
4.672,1.6991805516827774e-05
4.676,-0.04274038082243945
4.68,0.011220279062771857
4.684,-0.07570104232626769
4.688,-0.026436865451125408
4.692,-0.03900587090787081
4.696,0.0004396898650480714
4.7,-0.04545230123761454
4.704,0.020294871360393745
4.708,-0.04742452449906863
4.712,0.023649826164132238
4.716,-0.00833416634536802
4.72,-0.017020768366018606
4.724,-0.009163622282611182
4.728,0.02598524164630713
4.732,0.00064297034119375
4.736,-0.059793438688208134
4.74,0.013877234668466524
4.744,0.005552535838898364
4.748,-0.010335896503184724
4.752,0.07443177728481333
4.756,0.09520168497058262
4.76,0.21217405848210608
4.764,0.33348347040444154
4.768,0.46268608684537094
4.772,0.6487080862327091
4.776,0.7673898809338855
4.78,0.9104626729768799
4.784,0.9588098375931302
4.788,0.9607051509444461
4.792,0.9299402422176617
4.796,0.7679090345843064
4.8,0.5884623793226614
4.804,0.4477832280578797
4.808,0.29037108275549994
4.812,0.1896470444282086
4.816,0.10689141181636513
4.82,0.048118979923486654
4.824,0.012868799809436398
4.828,-0.019727127825662317
4.832,-0.010447058665188278
4.836,-0.0035578057222602627
4.84,-0.03965029247397613
4.844,-0.029653413841383074
4.848,-0.027954365678798183
4.852,-0.004550834961686439
4.856,-0.008412164539006145
4.86,-0.04494284140046563
4.864,-0.02922682495177216
4.868,-0.06088090481046486
4.872,-0.05063558322721881
4.876,-0.03134748918917266
4.88,-0.019369163661018596
4.884,-0.01319777391651416
4.888,-0.03881719418809347
4.892,-0.059973390632304155
4.896,-0.025287790869841432
4.9,-0.036995090429966106
4.904,-0.025361512782951144
4.908,-0.03094234001588214
4.912,-0.020132017007134517
4.916,-0.02165338760691673
4.92,-0.018170993598007723
4.924,-0.04452074321802256
4.928,-0.015719760171372794
4.932,-0.045980006245010405
4.936,-0.034507911338540816
4.94,0.0007204154894496842
4.944,-0.02963760109439051
4.948,-0.060375983321509626
4.952,-0.007521955934544879
4.956,-0.017603261670013606
4.96,-0.015067638305503502
4.964,-0.03420235630131417
4.968,-0.03149679383035873
4.972,-0.04333748762524855
4.976,-0.05293753171433808
4.98,-0.008597777734597373
4.984,-0.04682098943925124
4.988,-0.04932112186950456
4.992,-0.04882771217369695
4.996,-0.0029588473008859764
5.0,-0.02288812968063093
5.0040000000000004,-0.0480514497624149
5.008,-0.04184520899271116
5.0120000000000005,-0.030960487388039082
5.016,-0.023834058360900367
5.0200000000000005,-0.07384427246321165
5.024,-0.023786989573581052
5.0280000000000005,-0.0464485064998145
5.032,-0.05603109970700702
5.0360000000000005,-0.05033623548269934
5.04,-0.026907951183719237
5.0440000000000005,-0.007791497076309391
5.048,-0.040212440315785185
5.0520000000000005,-0.03224047989133312
5.056,-0.05986377991965871
5.0600000000000005,-0.03395813806880303
5.064,-0.02753081333595704
5.0680000000000005,-0.0739400788595174
5.072,-0.05463032070732069
5.0760000000000005,-0.028745756924514608
5.08,-0.07992628587952491
5.0840000000000005,-0.05240974120572097
5.088,-0.03309816913199882
5.0920000000000005,-0.07910060792781809
5.096,-0.05339661738448939
5.1000000000000005,-0.04453781549736325
5.104,-0.027994596428985826
5.1080000000000005,-0.07154194050887208
5.112,-0.023938582649878498
5.1160000000000005,-0.040173695837278936
5.12,-0.022505498047330437
5.124,-0.023330037672505743
5.128,-0.03992745234654226
5.132,-0.03717390822987646
5.136,-0.08182020196719954
5.14,-0.07417319855905945
5.144,-0.06741253924917891
5.148,-0.05439913279725489
5.152,-0.028903554626353696
5.156,-0.0833627417647047
5.16,-0.05421642536893755
5.164,-0.07436144592926691
5.168,-0.0792071184247544
5.172,-0.01862786587024233
5.176,-0.04630498053197353
5.18,-0.01567888730635502
5.184,-0.024802451140746116
5.188,-0.06701248121587942
5.192,-0.08577451488394261
5.196,-0.007372057970632687
5.2,-0.056963871140543895
5.204,-0.07184060136194553
5.208,-0.03520910776763609
5.212,-0.046382128044604565
5.216,-0.06261611756861912
5.22,-0.05617926526439768
5.224,-0.04610369424587408
5.228,-0.04791710123014604
5.232,-0.03434848548825713
5.236,-0.05658716281387147
5.24,-0.056436649585499786
5.244,-0.037613324882533196
5.248,-0.043415955941092245
5.252,-0.02783521568044445
5.256,-0.05476061081751794
5.26,-0.051767802892236786
5.264,-0.07295627906633435
5.268,-0.01988405363038577
5.272,-0.07777207698936214
5.276,-0.045880342669280524
5.28,-0.06778220615740303
5.284,-0.04321350709099343
5.288,-0.03508837430777825
5.292,-0.08277272838394564
5.296,-0.0542135649044391
5.3,-0.08513319542861791
5.304,-0.021914286168536114
5.308,-0.058860217538902554
5.312,-0.08152196384850907
5.316,-0.06402055595331346
5.32,-0.023742614420768113
5.324,-0.020201655679350488
5.328,-0.024520729626451
5.332,-0.06559688364465466
5.336,-0.05292879599905674
5.34,-0.017158168120803584
5.344,-0.06445141181607082
5.348,-0.056476787397748494
5.352,-0.06881951495055216
5.356,-0.07298020319330811
5.36,-0.02552715703124912
5.364,-0.036987384778078156
5.368,-0.040554449773158245
5.372,-0.03789646140161961
5.376,-0.02900249826173624
5.38,-0.01915734357745936
5.384,-0.049440949016309695
5.388,-0.05604287737055121
5.392,-0.06962799689397142
5.396,-0.027427749011465736
5.4,-0.059291995577887134
5.404,-0.07880032857434824
5.408,-0.0541962722734421
5.412,-0.04824230556246589
5.416,-0.03198442293876957
5.42,-0.028461733094782733
5.424,-0.06305539959123506
5.428,-0.06433511909122866
5.432,-0.05478558536903159
5.436,-0.07234004181717979
5.44,-0.05019098513746513
5.444,-0.03865532903128296
5.448,-0.04689962288840285
5.452,-0.07990042811148515
5.456,-0.07134745915234539
5.46,-0.02165765429029195
5.464,-0.06750775724963816
5.468,-0.03233380085186959
5.472,-0.03432324569986457
5.476,-0.05325967285139573
5.48,-0.06661080560922907
5.484,-0.042312642428645963
5.488,-0.06408999391958604
5.492,-0.049726627298529474
5.496,-0.04393007544412995
5.5,-0.06022522078586918
5.5040000000000004,-0.05025932535393341
5.508,-0.05172035186400409
5.5120000000000005,-0.07008934010722384
5.516,-0.04901543419816792
5.5200000000000005,-0.05776998752803328
5.524,-0.08132673636720847
5.5280000000000005,-0.05141294058472509
5.532,-0.05012914729897937
5.5360000000000005,-0.056376983950748874
5.54,-0.08531862595631427
5.5440000000000005,-0.02836629638536996
5.548,-0.030016220464216807
5.5520000000000005,-0.030474400635942894
5.556,-0.03678144165382781
5.5600000000000005,-0.06820582673605363
5.564,-0.040398134321041924
5.5680000000000005,-0.061190266094973814
5.572,0.0013407726433612085
5.5760000000000005,-0.052566669263649016
5.58,-0.02847364435683851
5.5840000000000005,-0.07234853755152751
5.588,-0.06386872678946155
5.5920000000000005,-0.048829755801393045
5.596,-0.019400741222757294
5.6000000000000005,-0.012984206300780132
5.604,8.663756498888172e-05
5.6080000000000005,-0.010209774114574036
5.612,0.1030645311802946
5.6160000000000005,0.1429510529667324
5.62,0.30589698825625145
5.6240000000000006,0.4517457198583462
5.628,0.5897580194441349
5.632,0.750505379465429
5.636,0.837008371447518
5.64,0.9953591796967033
5.644,0.9634425579105133
5.648,0.9251685433777213
5.652,0.7758374330264519
5.656,0.6427337462221145
5.66,0.4597949270347823
5.664,0.32888910737549504
5.668,0.2093700717839095
5.672,0.12052174470298053
5.676,0.07921159746302286
5.68,0.020746837254019514
5.684,-0.007074671175359638
5.688,-0.02333282678565697
5.692,0.010276389000402106
5.696,-0.044000849466663286
5.7,-0.009527790633304896
5.704,-0.0726711673308041
5.708,-0.05086051136327097
5.712,-0.024840677544438215
5.716,-0.03597691745675802
5.72,0.027699998483493915
5.724,0.019457668209178165
5.728,-0.0621957272814683
5.732,-0.05290856718373923
5.736,-0.03400978280069133
5.74,0.003961498588979092
5.744,-0.007780695325210165
5.748,-0.023638990989982782
5.752,-0.058142111688144656
5.756,-0.04640519972910179
5.76,-0.0828579993810653
5.764,-0.05954373438729453
5.768,-0.0199336740352445
5.772,-0.012324090905769147
5.776,-0.053837259733322713
5.78,-0.02524485184198979
5.784,0.005473681648768599
5.788,-0.023430741349387982
5.792,-0.03246857903423385
5.796,-0.013746709163800084
5.8,-0.01507324550733339
5.804,-0.023653966554223443
5.808,-0.035615280122603205
5.812,-0.03303342836202271
5.816,-0.022376891036508147
5.82,-0.03480536978093883
5.824,0.003208388852213629
5.828,-0.005227576724469454
5.832,-0.0009649805953523619
5.836,0.018205598117760707
5.84,0.009606142197295612
5.844,0.0067591607801119995
5.848,-0.013812157230597649
5.852,-0.0247182280116851
5.856,0.02553273476978671
5.86,-0.03358471371512771
5.864,-0.03212199442895243
5.868,-0.036740902955747
5.872,-0.014661166584860684
5.876,-0.010221340016045143
5.88,0.0023928148935721226
5.884,-0.022318007433227288
5.888,-0.0521146559975561
5.892,-0.010672872999103184
5.896,0.0028257873169445953
5.9,-0.015626986850616576
5.904,-0.01853970141541268
5.908,-0.004226159094692917
5.912,0.01357065395198499
5.916,-0.016009541773737666
5.92,-0.04269446746689062
5.924,-0.025183005698790936
5.928,-0.016814100758995625
5.932,-0.04912041750454591
5.936,0.0026834054507565343
5.94,-0.027657671941424322
5.944,-0.0017502343983455144
5.948,-0.007618188280939872
5.952,-0.017333625074556377
5.956,0.02185041921816596
5.96,-0.02153855018474573
5.964,-0.02335759629874739
5.968,-0.003645636912489502
5.972,0.007688118662934241
5.976,-0.008734837945502843
5.98,-0.027934167268779606
5.984,0.005945466489575595
5.988,0.004602848658440222
5.992,0.03443203999238245
5.996,-0.011069718600800478
6.0,-0.0019783467445216793
6.0040000000000004,-0.01717724544904095
6.008,-0.03518480199821459
6.0120000000000005,-0.003513962012856285
6.016,0.012408062353782742
6.0200000000000005,-0.0244561161046235
6.024,-0.01727724942744637
6.0280000000000005,-0.02687529429230422
6.032,0.023865502813258013
6.0360000000000005,-0.015201149189846962
6.04,0.00946936029352931
6.0440000000000005,-0.019009327586130692
6.048,0.00020496273875433109
6.0520000000000005,-0.0133971396611136
6.056,-0.04742703633678525
6.0600000000000005,0.0014949039446225275
6.064,0.010907688232576254
6.0680000000000005,-0.04090920263359047
6.072,-0.0023079078711402733
6.0760000000000005,-0.007054534832309091
6.08,-0.01955451645371413
6.0840000000000005,-0.0026017292525158343
6.088,-0.03595473232099172
6.0920000000000005,0.00826465816242898
6.096,0.02738673330836631
6.1000000000000005,-0.021153837808769626
6.104,0.0031843222306787043
6.1080000000000005,0.0334122252448266
6.112,0.0077660039371185196
6.1160000000000005,-0.004641352912856155
6.12,-0.012069498752784992
6.1240000000000006,0.010110649014151728
6.128,0.004311046944796858
6.132000000000001,0.020006061376642632
6.136,-0.02262128480835166
6.140000000000001,0.02973477020922051
6.144,0.0005310002663128279
6.148,0.021862665535477575
6.152,-0.005030528705683062
6.156,-0.01613416751476071
6.16,-0.0011087067841771877
6.164,-0.008450200399717528
6.168,0.003548569763334862
6.172,0.024403846265136357
6.176,0.03342486200468596
6.18,0.0163236877449508
6.184,0.0018431674656761068
6.188,0.004027717923826089
6.192,0.025298659044462782
6.196,0.0365780459621268
6.2,0.007789533244525675
6.204,0.012137612642948527
6.208,1.1654792507408487e-05
6.212,0.0195753997884266
6.216,0.034969792466428826
6.22,-0.04188902989693108
6.224,0.021726728414138634
6.228,0.005993887960170049
6.232,-0.02916048609133682
6.236,0.02405854664324195
6.24,0.01638211356996965
6.244,0.025944914530112495
6.248,-0.008378057916442076
6.252,0.06206841482457101
6.256,0.02192064516542991
6.26,0.013225976168927556
6.264,0.05095041981517224
6.268,0.03389014165158668
6.272,0.037878241699535485
6.276,0.04485992270942668
6.28,-0.01946325683760697
6.284,0.055727115342932274
6.288,0.01576448855112006
6.292,0.028789122448328056
6.296,0.041902837498407404
6.3,0.009565818971680327
6.304,0.03053385421870671
6.308,0.03979525953764143
6.312,0.02406146198446133
6.316,0.035149929274683696
6.32,-0.006504405900170613
6.324,0.002127362617698511
6.328,0.0033191420121546876
6.332,0.03409649376417744
6.336,0.10188217511269497
6.34,0.03262888621825177
6.344,0.02476100051874699
6.348,0.026772617690602737
6.352,0.0480705242387716
6.356,0.043023185198231124
6.36,0.006148021973076272
6.364,0.04976021118524563
6.368,0.029275417899983912
6.372,0.04646664596591035
6.376,-0.009563483993077129
6.38,-0.0003498361414198785
6.384,0.04300737629682466
6.388,-0.0046194330087394805
6.392,0.03951136099506833
6.396,0.038798419001393344
6.4,0.0352665650061695
6.404,0.03977805677675444
6.408,0.03829092584236877
6.412,0.042239250536058225
6.416,0.02547403665451164
6.42,0.03346837150899355
6.424,0.09279918420408603
6.428,0.05725808738086138
6.432,0.04708650142175336
6.436,0.04306277400460553
6.44,0.021183708145994788
6.444,0.041168227166975775
6.448,0.03349906955749433
6.452,0.061164993831827046
6.456,0.031787564634457116
6.46,0.018137841165393187
6.464,0.08203922999039831
6.468,0.15406357466242426
6.472,0.26197012697471367
6.476,0.3364794537949192
6.48,0.4297442219252301
6.484,0.6002427743537543
6.488,0.7458633024049808
6.492,0.9026874475314277
6.496,0.9863753504249548
6.5,1.0066269052394687
6.5040000000000004,1.0137213922205612
6.508,0.9113524937910775
6.5120000000000005,0.7629918109040156
6.516,0.6135813397161064
6.5200000000000005,0.49252285472798973
6.524,0.32136180758280014
6.5280000000000005,0.20878191448271158
6.532,0.1615159280655589
6.5360000000000005,0.06498073703597763
6.54,0.08554887226409884
6.5440000000000005,0.04018262196289717
6.548,0.031999270409194036
6.5520000000000005,0.04723207102811837
6.556,0.07717975945091003
6.5600000000000005,0.02843131825615996
6.564,0.062376256010532545
6.5680000000000005,0.05101314163469195
6.572,0.015818029665265926
6.5760000000000005,0.06215485984689241
6.58,0.02750200523532024
6.5840000000000005,0.014817027747096166
6.588,0.028583630188399635
6.5920000000000005,0.03005989969325724
6.596,0.05662847615965588
6.6000000000000005,0.030332474429544024
6.604,0.0750194590203305
6.6080000000000005,0.04975057523134459
6.612,0.031129113746390075
6.6160000000000005,0.02898129642300052
6.62,0.05039471024969753
6.6240000000000006,0.0054091559781821175
6.628,0.0026278129046212392
6.632000000000001,0.028624337529813408
6.636,0.059068204531922824
6.640000000000001,0.05020951328606787
6.644,0.04720905978714188
6.648000000000001,0.042640921615820754
6.652,0.0035094520764076265
6.656000000000001,0.04069561476434139
6.66,0.011832680088940686
6.664,0.06416716246659962
6.668,0.04742040375112275
6.672,0.04592345306519944
6.676,0.05581966690329826
6.68,0.05441756593827309
6.684,0.052725714984375435
6.688,0.0551478798123621
6.692,0.03651675432346439
6.696,0.021695526187903873
6.7,0.05533525852880879
6.704,0.07753115583338537
6.708,0.06893070205024618
6.712,0.04450904374146811
6.716,0.06112520294912385
6.72,0.04016587346829516
6.724,0.056739741338705366
6.728,0.03697201787798398
6.732,0.05201299207368694
6.736,0.08932808665861651
6.74,0.06479350316231956
6.744,0.07938095173348352
6.748,0.03400215431142056
6.752,0.03580802053948072
6.756,0.04879356556731487
6.76,0.060771531118991744
6.764,0.045513816824291654
6.768,0.06999601681065794
6.772,0.03876036886709189
6.776,0.07701174364188325
6.78,0.06921065910429441
6.784,0.027558469189318553
6.788,0.0615614611488802
6.792,0.045446158702501356
6.796,0.07032264082557232
6.8,0.03921316235512293
6.804,0.05620068655759018
6.808,0.060903109368566175
6.812,-0.005082012353150853
6.816,0.012393675554598305
6.82,0.0525574867027343
6.824,0.04746804373150366
6.828,0.07030425877176348
6.832,0.05449913289413658
6.836,0.02454759688733035
6.84,0.056514178310171345
6.844,0.03491866599113851
6.848,0.045312172269560955
6.852,0.03969581881390534
6.856,0.05681765837819813
6.86,0.021374794499640554
6.864,0.027369309359570645
6.868,0.00524742664481314
6.872,0.09256739958586402
6.876,0.02966296309570514
6.88,0.03231252328473104
6.884,0.026436624319804907
6.888,0.036587968307614356
6.892,0.04064357020570642
6.896,0.0616410163163197
6.9,0.05280040144788515
6.904,0.0557754130627868
6.908,0.03731367929167581
6.912,0.04759109254065681
6.916,0.07332512011736349
6.92,0.048431717172167675
6.924,0.054913762377745146
6.928,0.00811206275283085
6.932,0.05894393440434166
6.936,0.053671261058265196
6.94,0.07416429162433827
6.944,-0.006747188984538091
6.948,0.04863908061094137
6.952,0.04551390033077474
6.956,0.049496312762107184
6.96,0.03507256177441517
6.964,0.05169504992879444
6.968,0.06138285841060548
6.972,0.04808352144494733
6.976,0.041171172641036195
6.98,0.04263346617631176
6.984,0.03897766100784736
6.988,0.0473810241601324
6.992,0.03206703346483866
6.996,0.006439583196250348
7.0,0.07320850166704261
7.0040000000000004,0.010768389796724266
7.008,0.04335728593532495
7.0120000000000005,0.019444316326427902
7.016,0.03962666769110421
7.0200000000000005,0.02586469575342967
7.024,0.0441168987045815
7.0280000000000005,0.027966496108163527
7.032,0.018657311514041906
7.0360000000000005,0.0505778504535291
7.04,0.07087784515312644
7.0440000000000005,0.05091571822281975
7.048,0.04596657697936572
7.0520000000000005,0.022520493033201885
7.056,0.041693170883937265
7.0600000000000005,0.0520719172776048
7.064,0.029901946341629647
7.0680000000000005,0.06070031314854657
7.072,0.04166976166721236
7.0760000000000005,0.049329730008474924
7.08,0.032090193284622225
7.0840000000000005,0.032006374278063056
7.088,0.045976446858453784
7.0920000000000005,0.049034330957666836
7.096,0.048037702230083364
7.1000000000000005,0.020504011639614236
7.104,0.02592310067847508
7.1080000000000005,0.03993155335766087
7.112,0.0029631457197124636
7.1160000000000005,0.060744199821085545
7.12,0.045921429516832375
7.1240000000000006,0.040143824075270694
7.128,0.02480337695412266
7.132000000000001,0.055228424604164536
7.136,0.0330935333458386
7.140000000000001,0.0762888365085237
7.144,0.04588692485533732
7.148000000000001,0.00793353036793509
7.152,0.052038715239574554
7.156000000000001,0.02666306554100182
7.16,0.026524331265667743
7.164000000000001,0.03183160403239637
7.168,0.03377088920257478
7.172,0.04113578994193902
7.176,0.051052832421663336
7.18,0.044597404247985015
7.184,0.02072803351046145
7.188,0.00789544053094442
7.192,0.01848552180498555
7.196,0.04152598665405061
7.2,0.05137460228326072
7.204,0.06970890061834928
7.208,0.00647291142070076
7.212,0.03468565334891398
7.216,0.028209630724051638
7.22,0.02443294486196252
7.224,0.034922644440510915
7.228,0.026885802681599957
7.232,0.026197054742747694
7.236,0.018274241294032392
7.24,0.03880570556247655
7.244,0.05167737928858224
7.248,0.06291670522978088
7.252,0.019405609577856038
7.256,0.008513064344818942
7.26,0.024017142366028945
7.264,0.012232657405396325
7.268,0.04918980407159109
7.272,0.011880859110754198
7.276,0.029415187812595858
7.28,0.0007229511568184153
7.284,0.020266256923337445
7.288,0.03076055107729856
7.292,0.057231835540505066
7.296,0.012607831450822093
7.3,0.033965127242717434
7.304,-0.014168384050125063
7.308,0.005679296867059265
7.312,0.019301794459037763
7.316,0.037706122126055286
7.32,0.07931331965251945
7.324,0.12341925161175062
7.328,0.14264649967141416
7.332,0.27898334287401005
7.336,0.3706232037394101
7.34,0.5793885580064604
7.344,0.7093550569357787
7.348,0.855015615273969
7.352,0.9604935327859618
7.356,1.0171755648549012
7.36,1.002432918377613
7.364,0.9069488307526944
7.368,0.8040836481187416
7.372,0.6369297747239845
7.376,0.48758332504548896
7.38,0.33041615062744617
7.384,0.23299414379121267
7.388,0.12308043594482537
7.392,0.1557968677484382
7.396,0.03762632575947499
7.4,0.02450758469779615
7.404,0.043004965176659485
7.408,0.043614919389270965
7.412,0.0007067893398456371
7.416,-0.01782038877217648
7.42,-0.013220123665230697
7.424,-0.005627753092419283
7.428,-0.0018863854755643058
7.432,0.010107032803084476
7.436,0.03358976282312701
7.44,0.03419250506416567
7.444,-2.8310315621064147e-05
7.448,0.02257797455512301
7.452,0.029020801479128736
7.456,0.03906093942346931
7.46,0.007388379516276743
7.464,-0.004699372052647569
7.468,0.024743090010332397
7.472,0.03964774510000467
7.476,-0.0015483188401539671
7.48,0.04750193671438076
7.484,0.042499477155195226
7.488,0.0024603930548828317
7.492,-0.02406296031253586
7.496,-0.005040996121883818
7.5,-0.0005575208155053097
7.5040000000000004,0.016703284808260395
7.508,-0.027751170169819952
7.5120000000000005,0.05386652799021478
7.516,0.05164428075344861
7.5200000000000005,-0.010051836957509813
7.524,-0.03323189404778769
7.5280000000000005,0.00019865959812906658
7.532,0.011647542838983123
7.5360000000000005,0.02967554645598649
7.54,0.01656679160253415
7.5440000000000005,-0.0021248547298741423
7.548,-0.03787287042772488
7.5520000000000005,0.011282824205763578
7.556,0.017510259357800123
7.5600000000000005,-0.005970577046660654
7.564,0.005312259447370417
7.5680000000000005,0.003464609506610787
7.572,-0.0058904872681594875
7.5760000000000005,-0.024563486208001424
7.58,0.004984274024592755
7.5840000000000005,-0.0306409105958314
7.588,0.025337158629404544
7.5920000000000005,-0.021085524094131905
7.596,0.006316742731022066
7.6000000000000005,-0.018564308323884008
7.604,0.0032110018970825213
7.6080000000000005,-0.009008462084244192
7.612,0.005446474126267918
7.6160000000000005,-0.021440654071970763
7.62,-0.03864920554376505
7.6240000000000006,-0.012083245466260994
7.628,-0.013905098094115767
7.632000000000001,-0.03737492897116685
7.636,-0.02151016676134802
7.640000000000001,-0.04159255523713469
7.644,-0.006245276345540518
7.648000000000001,-0.016428606857226715
7.652,-0.009068817345885438
7.656000000000001,0.04228005472372467
7.66,-0.007015085287611171
7.664000000000001,-0.003116590497677674
7.668,0.0015471411661705844
7.672000000000001,-0.014187027383012087
7.676,-0.023632807668462028
7.68,0.005343714960517408
7.684,0.00795967717959063
7.688,-0.07135961969500812
7.692,-0.016680155201311806
7.696,-0.020636674072523134
7.7,-0.025540118285114422
7.704,0.010181592618161187
7.708,-0.025755486062833958
7.712,0.0018064073496939
7.716,-0.026730116508253056
7.72,-0.02442568713221757
7.724,-0.0021018481026100454
7.728,-0.03183160845178699
7.732,-0.02070189874476757
7.736,-0.039927800733502807
7.74,-0.035961242085258985
7.744,-0.004204838537318676
7.748,-0.007346574767241062
7.752,-0.04230738034075851
7.756,-0.04349289419781348
7.76,0.0307147447245256
7.764,-0.03345326961289083
7.768,-0.03840663711846163
7.772,-0.011129788602584019
7.776,-0.037266463833206885
7.78,-0.029438263907816384
7.784,-0.0046574423485642065
7.788,-0.0029331866887102563
7.792,-0.027210599600607174
7.796,0.0031837649750507714
7.8,-0.026892797755762622
7.804,-0.029185850945127465
7.808,-0.024882008195951953
7.812,-0.03126272883961205
7.816,-0.014959211663381275
7.82,-0.02020692677381776
7.824,-0.041712779794047875
7.828,-0.022977243175961073
7.832,-0.03776781277131235
7.836,-0.0388433843719331
7.84,-0.030434031026401014
7.844,-0.007639026843080557
7.848,-0.022827610746714452
7.852,-0.0033476638233012265
7.856,0.002188781038718099
7.86,-0.030076719565978096
7.864,-0.04184035637155791
7.868,-0.045824304996176894
7.872,-0.024851573701636286
7.876,-0.01344251457331954
7.88,0.0005605727548198547
7.884,-0.05755879711480863
7.888,-0.013283172728189418
7.892,-0.01065116400916884
7.896,0.016347045195150015
7.9,-0.02894665369997111
7.904,-0.03363904501661056
7.908,-0.0636873380712827
7.912,-0.049179161359248456
7.916,-0.056002129157379565
7.92,-0.05442956056835421
7.924,-0.05251874286450117
7.928,-0.06549242177880565
7.932,-0.03698075690434615
7.936,-0.027702405566714397
7.94,-0.020490151228350018
7.944,-0.03791396662827762
7.948,-0.015163631962649783
7.952,-0.01525595941085325
7.956,-0.06720503733146514
7.96,-0.04259350242217563
7.964,-0.062396454244045524
7.968,-0.05727118762905832
7.972,-0.03428986096395727
7.976,-0.04075080907796923
7.98,-0.00924391135441623
7.984,0.0021639754893896038
7.988,-0.030639246725955787
7.992,-0.043130130386271
7.996,-0.04246958520946323
8.0,-0.04003685690546462
8.004,-0.028609803352013463
8.008000000000001,-0.05498774633970242
8.012,-0.02888352980073148
8.016,-0.04567657146061979
8.02,-0.019879897831064655
8.024000000000001,-0.014024980493986268
8.028,-0.006767096055259707
8.032,-0.044864347522160876
8.036,-0.06897153535070287
8.040000000000001,-0.07589676215046917
8.044,-0.04827067627466832
8.048,-0.07098617043170082
8.052,-0.07579290874321948
8.056000000000001,-0.050128753059678656
8.06,-0.06299790271456554
8.064,-0.029721776968704088
8.068,-0.004950627693703906
8.072000000000001,-0.04843388536386163
8.076,-0.037842112207501596
8.08,-0.07584312297369278
8.084,-0.040867524395011234
8.088000000000001,-0.05870408744558065
8.092,-0.06685740386210913
8.096,-0.08229224222758755
8.1,-0.013255135201555864
8.104000000000001,-0.07770155218179095
8.108,-0.06978585666903998
8.112,-0.04559595726141143
8.116,-0.040183551812462484
8.120000000000001,-0.04027181618399643
8.124,-0.04411480640594865
8.128,-0.06429377629084997
8.132,-0.03124666143316436
8.136000000000001,-0.042894242302324366
8.14,-0.07593365783582
8.144,-0.014995608346517954
8.148,-0.05398114863546752
8.152000000000001,-0.028198930029973795
8.156,-0.07605496932466707
8.16,-0.06998594654182973
8.164,-0.055596130349003826
8.168000000000001,-0.053160479205974456
8.172,-0.00895237660527613
8.176,-0.042118173096900004
8.18,0.028398463497141754
8.184000000000001,0.061589350145472004
8.188,0.177202503093755
8.192,0.28719302607374925
8.196,0.41592198068799874
8.2,0.6310179676262768
8.204,0.7406494665138625
8.208,0.8888382801649515
8.212,0.9127687795257663
8.216,0.9417842136906285
8.22,0.8824680625406113
8.224,0.7641974711653311
8.228,0.6020198207124179
8.232,0.43177805972533045
8.236,0.23919820826339
8.24,0.16899620535696888
8.244,0.07243417535782876
8.248,0.02502772843834443
8.252,0.009669592614523465
8.256,0.015317758227867781
8.26,-0.029748140184302822
8.264,-0.025594280354600193
8.268,-0.035853662577947254
8.272,-0.03497259274147721
8.276,-0.03814133318569139
8.28,-0.0553603738463119
8.284,-0.05668427086133028
8.288,-0.04359882187193205
8.292,-0.01424820799699137
8.296,-0.03459353212698894
8.3,-0.018046707490101996
8.304,-0.07616698432343241
8.308,-0.044944087102389424
8.312,-0.04226868042701341
8.316,-0.03982467749762134
8.32,-0.07772775657728873
8.324,-0.08712868296984111
8.328,-0.09273653019173776
8.332,-0.05822046588524707
8.336,-0.003319402729205799
8.34,-0.04584846030633699
8.344,-0.0744094865354188
8.348,-0.04337889111018437
8.352,-0.05617103245355109
8.356,-0.04668866991507071
8.36,-0.05911178980919857
8.364,-0.07593670110127429
8.368,-0.06062780242042903
8.372,-0.035662146553536646
8.376,-0.04380569240390228
8.38,-0.025391246071738097
8.384,-0.0711799090420078
8.388,-0.02870191597817737
8.392,-0.04836535091386183
8.396,-0.04563060578103691
8.4,-0.02445932283015882
8.404,-0.051913582180648975
8.408,-0.04409665487488849
8.412,-0.036296593892863514
8.416,-0.03602636458333965
8.42,-0.03259801178032992
8.424,-0.02293110246400379
8.428,-0.03804039254200687
8.432,-0.05731437716223132
8.436,0.0005756518940008282
8.44,-0.04887956064513699
8.444,-0.040575586517897076
8.448,-0.06293808766264378
8.452,-0.09152602686093811
8.456,-0.0633111060502349
8.46,-0.04633393376357399
8.464,-0.03688981297589911
8.468,-0.046823096371614505
8.472,-0.03136426963648134
8.476,-0.027307290857721045
8.48,-0.027237183617670174
8.484,-0.046769311455186736
8.488,-0.045049358620618506
8.492,-0.05085938055658374
8.496,-0.06389993953742668
8.5,-0.017746651278101995
8.504,-0.0709600942484088
8.508000000000001,-0.04741097579539578
8.512,-0.041287088522115246
8.516,-0.08844484346244971
8.52,-0.03063834153475301
8.524000000000001,-0.05234400836904294
8.528,-0.040691548177897795
8.532,-0.05162695508565135
8.536,-0.07552080320428951
8.540000000000001,-0.04073081206911469
8.544,-0.04237377895435727
8.548,-0.024356327416689052
8.552,-0.03462118672039079
8.556000000000001,-0.0775904768972646
8.56,-0.021715677997909417
8.564,-0.027625663168032968
8.568,-0.028029191133365227
8.572000000000001,-0.033441232624906655
8.576,-0.05705231982994578
8.58,-0.03208934422190647
8.584,-0.04982382219321764
8.588000000000001,0.015296320300153002
8.592,-0.046857254285363095
8.596,-0.06409191060879846
8.6,-0.04849432915205688
8.604000000000001,-0.012668501334603677
8.608,-0.052648577210606
8.612,-0.08989245640628142
8.616,-0.011411591506415047
8.620000000000001,-0.03401009360649669
8.624,-0.05024444610750425
8.628,-0.0257933993564397
8.632,-0.05830482611767775
8.636000000000001,-0.06306804191538232
8.64,-0.020312589488293842
8.644,-0.049427622806182826
8.648,-0.028240374526108156
8.652000000000001,-0.03836453916629793
8.656,-0.021681617143647504
8.66,-0.03592367671139956
8.664,-0.07881562979738863
8.668000000000001,-0.023948354663673926
8.672,-0.046796397621260435
8.676,-0.01938416660268302
8.68,-0.03451223380174817
8.684000000000001,-0.008019025062443192
8.688,-0.04250937685791691
8.692,-0.07708538220717559
8.696,-0.0420752402714919
8.700000000000001,-0.025092897851537135
8.704,-0.041941277978274905
8.708,-0.044168100299561155
8.712,-0.005041302745803378
8.716,-0.03727026930555332
8.72,-0.012869009245004726
8.724,-0.030671742814648163
8.728,-0.06226823268962328
8.732,-0.051860054804605704
8.736,-0.03901567027917616
8.74,-0.026281420318372984
8.744,-0.04834749620240338
8.748,-0.060099564105201515
8.752,-0.05180582878992243
8.756,-0.041637292866488713
8.76,-0.04857199663579754
8.764,-0.04222965254719166
8.768,0.007010499365961161
8.772,-0.024321506212276515
8.776,-0.04594578697158412
8.78,-0.02947616412539133
8.784,0.002619225756856733
8.788,-0.015661311507712206
8.792,-0.03031092411488297
8.796,-0.05506261344732012
8.8,-0.06160212789098781
8.804,-0.034105311901475484
8.808,-0.029068106337417483
8.812,-0.059089522548900444
8.816,-0.05301324045027872
8.82,-0.026749815208681978
8.824,-0.069924160095372
8.828,-0.059704127844084035
8.832,-0.025908755333638588
8.836,-0.013292289473390409
8.84,-0.01777531722661828
8.844,-0.0038223196027876577
8.848,0.008128731244126105
8.852,-0.005105440005659462
8.856,-0.02799902676755904
8.86,0.02031163087949608
8.864,0.01176876233631427
8.868,-0.0027278652280542104
8.872,-0.03738306303834964
8.876,-0.012713053031916683
8.88,-0.062244875018099825
8.884,-0.026626328645818605
8.888,-0.0693793712632252
8.892,-0.027604374190021694
8.896,0.0017257100631370044
8.9,-0.018025316818348038
8.904,0.014329367022803467
8.908,-0.017609103212935212
8.912,-0.015156993595546338
8.916,-0.022837040378865258
8.92,-0.005735748367815529
8.924,-0.01665327096843003
8.928,0.008473167362963812
8.932,0.017108048168952446
8.936,-0.007284347698207417
8.94,-0.036840082001760574
8.944,-0.0027369999882353065
8.948,0.013602229718428378
8.952,-8.161569344833364e-05
8.956,-0.006847175864479656
8.96,0.006541638982615741
8.964,0.014501598440480054
8.968,-0.0637236793232446
8.972,0.01934082811124692
8.976,0.004840315022036586
8.98,-0.000604315397466455
8.984,-0.020953671059527328
8.988,-0.0048966274581220826
8.992,0.003145651871750345
8.996,-0.03831145438299465
9.0,0.006795278127883992
9.004,-0.006315906319574401
9.008000000000001,0.022129088101778854
9.012,0.0069799520948891774
9.016,-0.008974209938236112
9.02,-0.0022330566234582926
9.024000000000001,0.013875303051387735
9.028,0.012777448213823525
9.032,0.037664231666989165
9.036,0.042726000778348
9.040000000000001,0.0823026643381844
9.044,0.17280052233973478
9.048,0.2634640468722622
9.052,0.4138464913155996
9.056000000000001,0.5938889325714451
9.06,0.7134216032187283
9.064,0.858397189450913
9.068,0.9877538893493238
9.072000000000001,0.9879173007604055
9.076,0.9540738670390249
9.08,0.8247036528040971
9.084,0.6834319979647716
9.088000000000001,0.5380467241124423
9.092,0.42442456129410305
9.096,0.27201414571511223
9.1,0.13164146610792954
9.104000000000001,0.10617149287157181
9.108,0.07261461590942221
9.112,0.043005983219343
9.116,-0.008584692905443074
9.120000000000001,0.008179516790899462
9.124,0.049254477056375104
9.128,-0.012818056294037922
9.132,0.01242202212513394
9.136000000000001,-0.009052833097671624
9.14,-0.0191115686611657
9.144,-0.001929154370639191
9.148,0.0277225565537936
9.152000000000001,0.03071627369705069
9.156,-0.009689274666924482
9.16,-0.0011157152862669413
9.164,-0.00901700834636085
9.168000000000001,-0.032377943710272986
9.172,0.021709507090206442
9.176,0.04116036120696759
9.18,0.040425973035532886
9.184000000000001,0.0015080144743583428
9.188,0.037804889279653364
9.192,0.03349819064849056
9.196,0.005335525135384297
9.200000000000001,0.012399260230022538
9.204,0.005543918920119909
9.208,0.018117144852499913
9.212,0.05004101773339584
9.216000000000001,-0.004347317994637993
9.22,-0.009305458985314749
9.224,0.032450367762405535
9.228,0.016587322531469214
9.232,-0.022012741910142172
9.236,-0.004029771729037542
9.24,8.12726948068096e-05
9.244,0.004854625475089391
9.248,0.023875560998860634
9.252,0.037735589851137334
9.256,0.015012666476111707
9.26,0.02162256082319403
9.264,0.004151533122904717
9.268,0.039857717421106595
9.272,0.046707646993325025
9.276,0.01495616454861496
9.28,0.0058066120499433
9.284,0.0624533317439476
9.288,0.03995679820351553
9.292,0.003937802170978295
9.296,-0.011657034635452763
9.3,0.01668366253768138
9.304,0.04692333923111365
9.308,0.012441522665586393
9.312,0.01880021092857037
9.316,0.014238349293310956
9.32,0.03749178371752867
9.324,0.052751385849604024
9.328,3.260642637215386e-05
9.332,0.019822624794217106
9.336,0.021963448107142843
9.34,0.013870618960431506
9.344,0.0027685288553003506
9.348,0.043483133033102084
9.352,0.03054184248812886
9.356,0.042190349741517606
9.36,0.05846065973986908
9.364,0.02120176859522335
9.368,0.039695772310409966
9.372,0.021151332149746814
9.376,0.02779610939177123
9.38,0.03658081296611454
9.384,0.02700335635326094
9.388,0.00039195583579902313
9.392,0.06112824510753148
9.396,0.03431895056171258
9.4,0.008714752843947113
9.404,-0.012225012284723127
9.408,0.031822413379735
9.412,0.04571646511503398
9.416,0.05317705827149202
9.42,0.05566655707481698
9.424,0.025993053984985498
9.428,0.04685051559292227
9.432,0.0033812141606091306
9.436,0.037595197911321224
9.44,0.053225957883858296
9.444,0.022973908474385782
9.448,0.032281753338148034
9.452,0.03793619666034585
9.456,0.038880350046335665
9.46,0.06624156431240769
9.464,0.015089657370797451
9.468,0.06383611498669964
9.472,0.01231165567395624
9.476,0.024229480761547052
9.48,0.02234461711120981
9.484,0.03643313472632278
9.488,0.02853641372836064
9.492,0.04840252770359429
9.496,0.03925269268171118
9.5,0.08337592867916313
9.504,0.0472968856959839
9.508000000000001,0.034776570338594555
9.512,0.04759792966702238
9.516,0.05234282960828024
9.52,0.036821955443710044
9.524000000000001,0.018602390431478363
9.528,0.02502240199050887
9.532,0.044969091010275034
9.536,0.05835446736485959
9.540000000000001,0.051555649353013176
9.544,0.04042178523270815
9.548,0.0536976609562624
9.552,0.03278699050996013
9.556000000000001,0.04808009592930154
9.56,0.07156795386875338
9.564,0.06569831026673197
9.568,0.07071124872669501
9.572000000000001,0.036380115152339125
9.576,0.048097029154787675
9.58,0.024024023385332077
9.584,0.06282846316400195
9.588000000000001,0.0361435274123659
9.592,0.018452883234067876
9.596,0.03508929669622901
9.6,0.05032421644567597
9.604000000000001,0.0012661023785494607
9.608,0.017302834600340787
9.612,0.06559633048680935
9.616,0.047952290326640584
9.620000000000001,0.045308766206463624
9.624,0.014198578282491606
9.628,0.07829580200679512
9.632,0.06731364676884587
9.636000000000001,0.06099117831225287
9.64,0.024851887297633955
9.644,0.0588478774989956
9.648,0.07032746867482162
9.652000000000001,0.041062583920602594
9.656,0.04278463471802317
9.66,0.03845151021322997
9.664,0.06006730339704292
9.668000000000001,0.04349832726098452
9.672,0.04202177081211357
9.676,0.019428529949980736
9.68,0.015399328058153756
9.684000000000001,0.06754404383388898
9.688,0.08041480484319191
9.692,0.0663445058969443
9.696,0.07754630054215053
9.700000000000001,0.03849575613858436
9.704,0.04842158161594877
9.708,0.05698513872877597
9.712,0.04632698760147332
9.716000000000001,0.0831475281173905
9.72,0.023300348978041875
9.724,0.038478243551877275
9.728,0.0430552977222876
9.732,0.03598753403650043
9.736,0.06711185921066137
9.74,0.010405643905596257
9.744,0.0731601705450457
9.748,0.06860062581304636
9.752,0.05693358220378351
9.756,0.07861868132485264
9.76,0.09774683294121099
9.764,0.054520604203190944
9.768,0.06555780390954966
9.772,0.05889792053185872
9.776,0.0615708837543833
9.78,0.04111082050620324
9.784,0.03690105506572605
9.788,0.06354846906589186
9.792,0.0410114572695975
9.796,0.07013545537378511
9.8,0.06750639776233396
9.804,0.042719528174509205
9.808,0.05897246410722463
9.812,0.05331640545018284
9.816,0.0490457221367889
9.82,0.07449587788694992
9.824,0.0526874847106553
9.828,0.05657981488914347
9.832,0.013166691129911132
9.836,0.06390859865018776
9.84,0.023217551380007567
9.844,0.044270516446530545
9.848,0.08416603323698854
9.852,0.08768016469310289
9.856,0.04422292366865274
9.86,0.026920934802507825
9.864,0.06008472685212073
9.868,0.044329216729484804
9.872,0.05957756025294369
9.876,0.027226179098048506
9.88,0.07960106260708996
9.884,0.09496919236101942
9.888,0.04877726754294391
9.892,0.08765209908277095
9.896,0.1325830119001836
9.9,0.22943752368499784
9.904,0.27385794907603794
9.908,0.44633363716780805
9.912,0.5903088247087765
9.916,0.7396288815020657
9.92,0.9149807519628169
9.924,0.9671556000662623
9.928,1.0233529587460235
9.932,1.009941206595822
9.936,0.9500758517135235
9.94,0.7923602698125874
9.944,0.6237921268892259
9.948,0.49290445671835936
9.952,0.33670387287221465
9.956,0.22595319278454876
9.96,0.15616672155820455
9.964,0.11901039052980614
9.968,0.13614663691495457
9.972,0.04398633088403142
9.976,0.0628035984402987
9.98,0.050128705599714996
9.984,0.04622946544820905
9.988,0.08099223980400586
9.992,0.06575517646038163
9.996,0.06351577021917602
10.0,0.04092427981900362
10.004,0.03292870622407327
10.008000000000001,0.055623260219868804
10.012,0.043911792762340286
10.016,0.038040932686140505
10.02,0.06277874737608383
10.024000000000001,0.02515847785820779
10.028,0.034593686818266856
10.032,0.06471990232341056
10.036,0.047203436243209045
10.040000000000001,0.06203072680635255
10.044,0.03151782195463286
10.048,0.06247118928286125
10.052,0.034078375498682124
10.056000000000001,0.07519155471556002
10.06,0.06376599130394707
10.064,0.0570722562519693
10.068,0.07831244625572678
10.072000000000001,0.05445613516899304
10.076,0.03468741196353517
10.08,0.07816347155863762
10.084,0.0538808019856955
10.088000000000001,0.0711405037147908
10.092,0.04965294344425631
10.096,0.06965413543392347
10.1,0.02895522232546407
10.104000000000001,0.020795916979050477
10.108,0.01780065386072846
10.112,0.06085266659148864
10.116,0.006206796784132461
10.120000000000001,0.00965260527196242
10.124,0.016715340417290676
10.128,0.0494821555981823
10.132,0.05336429935787998
10.136000000000001,0.028129595680169827
10.14,0.05992415010877555
10.144,0.050353361788307696
10.148,0.06792490432364019
10.152000000000001,0.06237538924535051
10.156,0.029510330228667052
10.16,0.047035662132285244
10.164,0.03952281344595876
10.168000000000001,0.05179883335288999
10.172,0.04638990659029066
10.176,0.04259156694298941
10.18,0.05604705164009491
10.184000000000001,0.042816135618140266
10.188,0.05598199323711398
10.192,0.04177470897921931
10.196,0.037663222056818164
10.200000000000001,0.05895673163347784
10.204,0.0593005420620708
10.208,0.06475815427361387
10.212,0.052302636400741745
10.216000000000001,0.03521762949170753
10.22,0.04295845782723083
10.224,0.04202057806793942
10.228,0.0034943935579949334
10.232000000000001,0.015874797113801294
10.236,0.06843423222577724
10.24,0.0365093022154915
10.244,-0.01952938673385908
10.248,0.03471138858565155
10.252,0.03997890094145474
10.256,0.011936859407025595
10.26,0.08155749207560385
10.264,0.058286030306745014
10.268,0.0517005348177666
10.272,0.03140372410742623
10.276,0.04446584094749594
10.28,0.051345889634266714
10.284,0.04369432998894615
10.288,0.02049996110698451
10.292,0.037303845529146215
10.296,0.035809338602264845
10.3,0.03864421661195663
10.304,0.011700159479813434
10.308,0.03735218124030046
10.312,0.03179443874303199
10.316,0.036081819027461486
10.32,0.03502545834779744
10.324,0.0019449828846719412
10.328,0.04733840427542141
10.332,0.0448217017947199
10.336,0.002749185388830882
10.34,0.027249529959110157
10.344,0.011785235629075706
10.348,0.019335716640191507
10.352,0.047975130000059145
10.356,0.038166654064117
10.36,0.06669101072804501
10.364,0.028616303779969328
10.368,0.004062086670894988
10.372,0.028247208354099235
10.376,-0.023145209777481038
10.38,0.060647836355225346
10.384,0.029900179644647883
10.388,0.03316976175001929
10.392,0.026863797409057817
10.396,0.006421202074472531
10.4,0.02059274917783337
10.404,0.006907084195939427
10.408,0.011920147068790235
10.412,0.028244464551048308
10.416,-0.0028319488722136806
10.42,0.053432030093292116
10.424,-0.000994856065027576
10.428,0.036366096952554786
10.432,0.0066207178567656184
10.436,-0.005892341292832601
10.44,0.026070021900840984
10.444,0.021234231838418896
10.448,0.012948627990750257
10.452,0.01579830971639362
10.456,0.004080430252468075
10.46,0.02449342305273551
10.464,0.0059670379506818055
10.468,0.015502409859864901
10.472,0.036743439411285564
10.476,-0.012174146328001798
10.48,0.002353572831134163
10.484,-0.00020206675988356654
10.488,-0.003070685272765437
10.492,-0.014488972752677064
10.496,0.006417498852674073
10.5,0.014436471031715177
10.504,0.008713087488643568
10.508000000000001,-0.02125424839440867
10.512,0.0235847150066295
10.516,0.023653943134806038
10.52,0.010622286353143948
10.524000000000001,-0.011109394218412892
10.528,-0.008697959476782195
10.532,0.046613005133834276
10.536,0.04169740584387405
10.540000000000001,0.01647265376757356
10.544,-0.011543393816961466
10.548,0.03124462289679217
10.552,0.009254755754567193
10.556000000000001,0.03860274098393355
10.56,-0.006513328380029363
10.564,0.013778366371767018
10.568,-0.00013021694586658108
10.572000000000001,0.018569254900478775
10.576,-0.009402029313966944
10.58,0.02102715818569526
10.584,-0.00529292582899412
10.588000000000001,-0.015749472864021292
10.592,0.012827668237454836
10.596,0.0057745076588916365
10.6,-0.04133099353598889
10.604000000000001,-0.0005527236352500623
10.608,0.0018854891171944642
10.612,0.003131774808878315
10.616,0.039712465773579265
10.620000000000001,-0.01419655108108673
10.624,-0.0021490153938727476
10.628,-0.0360279351275699
10.632,-0.031638154861368256
10.636000000000001,-0.014462022632401997
10.64,-0.006101319847487477
10.644,-0.007844256665594147
10.648,0.008319739750180757
10.652000000000001,0.0098134910716388
10.656,0.014922726515975888
10.66,-0.008840542230663256
10.664,0.0037971947331395424
10.668000000000001,-0.020691483878588084
10.672,0.00036970050709909334
10.676,0.0023588646934689875
10.68,-0.017636185611259906
10.684000000000001,-0.0721644221038173
10.688,-0.021465076434155347
10.692,0.04243431408148056
10.696,-0.011239760016902718
10.700000000000001,-0.02241951775609554
10.704,-0.007989557386397797
10.708,0.01170200600126593
10.712,-0.0042663000436065565
10.716000000000001,-0.015423896407859305
10.72,-0.03725799138175471
10.724,-0.017856194377989607
10.728,-0.03577801760297319
10.732000000000001,-0.004268719041697726
10.736,0.020820436681983922
10.74,0.01687980456517315
10.744,-0.005067920963475619
10.748000000000001,0.008179716364831807
10.752,0.037233935646294694
10.756,0.1340213455662373
10.76,0.22564583569396485
10.764,0.35029035499980016
10.768,0.4880997446202728
10.772,0.6172611512021738
10.776,0.7550768535941023
10.78,0.93446606738355
10.784,0.9585562466561434
10.788,1.0077325468589864
10.792,0.8548094591662644
10.796,0.7490142569826116
10.8,0.5968996764087554
10.804,0.46073875474247816
10.808,0.32431344152824204
10.812,0.18334323041333844
10.816,0.12077791100866112
10.82,0.02560892152915005
10.824,0.0063370587069031155
10.828,-0.027949046329629863
10.832,-0.025487455263252617
10.836,-0.03248752325995977
10.84,-0.016186144527889697
10.844,0.04516181497089944
10.848,-0.0516317150508906
10.852,-0.02879836395090507
10.856,-0.011501735041134949
10.86,-0.02412973738841211
10.864,0.0024280812749376303
10.868,-0.0467010111727876
10.872,-0.011132895595208983
10.876,-0.042622357633987154
10.88,-0.010973623338220044
10.884,-0.024345517687449053
10.888,-0.02308290286982021
10.892,-0.04009423289342859
10.896,-0.06564223287305924
10.9,-0.051110542055051805
10.904,-0.01524838273792331
10.908,-0.034984216038698154
10.912,-0.015341613746565235
10.916,-0.05684150522921145
10.92,-0.017933182672676393
10.924,-0.010923493573431493
10.928,-0.07552444632359814
10.932,-0.02528267219782268
10.936,0.006742400888845652
10.94,-0.04740527901453937
10.944,-0.012682318251213107
10.948,-0.032119456053108376
10.952,-0.016159134442325782
10.956,-0.04123793749251273
10.96,-0.04931243409876854
10.964,-0.04267023386327182
10.968,-0.04169076190578559
10.972,-0.0464794998393061
10.976,-0.052579079611914645
10.98,-0.01325351575554019
10.984,-0.04719979656557963
10.988,-0.059988788539025575
10.992,-0.05488485603683349
10.996,-0.026701578464170928
11.0,-0.08126959772183706
11.004,-0.02704719334476605
11.008000000000001,-0.023012979165097407
11.012,-0.012040885762189698
11.016,-0.04663189918097883
11.02,-0.054485332389321114
11.024000000000001,-0.034862903043759656
11.028,-0.035793614727520934
11.032,-0.012616093484156252
11.036,-0.03801791537846153
11.040000000000001,-0.047863363929653624
11.044,-0.06622905080903824
11.048,-0.04402605126566668
11.052,-0.03859644075475317
11.056000000000001,-0.01674366157854061
11.06,-0.03845063637306896
11.064,-0.01384193064536578
11.068,-0.016241155688660778
11.072000000000001,-0.056577844654772586
11.076,-0.06426425803458946
11.08,-0.05439851544859409
11.084,-0.04661988028809307
11.088000000000001,-0.05830534886208533
11.092,-0.028386518859635015
11.096,-0.02909685050902123
11.1,-0.018647577895315005
11.104000000000001,-0.03742465519829864
11.108,-0.05193428393627082
11.112,-0.035243062246186105
11.116,-0.061792715606906204
11.120000000000001,-0.04084124375300008
11.124,-0.059208782005458545
11.128,-0.02107697210977768
11.132,-0.09763000535347482
11.136000000000001,-0.02763169963713323
11.14,-0.02708637343289136
11.144,-0.04575163778422863
11.148,-0.03835272388977096
11.152000000000001,-0.04118404654926316
11.156,-0.019563145315440792
11.16,-0.012534856287477886
11.164,-0.045570210849830775
11.168000000000001,-0.013267172963123297
11.172,-0.05896609698383511
11.176,-0.03795321699632834
11.18,-0.037667651073921844
11.184000000000001,-0.07178881523362952
11.188,-0.04017059240262463
11.192,-0.06020498209872675
11.196,-0.03111986351956438
11.200000000000001,-0.06491301256597028
11.204,-0.08276030237346518
11.208,-0.07342229455807495
11.212,-0.04711894706546479
11.216000000000001,-0.0414566819914162
11.22,-0.04099330901237379
11.224,-0.06316900096182498
11.228,-0.03227768149342401
11.232000000000001,-0.05913101553961786
11.236,-0.052677864413838996
11.24,-0.028765553976476572
11.244,-0.05169255806184778
11.248000000000001,-0.08614316842723799
11.252,-0.03441093887488557
11.256,-0.04876415668330764
11.26,-0.05658478776165314
11.264,-0.023189065264938302
11.268,-0.061608771064823625
11.272,-0.03607566811815754
11.276,-0.04649403419253174
11.28,0.0026687269285710913
11.284,-0.08532857111920342
11.288,-0.045498936047089274
11.292,-0.04255025567358181
11.296,-0.027572134879679796
11.3,-0.05801515270802185
11.304,-0.06234153124454321
11.308,-0.02190645099794716
11.312,-0.058263700500888145
11.316,-0.04420847423448111
11.32,-0.05086790010757748
11.324,-0.04221974156684686
11.328,-0.0768388016198644
11.332,-0.06077530921448266
11.336,-0.05107108846264628
11.34,-0.04783745966803852
11.344,-0.02808452289692826
11.348,-0.039850002752091045
11.352,-0.038534572645189065
11.356,-0.05117052475040819
11.36,-0.024910116218926005
11.364,-0.06218972088161728
11.368,-0.05197033270541507
11.372,-0.07978752053820534
11.376,-0.07101853213337948
11.38,-0.03305884629464448
11.384,-0.050981464762810146
11.388,-0.08707826029662363
11.392,-0.05086620568897193
11.396,-0.05469817257753238
11.4,-0.07263702194830814
11.404,-0.04325874731678176
11.408,-0.05529145208061214
11.412,-0.04968222569803778
11.416,-0.030985219016258343
11.42,-0.062103673214220854
11.424,-0.02821916216417608
11.428,-0.05506496992095431
11.432,-0.05477678155046683
11.436,-0.02383192924429042
11.44,-0.041947843195547355
11.444,-0.05756110923772642
11.448,-0.051755877342777395
11.452,-0.04502422885457215
11.456,-0.07827476968039554
11.46,-0.03585052748337219
11.464,-0.04916240743712489
11.468,-0.07483641082052374
11.472,-0.06775209607092786
11.476,-0.03153958136681021
11.48,-0.07397878193795282
11.484,-0.005732103560010381
11.488,-0.06986207546410012
11.492,-0.04432261213792216
11.496,-0.09935142771511875
11.5,-0.04968351434018262
11.504,-0.05859451945000271
11.508000000000001,-0.03842112097660099
11.512,-0.04411799350012274
11.516,-0.054549679490629596
11.52,-0.004810541237092465
11.524000000000001,-0.032265271951908356
11.528,-0.06219102054379344
11.532,-0.040478411715215185
11.536,-0.10499693966824791
11.540000000000001,-0.05890454511992959
11.544,-0.022273580154910964
11.548,-0.05811496204492815
11.552,-0.043992301722200054
11.556000000000001,-0.06979444983660282
11.56,-0.03091249576151198
11.564,-0.04412477248525261
11.568,-0.04633382052953938
11.572000000000001,-0.027471653386895004
11.576,-0.013241250859628677
11.58,-0.029749444469506416
11.584,-0.07986840127134791
11.588000000000001,-0.036361068285333545
11.592,-0.03692414050516007
11.596,-0.060509536036025255
11.6,-0.06044989138705388
11.604000000000001,-0.018153345222920995
11.608,0.016488955751361327
11.612,0.07463071783748709
11.616,0.1422771598504076
11.620000000000001,0.2721156862302974
11.624,0.4156367355763617
11.628,0.5627277096973806
11.632,0.7336321346358388
11.636000000000001,0.8456565909298276
11.64,0.907405556619476
11.644,0.9539893321366273
11.648,0.9177642225129122
11.652000000000001,0.8418939891351143
11.656,0.5964143823246845
11.66,0.46828274564377914
11.664,0.3109807481714037
11.668000000000001,0.20921017580711584
11.672,0.09259932759734266
11.676,0.04850173408239057
11.68,0.025564982497852686
11.684000000000001,-0.032296604998288334
11.688,-0.03095556946782246
11.692,-0.0030186865055150773
11.696,-0.02016197680992063
11.700000000000001,-0.0711295504155503
11.704,0.0025319279391834842
11.708,-0.05243321338313018
11.712,-0.03251005987979963
11.716000000000001,-0.04657674817041372
11.72,-0.04711849977448647
11.724,-0.051595890109982695
11.728,-0.025030634196250855
11.732000000000001,-0.052632137450597916
11.736,-0.06202480137494872
11.74,-0.047928039556228395
11.744,-0.0362570637019004
11.748000000000001,-0.0760529944777455
11.752,-0.019776750527193722
11.756,-0.04967650067232864
11.76,-0.020557798570981622
11.764000000000001,-0.0070681721004268935
11.768,-0.02810011768684796
11.772,-0.023379245844026675
11.776,-0.04275868097727635
11.78,-0.046837655048088477
11.784,-0.0710095465497329
11.788,-0.03664457585229822
11.792,-0.043379754047352115
11.796,-0.0794802765288249
11.8,-0.026348570356963294
11.804,-0.0011223888790560105
11.808,-0.023093625595953616
11.812,-0.0075701030700480315
11.816,-0.03584230545901013
11.82,-0.05044718815035157
11.824,-0.02849363268724683
11.828,-0.03636364072026119
11.832,-0.051800614545436274
11.836,-0.008120569332762482
11.84,-0.025018063272784184
11.844,-0.04115744015691153
11.848,-0.02377656461795205
11.852,-0.030304391313717583
11.856,-0.014617810115450082
11.86,0.005296764727632904
11.864,-0.03860748428546746
11.868,-0.049736945353737544
11.872,0.0020610885513142226
11.876,0.02275899280015773
11.88,-0.03693989473190862
11.884,-0.04259996990117354
11.888,-0.04798887782752823
11.892,-0.023789414085312925
11.896,-0.021105238846400434
11.9,-0.02809026205231126
11.904,-0.005748602393036154
11.908,-0.038442801479670365
11.912,-0.03360361158895834
11.916,-0.046412126676537845
11.92,0.006759649341986262
11.924,0.000930520698880808
11.928,0.005948846879663024
11.932,-0.036611574637708505
11.936,0.007364051638791117
11.94,-0.013159868189207304
11.944,-0.004214746669180943
11.948,-0.006572587710238664
11.952,-0.024146844548317746
11.956,-0.020712303205275374
11.96,-0.04767679043089609
11.964,-0.02748582936455991
11.968,-0.020668021580623395
11.972,-0.03880853984422511
11.976,-0.013361121430293514
11.98,0.010597594267546511
11.984,-0.024359898780079596
11.988,-0.03337291986619623
11.992,-0.030729046416993346
11.996,-0.009535647290869781
12.0,0.02197128427990945
12.004,-0.009187210951217547
12.008000000000001,-0.010959733685548697
12.012,-0.036433500321927145
12.016,-0.004614775196859699
12.02,0.0016650240576729404
12.024000000000001,-0.018516063654286007
12.028,-0.010551282965501065
12.032,-0.022789722148753213
12.036,0.005469308601625216
12.040000000000001,0.01786074121968368
12.044,-0.0008345292620588109
12.048,0.002172254360163624
12.052,-0.006501862224660814
12.056000000000001,-0.01994137340062377
12.06,-0.022136161188553802
12.064,-0.01438100547204601
12.068,-0.0035916956766652245
12.072000000000001,-0.00560863921803398
12.076,0.01512833055005881
12.08,0.010107386330023487
12.084,0.025403220676085605
12.088000000000001,0.011661057224068317
12.092,-0.00824068895276895
12.096,-0.0010400515660560377
12.1,-0.0349038270655016
12.104000000000001,0.031130046394058117
12.108,-0.013315177966088153
12.112,-0.009420200295692622
12.116,0.035427379763540164
12.120000000000001,-0.021830545265159665
12.124,-0.012336543197388321
12.128,-0.0008657436024969538
12.132,-0.010754948740321948
12.136000000000001,0.0030336093472998777
12.14,0.006558043701940514
12.144,0.014738368682696401
12.148,0.0003739558053419555
12.152000000000001,0.016754948673363444
12.156,-0.0032786848453262934
12.16,0.015919712165402087
12.164,0.02762067230848937
12.168000000000001,-0.029829571132973326
12.172,0.00056326512664737
12.176,0.009039455398690267
12.18,-0.031742614644516796
12.184000000000001,-0.05451813799646446
12.188,0.012916711763401674
12.192,-0.005750856030682948
12.196,0.0231283390614307
12.200000000000001,0.007731375816770832
12.204,0.008081601857243432
12.208,0.0017768619516648747
12.212,0.011195018114558678
12.216000000000001,-0.008476958905154295
12.22,-0.0002548782288391716
12.224,0.026018209637454374
12.228,0.00574192348300099
12.232000000000001,0.0212530638333149
12.236,0.011400819980582275
12.24,0.00525418599130664
12.244,-0.006836506190958238
12.248000000000001,0.029545052212579373
12.252,-0.0033201668378790797
12.256,0.021026402261962483
12.26,-0.01696950137589425
12.264000000000001,0.01977641274481659
12.268,0.022427369064500914
12.272,0.0024656136809688024
12.276,-0.0166107713270109
12.280000000000001,0.012830079255090613
12.284,0.018391268804493342
12.288,0.006334764871616626
12.292,0.003662515649918211
12.296,0.03559098852265515
12.3,0.01567210157641339
12.304,0.010001180037267205
12.308,0.0354596112968462
12.312,0.018660519133362228
12.316,0.005545831815790084
12.32,0.03710795761797688
12.324,0.01303307629182495
12.328,0.038931168498598845
12.332,0.007567994279100619
12.336,0.0277307513352693
12.34,0.046231463983043244
12.344,0.03112118391637184
12.348,0.03238317967810976
12.352,0.03172314816857957
12.356,0.04020821622325857
12.36,0.025189262615916762
12.364,0.03281270147985984
12.368,0.019763627358370596
12.372,0.06292637952153549
12.376,0.007659806041017403
12.38,0.041730092220538584
12.384,0.006315087439126097
12.388,0.03676061366783147
12.392,0.052482338218711955
12.396,0.005146844008579791
12.4,0.06192123025742552
12.404,0.008483730893569602
12.408,0.011599663609249897
12.412,0.03456620691588439
12.416,0.006773735484644581
12.42,0.048223217660853954
12.424,0.03889828192120854
12.428,-0.024276523934499427
12.432,0.0016935393790595173
12.436,0.015989597861394353
12.44,0.039058676637025
12.444,0.010562814578540192
12.448,0.019287733974101273
12.452,0.04963883191783379
12.456,0.025632168611714218
12.46,0.06645223344291451
12.464,0.061494822189908614
12.468,0.15516905268494843
12.472,0.23614427074822514
12.476,0.28860913815815836
12.48,0.39794902470359067
12.484,0.5667426698986248
12.488,0.7792263559741435
12.492,0.8905103653388142
12.496,1.0204448279185863
12.5,1.008494333336767
12.504,0.9816780726016765
12.508000000000001,0.9005152782795192
12.512,0.7829628098135801
12.516,0.5978446284784803
12.52,0.42707288311686625
12.524000000000001,0.3204867043321196
12.528,0.21362181023482502
12.532,0.1497159778305477
12.536,0.08997144351203269
12.540000000000001,0.05387818337787163
12.544,0.05182344080309468
12.548,-0.004781559947378916
12.552,0.046127732254268396
12.556000000000001,0.06386647801935597
12.56,0.05015029538904768
12.564,0.02049493667895444
12.568,0.009190618030152274
12.572000000000001,0.06564503595606665
12.576,0.029855182997667533
12.58,0.035983616089621175
12.584,0.04479285242551734
12.588000000000001,0.0289320337480165
12.592,0.041643329549753354
12.596,0.07068950482843951
12.6,0.03150423990367716
12.604000000000001,0.07940306951776699
12.608,0.04932955201217212
12.612,0.04829394160374519
12.616,0.06089484440211013
12.620000000000001,0.06061830738873866
12.624,0.0634764042089296
12.628,0.05386887093428473
12.632,0.0315776884666361
12.636000000000001,0.0754572795319371
12.64,0.04052126606922697
12.644,0.02722345599006463
12.648,0.06159208703864433
12.652000000000001,0.056917425087240306
12.656,0.043676533453599425
12.66,0.045933345151745214
12.664,0.05617111674102129
12.668000000000001,0.08286014531142032
12.672,0.04352698961976767
12.676,0.02029811708258346
12.68,0.03412333901257911
12.684000000000001,0.05558317164313692
12.688,0.0416970864475179
12.692,0.032706026347674916
12.696,0.06037146353072169
12.700000000000001,0.060685344948366526
12.704,0.042247751256254414
12.708,0.052028265158992476
12.712,0.03398003706915056
12.716000000000001,0.03465448299497329
12.72,0.04007103988860476
12.724,0.020062589723173062
12.728,0.053701518954929674
12.732000000000001,0.04557169972438511
12.736,0.03721175481283893
12.74,0.049378321181964537
12.744,0.05001163427653975
12.748000000000001,0.032760933103711525
12.752,0.03584625971592108
12.756,0.03191825164114606
12.76,0.07430360757773873
12.764000000000001,0.014543127813447458
12.768,0.04613411236664525
12.772,0.06425275168015344
12.776,0.026427141741626862
12.780000000000001,0.028870880012964794
12.784,0.02850318886317633
12.788,0.012205616581801013
12.792,0.07098996849268865
12.796000000000001,0.04274621793074097
12.8,0.025498880954944656
12.804,0.034659531948050847
12.808,0.050522506347058085
12.812,0.0405200604610384
12.816,0.029296870468428226
12.82,0.056929753907582176
12.824,0.02939385076206526
12.828,0.03909750666062446
12.832,0.050278122507633076
12.836,0.03253057352868897
12.84,0.04840398641799039
12.844,0.03419558154513008
12.848,0.09952111821541595
12.852,0.03875463758080091
12.856,0.0604144779481501
12.86,0.02988024726047419
12.864,0.024665673545112118
12.868,0.04428574224547429
12.872,0.039882872055332884
12.876,0.03996156332197864
12.88,0.046010463096651744
12.884,0.06408483728912275
12.888,0.08437943372051737
12.892,0.08641406278186065
12.896,0.04765695583137951
12.9,0.08262090194418914
12.904,0.07998616985669649
12.908,0.033868307284843885
12.912,0.03656791463218664
12.916,0.04405420418602555
12.92,0.08472084580727877
12.924,0.043011233297751555
12.928,0.04096061232242702
12.932,0.07305817450199972
12.936,0.04196241712779079
12.94,0.04240052894975485
12.944,0.057157702594868416
12.948,0.048672700407568506
12.952,-0.002667676153434141
12.956,0.020318060929053174
12.96,0.058853320851707025
12.964,0.016423150876844733
12.968,0.0689322212135497
12.972,0.04317116271990551
12.976,0.04948075735987659
12.98,0.04994658894180795
12.984,0.008773479810211204
12.988,0.030096851134237827
12.992,0.02328765351802492
12.996,0.048715599333484114
13.0,0.07408929658926962
13.004,0.03933475404768023
13.008000000000001,0.04509770377590922
13.012,0.004946531366175663
13.016,0.03607465064916755
13.02,0.03856915019703618
13.024000000000001,0.03954837142934049
13.028,0.05499375150987519
13.032,0.07078550400665236
13.036,0.04260086831986043
13.040000000000001,0.050569068424835495
13.044,0.011789059138087248
13.048,0.05453824087308539
13.052,0.043070601492737455
13.056000000000001,0.007642703273404529
13.06,0.04879695808810464
13.064,0.02894896242570065
13.068,0.0618439173753003
13.072000000000001,0.05077335415439632
13.076,0.04316684984626585
13.08,0.07535669882129112
13.084,0.038061077941027685
13.088000000000001,0.03495149681221898
13.092,0.04160198380569266
13.096,0.04310410479385567
13.1,0.02377539489229208
13.104000000000001,0.05179563689806849
13.108,0.048698541730290916
13.112,0.029795016046368125
13.116,0.009188574273182475
13.120000000000001,0.06384070467629845
13.124,0.06593076798881098
13.128,0.05766048802106287
13.132,0.05933598576274234
13.136000000000001,0.07536766972105041
13.14,0.04637753099556949
13.144,0.07209519355917954
13.148,0.03684488171269315
13.152000000000001,0.02247764731881632
13.156,0.03994893945114045
13.16,0.033312946677610256
13.164,0.04913944182776893
13.168000000000001,0.07521800975373377
13.172,0.04742462623778508
13.176,0.059712499701261475
13.18,0.08102424647626735
13.184000000000001,0.0742812399422216
13.188,0.0402329087307987
13.192,0.02488503945266377
13.196,0.08024146450585064
13.200000000000001,0.016451976086295006
13.204,0.0013831653399716884
13.208,-0.002339018106287699
13.212,0.060368539999801726
13.216000000000001,0.007570303098676685
13.22,0.03152255900679761
13.224,0.0337315151641093
13.228,0.06202229088539581
13.232000000000001,0.008498468617925803
13.236,0.03656796312833808
13.24,0.04126850166288411
13.244,0.0630530132410249
13.248000000000001,0.029952380540135104
13.252,0.03987105721065798
13.256,0.028620911641948507
13.26,0.05565772879007849
13.264000000000001,0.052410311671828504
13.268,0.025636260281550638
13.272,0.04399641498447543
13.276,0.0032875142332761467
13.280000000000001,0.03387284496005397
13.284,0.01459649517743001
13.288,0.023678672025216188
13.292,0.05184875474309472
13.296000000000001,0.07448164359526224
13.3,0.035940217733602314
13.304,0.029915008323064086
13.308,0.028534141271274658
13.312000000000001,0.05597620005133377
13.316,0.04959113539538641
13.32,0.09577808162357934
13.324,0.14704218041109327
13.328,0.19294816624308447
13.332,0.2663686051132902
13.336,0.41386901703266665
13.34,0.5346835197567789
13.344,0.6738307537864441
13.348,0.8806056356000181
13.352,1.0082143778860364
13.356,1.050196941753156
13.36,1.0011793273307306
13.364,0.8592302594503325
13.368,0.78051428734739
13.372,0.6499179873381641
13.376,0.47069029718701455
13.38,0.3653900764854218
13.384,0.2091390745846366
13.388,0.15408399988192562
13.392,0.09496869499717821
13.396,0.0629643536840505
13.4,0.01131888291654047
13.404,0.027677367199999216
13.408,0.030189626056109836
13.412,0.014589834160022018
13.416,-0.004782677717047202
13.42,0.010958830261047327
13.424,0.0010670339841790943
13.428,0.026695936189638697
13.432,0.03872969091686565
13.436,0.02550928182268413
13.44,0.025953504212261058
13.444,0.014569068648916803
13.448,0.02161848472438877
13.452,-0.021643066507511934
13.456,0.01844208760755088
13.46,0.03433403219127931
13.464,0.00559519935861472
13.468,0.02963948949302539
13.472,-0.014793547336905449
13.476,0.01587182079687129
13.48,0.01076740930767224
13.484,0.02345372049147127
13.488,0.016637384831693153
13.492,0.05789270031372393
13.496,-0.05085621434158216
13.5,-0.01657338322071435
13.504,-0.0014347348006008495
13.508000000000001,0.013584350797165672
13.512,-0.0016912633590652534
13.516,-0.0026900326342999843
13.52,-0.02115164767410419
13.524000000000001,-0.017220319030999912
13.528,-0.007856567748915577
13.532,0.03967148062672609
13.536,-0.007489006758238045
13.540000000000001,0.06374863342568453
13.544,0.029381856584914275
13.548,0.001803468363663143
13.552,0.02358536966018869
13.556000000000001,0.027319719520962845
13.56,-0.01769540165788573
13.564,-0.026616419955267746
13.568,0.0350515547447654
13.572000000000001,-0.014096294777288524
13.576,0.022180433689416364
13.58,0.018034407647479857
13.584,-0.029623017060566352
13.588000000000001,0.01654919868671898
13.592,0.01446714037275948
13.596,0.02850981851272434
13.6,0.00164791353192177
13.604000000000001,0.01107670076130737
13.608,0.009114187223587016
13.612,-0.003626257626057227
13.616,0.03361002117634134
13.620000000000001,0.01971584491428164
13.624,0.030764606009032986
13.628,0.0065940748919813014
13.632,0.02244831264017131
13.636000000000001,-0.020545788211290987
13.64,-0.01429940465630808
13.644,0.017904742321848768
13.648,-0.007219375087909983
13.652000000000001,-0.011021299136069133
13.656,-0.0002890656906997353
13.66,-0.03568402376275533
13.664,-0.0009449439748112755
13.668000000000001,0.005113712512885608
13.672,-0.011587206789035596
13.676,-0.028129798136251005
13.68,0.029236959168650403
13.684000000000001,0.0021679646818196724
13.688,-0.027403484060570586
13.692,-0.019055060237562635
13.696,-0.040127229895444684
13.700000000000001,-0.043033245432979005
13.704,-0.04688551338697307
13.708,-0.0256437493479117
13.712,-0.0008065908176479028
13.716000000000001,0.005165775021631281
13.72,-0.012406009454422056
13.724,0.010019714848120026
13.728,0.0005034608762887402
13.732000000000001,-0.03441065035469338
13.736,-0.028663526752043866
13.74,-0.006398309565520241
13.744,0.0011601259981837801
13.748000000000001,0.00887692691725493
13.752,-0.04094564202331485
13.756,-0.05277628011489127
13.76,0.026463994180395224
13.764000000000001,-0.02006242880406767
13.768,0.005241323829151597
13.772,-0.014486609862047986
13.776,-0.043335691455163465
13.780000000000001,0.012219280239023512
13.784,-0.0068648599182357314
13.788,0.013056309755629467
13.792,-0.00481989133044077
13.796000000000001,-0.03722236363611897
13.8,-0.01849359551264012
13.804,0.001963438991527216
13.808,-0.03233626178823718
13.812000000000001,-0.01503857551964916
13.816,0.0041854372904706165
13.82,-0.044386181084912074
13.824,-0.027385029156844567
13.828,-0.01674481066521616
13.832,-0.001372790820450196
13.836,-0.022891024950854624
13.84,-0.03573128078198709
13.844,-0.010429561431041071
13.848,-0.03432156947253534
13.852,-0.014010227477519212
13.856,-0.015585598070047488
13.86,-0.027075324368208833
13.864,-0.006267711403274177
13.868,-0.00014590457978357063
13.872,-0.05041162509495846
13.876,-0.014094509561289784
13.88,-0.0282028839845088
13.884,-0.03127224640272415
13.888,-0.023864215732225504
13.892,-0.0022880600973548444
13.896,-0.029180101240600477
13.9,-0.033040146106952335
13.904,-0.052061698646128765
13.908,-0.03057245013560555
13.912,-0.02756566158067189
13.916,-0.04700825020646365
13.92,-0.034292424087746735
13.924,-0.018915508932106515
13.928,-0.00095810565776034
13.932,-0.03479711259826011
13.936,0.010583426722548184
13.94,-0.009679807584714161
13.944,-0.01254216931186665
13.948,-0.018324177400147183
13.952,-0.028448550335423838
13.956,-0.04329273680732782
13.96,-0.0323129493525215
13.964,-0.030032943900377418
13.968,-0.0282858962169547
13.972,-0.0009356708338318954
13.976,0.008051274105956338
13.98,-0.021497183404945608
13.984,-0.01248466463339934
13.988,-0.04654670153342651
13.992,-0.07276996498857391
13.996,-0.03531661920630976
14.0,-0.02861821448761022
14.004,-0.005768623837785116
14.008000000000001,0.014309613127564708
14.012,-0.029029456062410343
14.016,-0.008493887395559275
14.02,-0.012611188721207551
14.024000000000001,-0.030797084512864423
14.028,-0.01880823111855738
14.032,-0.027934971446552322
14.036,-0.0048071430613606594
14.040000000000001,-0.057239007260847116
14.044,-0.08273446822285797
14.048,-0.03394908124244304
14.052,-0.018362480405366508
14.056000000000001,-0.016072409466765577
14.06,-0.048694460876310276
14.064,-0.026697015104399598
14.068,-0.05091240596838971
14.072000000000001,-0.02442373432465989
14.076,-0.053230075865426295
14.08,-0.060046520127737785
14.084,-0.01997174080862497
14.088000000000001,-0.06411306380909856
14.092,-0.06875349179440583
14.096,-0.023682434177204878
14.1,-0.037738166924742036
14.104000000000001,-0.08627398854161468
14.108,-0.016572761204381066
14.112,-0.0650290082436388
14.116,-0.04975577145522268
14.120000000000001,-0.04315606565267329
14.124,-0.0008340248243398629
14.128,-0.041804638988970216
14.132,-0.02344799875911018
14.136000000000001,-0.04452568118168941
14.14,-0.03171864070041197
14.144,-0.07029562410149395
14.148,-0.042262556537010436
14.152000000000001,-0.054600510650714744
14.156,-0.06250528838305712
14.16,-0.035570086669071854
14.164,-0.018728980239177812
14.168000000000001,-0.025249642408417726
14.172,-0.03101127733335575
14.176,0.009480820434733476
14.18,0.00732867184568458
14.184000000000001,0.09256611710483147
14.188,0.18155521151908843
14.192,0.28551880236827765
14.196,0.4260459510582436
14.200000000000001,0.5931017137990416
14.204,0.7342975214729753
14.208,0.8664957372691441
14.212,0.9579635344063704
14.216000000000001,0.9097345310332612
14.22,0.9094469960435503
14.224,0.7743022364691533
14.228,0.6168766202098358
14.232000000000001,0.4318590097326579
14.236,0.29638375081444807
14.24,0.17192075759245415
14.244,0.10774353169336903
14.248000000000001,0.04605241536832619
14.252,0.01875590910038686
14.256,-0.02470101022157027
14.26,-0.07771590007410038
14.264000000000001,-0.06225748122100591
14.268,-0.05298557833089927
14.272,-0.04023795266547256
14.276,-0.07731651684035534
14.280000000000001,-0.051662697454701194
14.284,-0.046548623252400514
14.288,-0.059875938843025854
14.292,-0.05187896213830771
14.296000000000001,-0.0028587221968836563
14.3,-0.04872071336248547
14.304,-0.00902276998911073
14.308,-0.04376014998403261
14.312000000000001,-0.06275467877462426
14.316,-0.037709491807394226
14.32,-0.05697155169555066
14.324,-0.05021637653905614
14.328000000000001,-0.09367047492804116
14.332,-0.04214689651360807
14.336,-0.06079366629844285
14.34,-0.026745504506622983
14.344,-0.047127842026715126
14.348,-0.056950363436805825
14.352,-0.07032854761032552
14.356,-0.04910949368018299
14.36,-0.05704955250137808
14.364,-0.0650822742040353
14.368,-0.012520741626625073
14.372,-0.05261322911818842
14.376,-0.03199969712319158
14.38,-0.020592027319457674
14.384,-0.041781031550951024
14.388,-0.037365921842998
14.392,-0.039798651067965346
14.396,-0.03080003465717601
14.4,-0.038452657090219645
14.404,-0.03992428786142913
14.408,-0.04712537674035918
14.412,-0.05946372448547513
14.416,-0.05844816654447528
14.42,-0.06250086117742513
14.424,-0.04599072405491935
14.428,-0.023815884053877082
14.432,-0.06849885787042524
14.436,-0.06185034198398834
14.44,-0.06920983875413791
14.444,-0.05080300798071115
14.448,-0.02936440432217936
14.452,-0.05623534661060879
14.456,-0.04353627399654016
14.46,-0.0955265185077424
14.464,-0.05241183342418599
14.468,-0.03980709578932508
14.472,-0.06154135832257783
14.476,-0.08160541899131496
14.48,-0.040126887696591236
14.484,-0.05132615618558183
14.488,-0.013214866169545224
14.492,-0.0604605481796444
14.496,-0.052001927224902086
14.5,-0.05637186488122305
14.504,-0.046729208855127526
14.508000000000001,-0.08466008644475628
14.512,-0.021673087063149476
14.516,-0.035834418891884726
14.52,-0.05285425574416724
14.524000000000001,-0.05534367054279903
14.528,-0.037844878376120515
14.532,-0.04086471857811873
14.536,-0.05615855914437386
14.540000000000001,-0.05104350261186243
14.544,-0.04081650782545805
14.548,-0.0558940997276113
14.552,-0.05386323177860967
14.556000000000001,-0.05562394400396041
14.56,-0.05419668408516347
14.564,-0.07257671611613414
14.568,-0.06541850923511519
14.572000000000001,-0.03934378341688849
14.576,-0.03090290292591008
14.58,-0.04734676739933258
14.584,-0.11685473633585182
14.588000000000001,-0.0752597220524289
14.592,-0.03774461109099152
14.596,-0.012353850296396851
14.6,-0.021627774142167308
14.604000000000001,-0.049381885232925964
14.608,-0.05207924365673302
14.612,-0.05343095282091617
14.616,-0.010453432746019689
14.620000000000001,-0.03992638261823157
14.624,-0.06251738025164806
14.628,-0.02537891141426648
14.632,-0.02755065259277493
14.636000000000001,-0.08358001445789318
14.64,-0.05596972690542751
14.644,-0.023422945987969783
14.648,-0.02513733403010134
14.652000000000001,-0.06739054521441425
14.656,-0.042670156499073325
14.66,-0.025094921850866158
14.664,-0.0353977307901256
14.668000000000001,-0.06266630956931803
14.672,-0.045338339163233224
14.676,-0.02836967494266786
14.68,-0.03152383032784374
14.684000000000001,-0.05994761984678335
14.688,0.005508395246788089
14.692,-0.03606779461057379
14.696,-0.06979524981875897
14.700000000000001,-0.046426514750830684
14.704,-0.09369078624522059
14.708,-0.052923037447184816
14.712,-0.03995197189758901
14.716000000000001,0.008617983796862468
14.72,-0.03473099324079874
14.724,-0.03102319529475092
14.728,-0.023026376986310555
14.732000000000001,-0.03356229912867237
14.736,-0.04919687006880936
14.74,-0.010403273318892129
14.744,-0.026614232402625775
14.748000000000001,-0.006144434767971347
14.752,-0.015991237524332732
14.756,-0.0543827505192937
14.76,-0.044644386345064055
14.764000000000001,-0.04328384726182967
14.768,-0.042623290239345066
14.772,-0.025899477575861023
14.776,-0.037887260485497544
14.780000000000001,-0.04969091196335801
14.784,-0.0049377888902554685
14.788,-0.006699977113303099
14.792,-0.03239569170000804
14.796000000000001,-0.053601206112502534
14.8,-0.04465809868510888
14.804,-0.04697368940999526
14.808,-0.04935885665646987
14.812000000000001,-0.05061903726543966
14.816,-0.026515062178630807
14.82,-0.025028510514606174
14.824,-0.022097634816867863
14.828000000000001,-0.048491442091018744
14.832,-0.024042992707858916
14.836,0.00947524812302334
14.84,-0.024592463060298293
14.844000000000001,-0.0365410238381837
14.848,0.02497990796216768
14.852,-0.022039304242524555
14.856,-0.040089266985020466
14.86,-0.010189090426625726
14.864,-0.04107710968819436
14.868,-0.03387497412415398
14.872,-0.006687753712400404
14.876,-0.03799317712126513
14.88,-0.054769714236690734
14.884,-0.011524713095739998
14.888,-0.008607553510442883
14.892,-0.051629364843724546
14.896,-0.03110595221594638
14.9,-0.002607700037384083
14.904,-0.01860409338910548
14.908,-0.006775073821173299
14.912,-0.025065494802393833
14.916,-0.034720737270864874
14.92,-0.03290707244274464
14.924,-0.027597820727729396
14.928,-0.01767251452409875
14.932,-0.07352846512651481
14.936,-0.05785639039617
14.94,-0.019820829675327747
14.944,-0.006442095177043089
14.948,-0.03207893234061636
14.952,-0.018620624427964114
14.956,-0.039436182229316816
14.96,-0.04497518867989203
14.964,-0.014467819469554553
14.968,-0.01852026228930239
14.972,-0.02676194295920306
14.976,-0.0418720171070812
14.98,-0.014631320064119664
14.984,-0.016867470147114243
14.988,-0.020241836073658412
14.992,-0.017247300982900466
14.996,-0.02170150493197113
15.0,-0.003950131444933669
15.004,-0.006012334654835496
15.008000000000001,0.02147598950378521
15.012,0.014766399155827985
15.016,-0.012508756343079552
15.02,-0.033507387175697095
15.024000000000001,0.007042642861168369
15.028,-0.008231343477090883
15.032,0.04998217334001674
15.036,0.021613137501292245
15.040000000000001,0.09245908837578401
15.044,0.2077050793392542
15.048,0.28562922883989533
15.052,0.4369650654751471
15.056000000000001,0.593064471638981
15.06,0.7299697153025297
15.064,0.8927378320183224
15.068,0.9494798259598055
15.072000000000001,0.9855392793176134
15.076,0.9888328268933315
15.08,0.8391715720772496
15.084,0.7047876598184055
15.088000000000001,0.5165437071695885
15.092,0.4110925968127259
15.096,0.23849482372192868
15.1,0.14391798085558064
15.104000000000001,0.07868694601492505
15.108,0.028951670233019575
15.112,-0.005326466616838013
15.116,0.0033217640252676617
15.120000000000001,-0.006852990973733904
15.124,-0.0021342252738960395
15.128,-0.02023492421519065
15.132,-0.018804628405502052
15.136000000000001,-0.007280035997083257
15.14,-0.0007776631414878211
15.144,-0.018396560484818417
15.148,-0.0006905669496099142
15.152000000000001,-0.0041493258440374065
15.156,0.02129815236646829
15.16,0.01352511015285234
15.164,0.011347682506197602
15.168000000000001,0.021600099289398246
15.172,-0.009872565170773676
15.176,0.029118020863086826
15.18,0.006826599639234961
15.184000000000001,-0.0058888901782615174
15.188,0.011902162163836993
15.192,-0.016328149862278478
15.196,0.039359405515498255
15.200000000000001,0.010241500734447578
15.204,-0.023273307058207765
15.208,-0.015713432553268777
15.212,-0.0033260891165442976
15.216000000000001,-0.0038941758809514886
15.22,0.016105922956328945
15.224,0.024864750766341037
15.228,0.027929366976291496
15.232000000000001,0.019086526923261304
15.236,-0.009149736434660244
15.24,0.031078546537321422
15.244,0.03359348218813755
15.248000000000001,-0.027445834456482354
15.252,-0.00045750282454721375
15.256,0.004095497041146027
15.26,-0.003737274326587556
15.264000000000001,0.03190827006793536
15.268,0.021053253366214646
15.272,0.013698295370279818
15.276,-0.010737833779162776
15.280000000000001,-0.02656228518347474
15.284,-0.00440398218936652
15.288,-0.0020543905860960845
15.292,-0.0030573119413117404
15.296000000000001,-0.02631157397801816
15.3,-0.014563437400374715
15.304,0.007152957232524876
15.308,0.022364399910321298
15.312000000000001,0.005948254233164968
15.316,0.012060686071469574
15.32,0.015527361414591559
15.324,0.016000180809128805
15.328000000000001,0.04102389378205237
15.332,0.002579372113387643
15.336,0.022430784296208886
15.34,-0.006829584994833694
15.344000000000001,0.04210486705572222
15.348,0.03379636059346584
15.352,0.03924635877329424
15.356,0.02254642760110362
15.36,0.018388123512078868
15.364,-0.00372122079400216
15.368,0.027621604593155213
15.372,0.04836292535295902
15.376,-0.031541379584392265
15.38,0.056721942465221914
15.384,0.007092351029217892
15.388,0.03272109438234865
15.392,0.007922436680556207
15.396,0.021177885654188055
15.4,0.04043227397783276
15.404,0.02131127638768742
15.408,0.060436855921302386
15.412,0.02640086409158978
15.416,0.038630836357951684
15.42,0.014353432125616978
15.424,0.016929922479746427
15.428,0.019302549141354715
15.432,0.0371993746293953
15.436,0.060190328460950404
15.44,0.028767945720579842
15.444,0.003413821169184303
15.448,0.016864062470273035
15.452,0.0024272277587720353
15.456,0.038936580878759196
15.46,0.030341794934957055
15.464,0.009230761175969528
15.468,0.02347376502973307
15.472,0.04910348742265662
15.476,0.04009989392038264
15.48,0.020334877037407346
15.484,0.04646871608076508
15.488,0.03976133810750759
15.492,0.021730238053844386
15.496,0.036349528982884384
15.5,0.06958539637801736
15.504,0.01189822112752387
15.508000000000001,0.0535603167055754
15.512,0.03125865908148741
15.516,0.04662328418216312
15.52,0.042387654550823176
15.524000000000001,0.04037057450937642
15.528,0.03216619564394016
15.532,0.035540855037465145
15.536,0.04896811287145722
15.540000000000001,0.04500817373768791
15.544,0.007872467548013254
15.548,0.04552534739362281
15.552,0.06246413356089404
15.556000000000001,0.05466030371364052
15.56,0.04158078366708639
15.564,0.0021599605311574052
15.568,0.04956094215721297
15.572000000000001,0.05120887685443389
15.576,0.06709409825017698
15.58,0.020190137164400115
15.584,0.03450038023150039
15.588000000000001,0.02897943931629509
15.592,0.03430962962712857
15.596,0.006151843889218467
15.6,0.03085754534983365
15.604000000000001,0.03186123441772265
15.608,0.03315155951520418
15.612,0.07181832279670466
15.616,0.028651122465101868
15.620000000000001,0.03244887394561368
15.624,0.0632491010246723
15.628,0.03058948829402667
15.632,0.0652415168690749
15.636000000000001,0.050785820872499825
15.64,0.02994773760611906
15.644,0.028608818634741302
15.648,0.04532777235466397
15.652000000000001,0.03899387207557518
15.656,0.04491086341874499
15.66,0.03197709344955571
15.664,0.05494072982113162
15.668000000000001,0.030489203985433283
15.672,0.03462446858528977
15.676,0.04043747578338786
15.68,0.019591640291461352
15.684000000000001,0.03813969270951824
15.688,0.04048278653382305
15.692,0.01644524160282013
15.696,0.00985617176440888
15.700000000000001,0.06926268122193664
15.704,0.03993486482828766
15.708,0.04257341761221403
15.712,0.03311228529647445
15.716000000000001,0.07651938902900034
15.72,0.04176888606353911
15.724,0.011055707934504
15.728,0.05567573299066634
15.732000000000001,0.02721400506786432
15.736,0.054928483622489865
15.74,0.043975095404554035
15.744,0.0716200733047568
15.748000000000001,0.05619492885390576
15.752,0.03963772517483722
15.756,0.07509299272273558
15.76,0.10075612991093721
15.764000000000001,0.037069627002351835
15.768,0.06899187133818466
15.772,0.055181350357493136
15.776,0.05678335646540868
15.780000000000001,0.023787770461887313
15.784,0.0290663181103394
15.788,0.076144035944753
15.792,0.051425540536580626
15.796000000000001,0.03811804060514998
15.8,0.08403359127521329
15.804,0.07279773099175976
15.808,0.06333648751938963
15.812000000000001,0.02978974281312318
15.816,0.048872304703872965
15.82,0.07810541315523016
15.824,0.00930398265311582
15.828000000000001,0.018088192098487315
15.832,0.03366663540721793
15.836,0.06861912096009479
15.84,0.054064026721842205
15.844000000000001,0.05887228489218776
15.848,0.05351442169262483
15.852,0.051766935988972515
15.856,0.07354844492547374
15.860000000000001,0.12093420368393293
15.864,0.05923559441645836
15.868,0.07609111695920182
15.872,0.04215622468099725
15.876,0.08377507319427915
15.88,0.057266054229140884
15.884,0.06579693416746803
15.888,0.06686429151953763
15.892,0.0863175778372394
15.896,0.13410704743181268
15.9,0.19396589876610923
15.904,0.28609315232944965
15.908,0.47718798849718086
15.912,0.6022759317927838
15.916,0.7736500760426729
15.92,0.9096393994996858
15.924,0.9766838557010333
15.928,1.050162679534067
15.932,1.006807792039578
15.936,0.9188629973992053
15.94,0.7959977245459681
15.944,0.6426360940245361
15.948,0.4841694554111757
15.952,0.34788084593983626
15.956,0.23221034023690934
15.96,0.16196388431076728
15.964,0.13622577484682746
15.968,0.12493349622303906
15.972,0.08721092572656718
15.976,0.0521252481609952
15.98,0.06032768712700161
15.984,0.06983169389133408
15.988,0.06997638006537672
15.992,0.07397623573466987
15.996,0.074176129021192
16.0,0.05744316199841436
16.004,0.04373830586103721
16.008,0.018602951889099717
16.012,0.07040027876904476
16.016000000000002,0.0612481463230127
16.02,0.031866808632000934
16.024,0.04908421889429903
16.028,0.04074120072101533
16.032,0.039812240541013476
16.036,0.083157373182917
16.04,0.04118243240607411
16.044,0.09652791319032263
16.048000000000002,0.045393880738717314
16.052,0.03365404278593286
16.056,0.0504204281604562
16.06,0.09569461807841795
16.064,0.0444752352868759
16.068,0.05758888011973652
16.072,0.002160611316832893
16.076,0.05880698145130596
16.080000000000002,0.019587432798861073
16.084,0.04444109132373475
16.088,0.07376658531813576
16.092,0.041447942510564974
16.096,0.060602566123772725
16.1,0.04165627907439163
16.104,0.03927886331185214
16.108,0.05133801102670727
16.112000000000002,0.0672973967477767
16.116,0.04741015807422571
16.12,0.04489747821250878
16.124,0.025988328954856567
16.128,0.01126994312025243
16.132,0.04728402989932516
16.136,0.04089920947512483
16.14,0.04970335992828114
16.144000000000002,0.06485785264610976
16.148,0.060283555711975606
16.152,0.02620589023645057
16.156,0.04862117594855901
16.16,0.04888042524470015
16.164,0.038181172267693214
16.168,-0.00205736144873752
16.172,0.026625558751958815
16.176000000000002,0.04050502345699345
16.18,0.05723319035584997
16.184,0.03567538459924921
16.188,0.01382821169318852
16.192,0.0685935816523546
16.196,0.040410932149422776
16.2,0.03179148506245757
16.204,0.05126654995222665
16.208000000000002,0.0541984668607971
16.212,0.038547399957165406
16.216,0.028199829114283682
16.22,0.028248602057614522
16.224,0.05521209032009356
16.228,0.0363001454025307
16.232,0.04871938682131134
16.236,0.00039082999757247133
16.240000000000002,0.028377920520280816
16.244,0.030332862140759198
16.248,0.028261828077839966
16.252,-0.0014736940221249037
16.256,0.028188728864233785
16.26,0.06820660646944886
16.264,0.042600188001209315
16.268,0.025719563303372384
16.272000000000002,0.0215820289576594
16.276,0.008571918312030392
16.28,0.039888426503039795
16.284,0.019396654393207917
16.288,0.02680904834687336
16.292,0.05221722360907188
16.296,0.052954896448298656
16.3,0.046167118407202015
16.304000000000002,0.000379569862710219
16.308,0.02188932044269932
16.312,0.05639659697684515
16.316,0.008877110378853525
16.32,0.05728342301199241
16.324,0.031358503235375056
16.328,0.05050128643844609
16.332,0.02292547121786092
16.336000000000002,0.0076013752375407515
16.34,0.010294836480911927
16.344,0.059346382324819466
16.348,0.023451133761684326
16.352,0.005104079053627877
16.356,0.045547384223526236
16.36,-0.001973702071104897
16.364,0.025301602250433812
16.368000000000002,0.03498628865557739
16.372,0.033730691728757985
16.376,0.03597117560523107
16.38,0.0253807291680665
16.384,-0.022373608609691297
16.388,0.03136439262418682
16.392,0.025222157508474338
16.396,0.021779013258588657
16.4,0.03519281796924515
16.404,0.04038800270780839
16.408,0.028947505769479014
16.412,0.05431744032848593
16.416,0.06784352275409201
16.42,0.02932305578454201
16.424,0.01627149083288317
16.428,-0.0030318883863835987
16.432,0.034038099067009706
16.436,-0.0134163923991359
16.44,0.05547398686887473
16.444,0.040948313890986535
16.448,0.010500460250856528
16.452,0.03426404771757459
16.456,0.002842012504459847
16.46,-0.0021637316487120757
16.464,0.03478141476249171
16.468,-0.0012276537902813356
16.472,0.023659585677877754
16.476,0.015784993193625668
16.48,0.04924296788984721
16.484,0.023863592231506345
16.488,0.048796909352696094
16.492,0.034132410444075154
16.496,0.001041190612307237
16.5,-0.007325473993858404
16.504,-0.026601532971470405
16.508,0.015888885033267092
16.512,-0.04082723575650579
16.516000000000002,-0.0020225499003495157
16.52,-0.03423335038098378
16.524,0.0011385496844539718
16.528,0.027300173620796467
16.532,-0.004777711678333206
16.536,0.0012848298491472798
16.54,0.002790540536535685
16.544,0.01690622020386373
16.548000000000002,-0.018498917182433273
16.552,0.01285307120387539
16.556,0.008207831794772719
16.56,-0.010827841238940006
16.564,-0.010228126557107526
16.568,0.033213960272845955
16.572,0.023073426932110258
16.576,0.016738611304654927
16.580000000000002,-0.008949318671895417
16.584,0.000425485705131283
16.588,-0.01912924781678464
16.592,-0.02877077347206913
16.596,-0.003378142325762834
16.6,-0.006377035735529121
16.604,-0.01977368270358537
16.608,-0.01966060554562602
16.612000000000002,0.011686810377182737
16.616,-0.005395452667902105
16.62,-0.02811905332036456
16.624,0.04386374383670463
16.628,-0.03217902478385275
16.632,0.006450836438793373
16.636,-0.018325635539620223
16.64,0.014888047393230245
16.644000000000002,0.0023513651059171824
16.648,0.02082101456564064
16.652,-0.0013020337722569437
16.656,-0.015452591020074463
16.66,0.028123215179796837
16.664,-0.0023102866589279807
16.668,-0.005769900326168384
16.672,-0.005043466721287621
16.676000000000002,-0.01697017345730749
16.68,0.004199079579059071
16.684,0.03030480779909227
16.688,0.02622727895296422
16.692,0.0018782115343727538
16.696,0.008405094586462025
16.7,0.010045465007017057
16.704,-0.01804420997074689
16.708000000000002,0.024070347380046812
16.712,-0.0011434946261472717
16.716,-0.042884964006571685
16.72,0.005407739203173781
16.724,-0.025464422920399982
16.728,-0.0011996764250648733
16.732,0.006923397306059483
16.736,-0.010760424183964048
16.740000000000002,0.006051920113004816
16.744,0.038437830137740596
16.748,0.0049181544565645476
16.752,0.03196672142685506
16.756,0.12739711846429072
16.76,0.21409028255181095
16.764,0.38067323486775445
16.768,0.505815857150598
16.772000000000002,0.6565097701718948
16.776,0.7959759445530762
16.78,0.8780625886525375
16.784,0.9533241950030434
16.788,0.9678178689870472
16.792,0.9051079611094613
16.796,0.7670005575461606
16.8,0.622225295374752
16.804000000000002,0.4738575546867663
16.808,0.3012296490497792
16.812,0.19023340545227746
16.816,0.0938366285479516
16.82,0.08008811933478618
16.824,-0.019841227920754177
16.828,0.012515309000993794
16.832,0.005235368776968223
16.836000000000002,-0.0560823908744128
16.84,-0.027732192120517276
16.844,0.0022525081894824057
16.848,-0.03820473342281487
16.852,-0.03222437420451897
16.856,-0.02196620639137086
16.86,0.004785179810297229
16.864,-0.009538767277152634
16.868000000000002,-0.03601062458441509
16.872,-0.05023638990400275
16.876,-0.0532846586416378
16.88,-0.016825867188568697
16.884,-0.06731102333821129
16.888,-0.035899899050613464
16.892,-0.012855574880485332
16.896,-0.049142925488856654
16.9,-0.03195600408881184
16.904,-0.028106814796372375
16.908,-0.011190737866909344
16.912,-0.05360962118725851
16.916,-0.025615804912508675
16.92,-0.028488361294516255
16.924,-0.025661168391862946
16.928,-0.05959871344709232
16.932,-0.018311419884481414
16.936,-0.04565268076807677
16.94,-0.03143228413366924
16.944,-0.046464705082456294
16.948,0.008957638453563774
16.952,-0.029035689061699115
16.956,0.012296755252330566
16.96,-0.04333173768679544
16.964,-0.03670690106514861
16.968,-0.001992001804723229
16.972,-0.039148584361786865
16.976,-0.023281214586696988
16.98,-0.009377919237277526
16.984,-0.04016736785611344
16.988,-0.04658681433826822
16.992,-0.03834811162782575
16.996,-0.013452235755225965
17.0,-0.025444964245037654
17.004,-0.008533089238370432
17.008,-0.03990729161051807
17.012,-0.044479204173508036
17.016000000000002,-0.05780638098753728
17.02,-0.041539360831703884
17.024,-0.04767801786404967
17.028,-0.038565260062140776
17.032,-0.05527933168072779
17.036,-0.051066212208953354
17.04,-0.04329169381858327
17.044,-0.01804014166258562
17.048000000000002,-0.04432077624319451
17.052,-0.04940014672269277
17.056,-0.017725803178530522
17.06,-0.011617838240635746
17.064,-0.04475310932071189
17.068,-0.044202889105902726
17.072,-0.07554339166041657
17.076,-0.07073356232275933
17.080000000000002,-0.04083895347718817
17.084,-0.012444642356218283
17.088,-0.003581304091606674
17.092,-0.024218318215590597
17.096,-0.05060408562117809
17.1,-0.030913551207519093
17.104,-0.07073777483385717
17.108,-0.04328176551445469
17.112000000000002,-0.06552001374620657
17.116,-0.04206612667694888
17.12,-0.013727368423605429
17.124,0.000863944187135382
17.128,-0.038573439010375715
17.132,-0.035181140397421234
17.136,-0.07640834697166865
17.14,-0.056598829434763104
17.144000000000002,-0.013401617470910693
17.148,-0.020780651644631686
17.152,-0.027564734477201883
17.156,-0.0354662215693817
17.16,-0.011758866328659964
17.164,-0.049973042919650816
17.168,-0.04887605603711262
17.172,0.0108657609273261
17.176000000000002,-0.06261618243519754
17.18,-0.036694042205740705
17.184,-0.05336670104441229
17.188,-0.016101345670141484
17.192,-0.051527373659443966
17.196,-0.053325049015492156
17.2,-0.052841425034159985
17.204,-0.03066148831105661
17.208000000000002,-0.06707785317570499
17.212,-0.0768077905802315
17.216,-0.0497424834365498
17.22,-0.054628378903033306
17.224,-0.036906154665851044
17.228,-0.05476553391858469
17.232,-0.06012215926973474
17.236,-0.04242362100905634
17.240000000000002,-0.03973282708692872
17.244,-0.02806732519431557
17.248,-0.047309538007819125
17.252,-0.08501053432937852
17.256,-0.04982998747936499
17.26,-0.04887487600576227
17.264,-0.05115270028450321
17.268,-0.038644468600645104
17.272000000000002,-0.05508665316829848
17.276,-0.027240823051540058
17.28,-0.055506042234695255
17.284,-0.021769639844194676
17.288,-0.07213175458763514
17.292,-0.09715810609748754
17.296,-0.06940855655508352
17.3,0.006774697166414316
17.304000000000002,-0.05548357891965312
17.308,-0.052629733228794134
17.312,-0.04505712557162302
17.316,-0.059084953027180434
17.32,-0.04533559180727099
17.324,-0.04823849720632131
17.328,-0.009381622314650402
17.332,-0.026740540443429568
17.336000000000002,-0.04536653996407612
17.34,-0.036866990073769944
17.344,-0.038759462894208216
17.348,-0.07257712347742708
17.352,-0.028553060473321686
17.356,-0.0636843802590785
17.36,-0.035181640787068647
17.364,-0.048234407754629574
17.368000000000002,-0.032921515566101275
17.372,-0.022619230327990184
17.376,-0.039375079543554875
17.38,-0.06082427039660749
17.384,-0.057491734436584424
17.388,-0.03988040407847446
17.392,-0.05958529042882263
17.396,-0.05894025330425917
17.400000000000002,-0.05367047066083464
17.404,-0.0584733755515873
17.408,-0.04080113916870477
17.412,-0.060350541702863025
17.416,-0.04944381329820909
17.42,-0.06596793934893616
17.424,-0.08603477185887141
17.428,-0.035350125484940625
17.432,-0.03172639906880269
17.436,-0.06129648439468814
17.44,-0.03514948932675699
17.444,-0.04501852377657702
17.448,-0.07446190586129277
17.452,-0.027498865556486975
17.456,-0.0910546001197252
17.46,-0.05219524561521985
17.464,-0.036635924754797905
17.468,-0.07312096548575245
17.472,-0.018828793419469903
17.476,-0.0626733398401543
17.48,-0.025735221277802933
17.484,-0.05453516678766384
17.488,-0.03690633414393807
17.492,-0.051612641455342265
17.496,-0.002929153635733761
17.5,-0.04212285946686449
17.504,-0.029653654605049946
17.508,-0.03561223308024652
17.512,-0.04608918641464708
17.516000000000002,-0.054924312217108306
17.52,-0.04153307016694239
17.524,-0.029668837932797083
17.528,-0.03125114278263667
17.532,-0.03835733282110546
17.536,-0.05179276143813151
17.54,-0.03480743288005074
17.544,-0.06867844702941936
17.548000000000002,-0.04910054504066939
17.552,-0.08947489405197925
17.556,-0.062086086028350515
17.56,-0.05139634003853384
17.564,-0.07637980608047171
17.568,-0.07090809501167836
17.572,-0.028972782251652094
17.576,-0.03748159823391898
17.580000000000002,-0.025411520315832718
17.584,-0.02334390588667794
17.588,-0.03291471393223072
17.592,-0.02768336383387651
17.596,-0.03312806109060757
17.6,-0.003911364406399456
17.604,-0.04195579972939039
17.608,0.01762410347624406
17.612000000000002,0.09530168926501725
17.616,0.17242884840994369
17.62,0.26895707708761607
17.624,0.40177600104025696
17.628,0.5838929661834906
17.632,0.721145529702435
17.636,0.8334686422334631
17.64,0.9606417289827466
17.644000000000002,0.9450187977804511
17.648,0.9022947815896489
17.652,0.7538889138782862
17.656,0.5860189689509957
17.66,0.48572582884403465
17.664,0.35998135251170754
17.668,0.1564333550889088
17.672,0.09800931200173221
17.676000000000002,0.055323569545551635
17.68,0.007674517576470157
17.684,-0.018051594571308473
17.688,-0.03213898050604991
17.692,-0.05674067661881177
17.696,-0.01803112025130216
17.7,-0.021709409570624946
17.704,-0.033879910248925574
17.708000000000002,-0.0870825936607772
17.712,-0.007356439760951537
17.716,-0.04184030597050148
17.72,-0.02997562906068817
17.724,-0.0017591654621813627
17.728,-0.013818923328618424
17.732,-0.04157709952497004
17.736,-0.018055502701445385
17.740000000000002,-0.027276538956234178
17.744,-0.0506560018330449
17.748,-0.03605048904915248
17.752,-0.07384369891608811
17.756,-0.06968069984705309
17.76,-0.03403980523516501
17.764,-0.009322732592823534
17.768,-0.057012947511916316
17.772000000000002,-0.013028172515851463
17.776,-0.03376728593577066
17.78,-0.0004988988334684447
17.784,-0.04335102541429098
17.788,0.023384120683605403
17.792,-0.0265567288107464
17.796,-0.0400405353339546
17.8,-0.029930319604685035
17.804000000000002,-0.07142030595757881
17.808,-0.027449000427473905
17.812,-0.040497397545479874
17.816,-0.02374716554655429
17.82,-0.04003770519837826
17.824,-0.0877362366956129
17.828,-0.08520882997435322
17.832,-0.04587395392968412
17.836000000000002,-0.05786918286715359
17.84,-0.014539110540689008
17.844,-0.05354823602316604
17.848,-0.022672414525887714
17.852,-0.03462792434349049
17.856,3.627769624253707e-05
17.86,-0.02887212228463224
17.864,-0.02637705771561029
17.868000000000002,-0.05043882632536063
17.872,-0.022254558758807524
17.876,-0.015991433943924938
17.88,-0.03147165860222285
17.884,-0.014534193671297196
17.888,-0.04936524649750661
17.892,-0.03255329118737056
17.896,-0.01963263099207404
17.900000000000002,-0.03374669032833215
17.904,-0.0024653251532007862
17.908,-0.013864982733551075
17.912,-0.038799715753185686
17.916,-0.044741715879095666
17.92,-0.0259016836911452
17.924,-0.03992526287196585
17.928,-0.03297819834720325
17.932,-0.04718657157876064
17.936,-0.008723242668469685
17.94,-0.02045795913473253
17.944,-0.01750088824338868
17.948,-0.0067194649414442816
17.952,-0.06887847252919722
17.956,-0.02168358132195878
17.96,-0.02695671724959571
17.964,-0.008020929291228671
17.968,-0.011163523078049367
17.972,-0.010433221219636394
17.976,0.005489544830695418
17.98,-0.057701302606802125
17.984,-0.04117102805694305
17.988,0.004940189328609509
17.992,0.009931096331925914
17.996,-0.03498940541565724
18.0,0.0042310756184035896
18.004,-0.0003637393077817151
18.008,-0.044939644806647285
18.012,-0.02924237299654339
18.016000000000002,-0.009962835864898139
18.02,-0.017725563051953313
18.024,0.020226791825766213
18.028,-0.0033868507830927055
18.032,0.002895738437115953
18.036,-0.027913881038339285
18.04,-0.038953034523129516
18.044,-0.026171098132383476
18.048000000000002,0.014713128792442081
18.052,0.023951361683378566
18.056,-0.029016618437670456
18.06,-0.015152915056078903
18.064,-0.061877087407099775
18.068,0.01425709051961122
18.072,-0.03642959417810125
18.076,0.007149530314074139
18.080000000000002,0.01540629477637055
18.084,-0.036665408565192265
18.088,-0.02706155299092077
18.092,0.0052476704678565255
18.096,0.018653701846080367
18.1,-0.018890875395655565
18.104,-0.028925667437624248
18.108,-0.0006254999807771304
18.112000000000002,0.01825669393321961
18.116,-0.028923055739042212
18.12,-0.02215239723791786
18.124,0.017378684381700968
18.128,-0.0015044913840515537
18.132,-0.02164575221371332
18.136,-0.004662598067093754
18.14,0.005296559538476344
18.144000000000002,0.01667513871217217
18.148,0.0024284085579472335
18.152,-0.0033526060038165696
18.156,-0.03635973486899011
18.16,0.008547735763773056
18.164,0.008411574882459442
18.168,0.0026649493398499457
18.172,-0.0006470202697507305
18.176000000000002,0.0018349988408137832
18.18,0.018931802299634117
18.184,-0.0072553735529782325
18.188,-0.023609109509816244
18.192,0.019082743447356533
18.196,-0.006155140515031333
18.2,-0.0038296265898827763
18.204,0.01087523675044722
18.208000000000002,-0.002428432404203659
18.212,0.0016572765144297786
18.216,-0.018959027354547707
18.22,0.030025320434018718
18.224,-0.022573576073007327
18.228,0.031095651152830202
18.232,-0.02028750225801135
18.236,-0.008775535549909896
18.240000000000002,-0.0025661844691559042
18.244,0.023867302925244225
18.248,0.010706075170783669
18.252,-0.0021489886920141336
18.256,-0.0174907926415679
18.26,0.02791633999223672
18.264,0.008982937466954596
18.268,0.017114515984581323
18.272000000000002,0.005357473862760341
18.276,-0.0005681212372958457
18.28,0.023236558093818506
18.284,0.016264493293207227
18.288,0.033623359954756876
18.292,0.015099960665272697
18.296,-0.016729687756404307
18.3,0.027351464003192032
18.304000000000002,0.01343634878250371
18.308,0.008159179376018497
18.312,-0.0489583314440076
18.316,-0.0036963192709506838
18.32,0.01733697976404992
18.324,0.001813087749835027
18.328,0.019885099817490946
18.332,0.027170567270922423
18.336000000000002,0.01526467136521476
18.34,-0.00279972799459962
18.344,0.02500747114392249
18.348,0.02404836686696167
18.352,0.012208962252275742
18.356,-0.020417287963635775
18.36,-0.00688770028029994
18.364,0.0342760629536164
18.368000000000002,0.013441002368682904
18.372,-0.016948920411345693
18.376,0.01571247982851326
18.38,0.02064103019249897
18.384,0.03290008639786648
18.388,0.029154693370739233
18.392,0.02838940765287738
18.396,0.005758027786643933
18.400000000000002,-0.012032391007003408
18.404,0.009531805357229443
18.408,0.04969264998455025
18.412,-0.007727075648319589
18.416,0.040857313735558384
18.42,-0.006773070762830263
18.424,-0.0024653167121991837
18.428,0.026056790572633437
18.432000000000002,0.007960519064677419
18.436,0.019859294434171917
18.44,0.0021903215757859695
18.444,0.028876488086546956
18.448,0.04519933834169549
18.452,0.002647429678411712
18.456,0.05077177998279272
18.46,0.06274169473750563
18.464,0.09886473567951716
18.468,0.08444281743410625
18.472,0.2207434146321232
18.476,0.28285672741667967
18.48,0.4343599911305032
18.484,0.5858524242861515
18.488,0.7346745866129021
18.492,0.879349227958759
18.496,0.980022641876591
18.5,1.0332722118896251
18.504,1.0098077954255489
18.508,0.8919586871998647
18.512,0.7726394826107346
18.516000000000002,0.6002629655751354
18.52,0.4654798214312942
18.524,0.2832440452693587
18.528,0.21005720705239825
18.532,0.13419800945032057
18.536,0.09146983599463075
18.54,0.06850629095736913
18.544,0.06289653048761033
18.548000000000002,0.04239174714530421
18.552,0.04664753385761565
18.556,0.02935131390693186
18.56,0.03179955604329859
18.564,0.022249044088567337
18.568,0.05647064029673375
18.572,0.050924682436332275
18.576,0.061132549917758745
18.580000000000002,0.026513616588459847
18.584,0.032566880019932146
18.588,0.08567674646063647
18.592,0.0581252197919237
18.596,0.008006569600735692
18.6,0.05187471982052717
18.604,0.04436637805324317
18.608,0.03093724592760279
18.612000000000002,0.03244210249652325
18.616,0.021296191560522114
18.62,0.027996922976871036
18.624,0.023360470065422106
18.628,0.0157163636097637
18.632,0.031577095711425224
18.636,0.021862425138495074
18.64,0.0539789303406879
18.644000000000002,0.06059844518989821
18.648,0.03711814432385077
18.652,0.033669762585504845
18.656,0.05336350150220583
18.66,0.03850559459873007
18.664,0.08132192619763459
18.668,-0.011366505329181646
18.672,-0.005114402682699942
18.676000000000002,0.019794950989056218
18.68,0.051504161564235366
18.684,0.05776575223788991
18.688,0.033005825948150457
18.692,0.04300197964286749
18.696,0.03709284152046874
18.7,0.052872871272677535
18.704,0.083701916457566
18.708000000000002,-0.0018196969461055507
18.712,0.08813919784072245
18.716,0.06506305150109963
18.72,0.03797571328009706
18.724,0.05424785159591139
18.728,0.04407378852216861
18.732,0.05430575460165636
18.736,0.05445588787950669
18.740000000000002,0.06068174336669999
18.744,0.0252473454808599
18.748,0.057696031781478675
18.752,0.03249424109706673
18.756,0.039866841166105324
18.76,0.061866903349163005
18.764,0.03730515217704044
18.768,0.05235090016502545
18.772000000000002,0.05294773155878793
18.776,0.04866856801175663
18.78,0.022379980293440446
18.784,0.056678755720127844
18.788,0.050740438065037245
18.792,0.09184847007120583
18.796,0.02655326671069788
18.8,0.06864242642152395
18.804000000000002,0.0392238025151482
18.808,0.04175300129065365
18.812,0.08216950249128988
18.816,0.04537763461490226
18.82,0.06420986266157822
18.824,0.05087510338080786
18.828,0.03033762686041633
18.832,0.04415200348314861
18.836000000000002,0.03986924661212326
18.84,0.044236895974511886
18.844,0.08614003380219948
18.848,0.058266709908021054
18.852,0.014303997605375457
18.856,0.0867136760282271
18.86,0.05670701872995028
18.864,0.06718612794911859
18.868000000000002,0.08061468748824457
18.872,0.032928647694455984
18.876,0.0561231205263266
18.88,0.04664935750809727
18.884,0.04259406453957615
18.888,0.04357569981775665
18.892,0.0517764873501785
18.896,0.07313029711918113
18.900000000000002,0.06537016800898521
18.904,0.055649277777751346
18.908,0.07397618753562472
18.912,0.003571870933841169
18.916,0.050724415681191896
18.92,0.05714770902138299
18.924,0.05634245326044315
18.928,0.07844049727353017
18.932000000000002,0.053561722202164555
18.936,0.07760682562667852
18.94,0.046626023545555846
18.944,0.06401062112839973
18.948,0.0523364862739791
18.952,0.04520253184124691
18.956,0.060568495984788306
18.96,0.061662868997562154
18.964,0.032266062710117255
18.968,0.06910975429372344
18.972,0.04490281380938304
18.976,0.0520952412975617
18.98,-0.003665707596256257
18.984,0.049529600312715215
18.988,0.011732722406049313
18.992,0.06722857068851268
18.996,0.03430698090708827
19.0,0.04102905300615227
19.004,0.0462732608175864
19.008,0.0231240793440282
19.012,0.0502287599381492
19.016000000000002,0.02509631524287395
19.02,0.04532833125184321
19.024,0.0666322254941855
19.028,0.07505408954664715
19.032,0.07799760968179223
19.036,0.04469498053904547
19.04,0.029972905135631018
19.044,0.058786663528322014
19.048000000000002,0.08020426016341983
19.052,0.031326231724261105
19.056,0.07591051368293507
19.06,0.045917421880115473
19.064,-0.004318019560209781
19.068,0.0498056824333174
19.072,0.08593362063688467
19.076,0.0626150924776021
19.080000000000002,0.06945963891395165
19.084,0.055998044185514045
19.088,0.014151916522466862
19.092,0.0005020956364638826
19.096,0.02628688955353896
19.1,0.039732231630989254
19.104,0.0271008775656
19.108,0.030970495604978346
19.112000000000002,0.06260950809283512
19.116,0.07611827069438185
19.12,0.012776059162287565
19.124,0.02516398549024438
19.128,0.04437513705084664
19.132,0.042134456784229245
19.136,-0.0011598985656645494
19.14,0.10478508278582098
19.144000000000002,0.059839551097455326
19.148,0.05273560477020906
19.152,0.00672645076858968
19.156,0.05110168762708816
19.16,0.021412436028664588
19.164,0.05502685719067384
19.168,0.050518628353027874
19.172,0.04525947979263632
19.176000000000002,0.05286638467282074
19.18,0.03233401474350125
19.184,0.04734200530601352
19.188,-0.004656974761358922
19.192,0.05806759071773167
19.196,0.039476228410764896
19.2,0.09386536742963478
19.204,0.044885871362243285
19.208000000000002,-0.004594927336544451
19.212,0.07309448848348846
19.216,0.027363139683003607
19.22,0.019176916218550787
19.224,0.0407249895146732
19.228,0.06721013916939816
19.232,0.0802442121413929
19.236,0.033129263831330386
19.240000000000002,0.04504074214073181
19.244,0.04498061790320916
19.248,0.02705859876418259
19.252,0.02975078599340774
19.256,0.03679329631363465
19.26,0.03819719903995445
19.264,0.06052915873121992
19.268,7.529540909382432e-05
19.272000000000002,0.04818895951340169
19.276,0.04587419328107332
19.28,0.06569415400601243
19.284,0.030041590572012857
19.288,0.030018202584416558
19.292,0.03939805566167649
19.296,0.025810048120291633
19.3,0.0253727223793205
19.304000000000002,0.024797955094733426
19.308,0.027353948433911295
19.312,0.02589751747680139
19.316,0.04645114301990004
19.32,0.06600923712191918
19.324,0.10707662491178617
19.328,0.15903269122161995
19.332,0.2986142113395573
19.336000000000002,0.4103634632623839
19.34,0.5529159687198445
19.344,0.6926473962625465
19.348,0.8761901799800493
19.352,0.9706068864256909
19.356,1.0271742953840803
19.36,1.0157377644169696
19.364,0.9300590691265443
19.368000000000002,0.8205514665275284
19.372,0.6273236483418702
19.376,0.47112365670958745
19.38,0.34643437901934104
19.384,0.22718944013314488
19.388,0.1611487423731494
19.392,0.1149102088745613
19.396,0.09151719517735601
19.400000000000002,0.06471433055509374
19.404,0.030330956040068795
19.408,0.027898075968031632
19.412,0.02145783707263768
19.416,0.050895780519004084
19.42,0.02258115810858027
19.424,0.009632004095384117
19.428,0.005483858534697735
19.432000000000002,0.040980868645944975
19.436,0.008153325885184595
19.44,-0.02767406899758864
19.444,0.039154790408969076
19.448,0.03128335029172156
19.452,0.03958345938552153
19.456,0.04368432670464367
19.46,0.03379516912637548
19.464,0.031036043969827686
19.468,0.023921200879891694
19.472,0.0067773085904275394
19.476,-0.02018737326923432
19.48,-0.017495666817922403
19.484,0.02889531516617771
19.488,0.037086308427060274
19.492,0.021331766287034072
19.496,0.005009972369826681
19.5,0.03269997330393124
19.504,0.019040158063948917
19.508,0.01938578085079609
19.512,0.011563319194128147
19.516000000000002,-0.004989265051557754
19.52,-0.0020998370382375037
19.524,0.02535750804343075
19.528,0.04977770865841959
19.532,0.05213226969143197
19.536,0.012888814260642386
19.54,0.025166929619298554
19.544,0.014025670574613895
19.548000000000002,0.018442608162589042
19.552,0.023295926401245434
19.556,0.032732724883404694
19.56,-0.008576713640297575
19.564,0.04923304913641986
19.568,0.01094548080610644
19.572,-0.006512644961292816
19.576,0.0589291364038639
19.580000000000002,-0.005532728629141831
19.584,0.011149356360408902
19.588,-0.0031700456278426093
19.592,0.03471247934950668
19.596,-0.04290567777317249
19.6,0.017017260481580487
19.604,-0.021924647454009294
19.608,0.04058777914920518
19.612000000000002,0.05102017987288095
19.616,0.025873428594655107
19.62,-0.007354499150193816
19.624,0.03113801351885745
19.628,0.05132916178111556
19.632,0.012086241763755374
19.636,-0.0008562603564382246
19.64,0.035576436193147654
19.644000000000002,-0.020841627901106847
19.648,-0.0004723142765831311
19.652,0.003882977695787602
19.656,0.007005067112167912
19.66,0.026240110017212135
19.664,0.0007198966213917972
19.668,-0.018852004647568133
19.672,-0.025235103326100683
19.676000000000002,-0.0004919421994640538
19.68,0.011318931856677246
19.684,0.020882257098168672
19.688,0.013577970168029441
19.692,-0.026840125857726316
19.696,0.011734229195758708
19.7,-0.013337896653546356
19.704,0.025554183471861586
19.708000000000002,-0.006987077735525911
19.712,-0.006938246332453482
19.716,-0.01286978156104689
19.72,0.017510157543206985
19.724,-0.004736046691010197
19.728,0.05210525957715101
19.732,0.02002143863873184
19.736,-0.027149248353080958
19.740000000000002,-0.004855753892173678
19.744,0.01636155319621456
19.748,0.010945191536901044
19.752,0.0068979798387815636
19.756,-0.0007816195177158709
19.76,-0.03696674462012063
19.764,-0.036558937675346875
19.768,0.009244181801698876
19.772000000000002,-0.019971454385034632
19.776,-0.0073490142175406436
19.78,0.004624183530177461
19.784,-0.04635399126378796
19.788,-0.04679006053758449
19.792,0.0012975410011892667
19.796,-0.021509043535903737
19.8,-0.01719726901707002
19.804000000000002,0.012127071994837021
19.808,-0.016409713152169055
19.812,-0.012656468243063872
19.816,-0.006096430481750586
19.82,-0.04692302952768239
19.824,0.02201070347464007
19.828,-0.0049888455236310955
19.832,-0.02447391806294371
19.836000000000002,0.008791790594288272
19.84,-0.032973109169456866
19.844,-0.028577582046931248
19.848,-0.039835315610149455
19.852,-0.020223935848728242
19.856,-0.030933978248762976
19.86,-0.011163864649501538
19.864,-0.03020969115778102
19.868000000000002,-0.012017375634533166
19.872,-0.008871581562855562
19.876,-0.010184362968393498
19.88,-0.010894076790878001
19.884,-0.01715197238898372
19.888,-0.03569892733967989
19.892,-0.05933939640665432
19.896,-0.012936190114893394
19.900000000000002,-0.048443810132611925
19.904,-0.013941148649358123
19.908,-0.02215062940264586
19.912,-0.02249533364140789
19.916,-0.021774551267411114
19.92,-0.010805275935518069
19.924,-0.04212333173535795
19.928,-0.01669765533706629
19.932000000000002,-0.0018040995305554502
19.936,-0.007989323235681349
19.94,-0.0020386488206701504
19.944,-0.030037626177641732
19.948,-0.026492038848760897
19.952,0.012246109637677374
19.956,-0.015478743684388051
19.96,-0.020731264370783903
19.964000000000002,-0.006275925034489541
19.968,-0.044047150695310705
19.972,-0.0296282714304727
19.976,-0.01849961837976232
19.98,-0.028865134052268825
19.984,0.002187095403498769
19.988,-0.01960196725086874
19.992,-0.011021624193119792
19.996,-0.045506773671054324
20.0,-0.0295684068715487
20.004,-0.03020498552246465
20.008,-0.019631575017504687
20.012,-0.02059884193540941
20.016000000000002,-0.03062156609312729
20.02,-0.019391164012761336
20.024,0.010514055199654024
20.028,-0.03099315347515119
20.032,-0.04493922338228705
20.036,-0.008131828047902964
20.04,-0.002883875678776817
20.044,-0.029104198939126177
20.048000000000002,-0.013876660633833585
20.052,-0.0741935206424713
20.056,-0.024260880330141038
20.06,-0.0376426791952024
20.064,0.009684034804420004
20.068,-0.029961428884374253
20.072,0.0018124124166919095
20.076,-0.03877567088867763
20.080000000000002,-0.04088615654607354
20.084,-0.0463133408853566
20.088,-0.05930868977447285
20.092,-0.04754902611393261
20.096,-0.014515868971053263
20.1,-0.06727217478211917
20.104,-0.03517340078204652
20.108,-0.015136693488828741
20.112000000000002,-0.032469251912019305
20.116,-0.027471157632573625
20.12,-0.031225728563987393
20.124,-0.027981484057934138
20.128,-0.07671301034311845
20.132,-0.008953075145319907
20.136,-0.03192531633078003
20.14,-0.05031749221942252
20.144000000000002,-0.04543150171517324
20.148,-0.042483874508957575
20.152,-0.026308292217177995
20.156,-0.06315812513861686
20.16,-0.06404131078445843
20.164,-0.06312851435354824
20.168,-0.014481327137325268
20.172,-0.04044240248210999
20.176000000000002,-0.00038546317083191844
20.18,0.009059884579988058
20.184,0.08718040737588913
20.188,0.16351637218576975
20.192,0.27487436031217616
20.196,0.4556778657605404
20.2,0.594821678914004
20.204,0.7287048034143606
20.208000000000002,0.9206185028551909
20.212,0.9266134931734624
20.216,0.9268382192197593
20.22,0.8530986666299409
20.224,0.7991912108021464
20.228,0.6185934755988447
20.232,0.46053186979062405
20.236,0.32837902034002
20.240000000000002,0.18818659686273392
20.244,0.11040201110862635
20.248,0.06867517000942429
20.252,0.0026154069871729075
20.256,-0.007962741989034475
20.26,-0.031314840607785464
20.264,-0.03822255546677735
20.268,-0.015331460123839426
20.272000000000002,-0.03324781274924215
20.276,-0.03988560351793679
20.28,-0.0833390766055184
20.284,-0.06363566721461958
20.288,-0.05971638455145581
20.292,-0.046532131237278736
20.296,-0.03883293893847645
20.3,-0.04328444969211241
20.304000000000002,-0.04974565213879243
20.308,-0.039828849444368854
20.312,-0.03972292878965613
20.316,-0.029110455290004885
20.32,-0.08231056430276998
20.324,-0.026889903973142268
20.328,-0.008402458208785268
20.332,-0.024710824816510935
20.336000000000002,-0.055998017056349304
20.34,-0.06546649707041348
20.344,-0.04889461768865341
20.348,-0.02103083152400375
20.352,-0.04240405287558672
20.356,-0.08795542280469867
20.36,-0.11372279012994053
20.364,-0.04416226064245083
20.368000000000002,-0.0010127188217103622
20.372,-0.08012514607883475
20.376,-0.06123150324143006
20.38,-0.04836350887058768
20.384,-0.04274882117485228
20.388,-0.031607453549192456
20.392,-0.08086869519041395
20.396,-0.047119810382494666
20.400000000000002,-0.06246258764642927
20.404,-0.03291529703039929
20.408,-0.04186651362047083
20.412,-0.027421559924760627
20.416,-0.07408613332145601
20.42,-0.07196214458261407
20.424,-0.06405660564951055
20.428,-0.059323586502887875
20.432000000000002,-0.06424115745607249
20.436,-0.07507693919947593
20.44,-0.06171322816418743
20.444,-0.08257079221674403
20.448,-0.03045915895763903
20.452,-0.059985317439910875
20.456,-0.0755905736029966
20.46,-0.04683960535382349
20.464000000000002,-0.0824424026319228
20.468,-0.04304613141161863
20.472,-0.057356135866583016
20.476,-0.015816266883196803
20.48,-0.039581255900924435
20.484,-0.06586565716230136
20.488,-0.0324941857101642
20.492,-0.047782814002732266
20.496,-0.03700256953908884
20.5,-0.11164420085523079
20.504,-0.05924806640745485
20.508,-0.059106685266510334
20.512,-0.024469668554961244
20.516000000000002,-0.07163798866758567
20.52,-0.04307615243697082
20.524,-0.05345636066433067
20.528,-0.07757132756710516
20.532,-0.06120430780726801
20.536,-0.03898662932567085
20.54,-0.05380347277142822
20.544,-0.05319534981893817
20.548000000000002,-0.05119832409058786
20.552,-0.04784684653906346
20.556,-0.043267510648926776
20.56,-0.051042315570099514
20.564,-0.07876664491354202
20.568,-0.053578257837090616
20.572,-0.04748335817324416
20.576,-0.016419871312085603
20.580000000000002,-0.06909732031179451
20.584,-0.017761388526954577
20.588,-0.059657191356574144
20.592,-0.016969615192374086
20.596,-0.08970481312207304
20.6,-0.05422497739474784
20.604,-0.09534296173832099
20.608,-0.07736485814699261
20.612000000000002,-0.05711609295912045
20.616,-0.038622519478239165
20.62,-0.06361393651426787
20.624,-0.04312350126394211
20.628,-0.06429534516471845
20.632,-0.015614982288082321
20.636,-0.05918060620232696
20.64,-0.008222612559915826
20.644000000000002,-0.011298333399395136
20.648,-0.06522558190355683
20.652,-0.036425285889443576
20.656,-0.05602850365572733
20.66,-0.01733427232879726
20.664,-0.0399269256924816
20.668,-0.009837482418297051
20.672,-0.04970471347619146
20.676000000000002,-0.05178105970993788
20.68,-0.061243004838213655
20.684,-0.04287287354749213
20.688,-0.037001060607388704
20.692,-0.043771076847304934
20.696,-0.03891417384806714
20.7,-0.029626968935982205
20.704,-0.04601297373046487
20.708000000000002,-0.0571093317053264
20.712,-0.06410513915058134
20.716,-0.05507036547326491
20.72,-0.050327534368641166
20.724,-0.023077583595333382
20.728,-0.024843663406290212
20.732,-0.05736192546876338
20.736,-0.030713732793146518
20.740000000000002,-0.06042795497661278
20.744,-0.025525454268015717
20.748,-0.07415095859627674
20.752,-0.02205303011541487
20.756,-0.04493690372619268
20.76,-0.03623128657974116
20.764,-0.04296498907814054
20.768,-0.061545316496671484
20.772000000000002,-0.03778245401258948
20.776,-0.03980692785259636
20.78,-0.024633590192167196
20.784,-0.027003874305378636
20.788,-0.014585903357033417
20.792,-0.027804341018248815
20.796,-0.06137691554327525
20.8,-0.022773895485081644
20.804000000000002,-0.06202504459469812
20.808,-0.052045555051563025
20.812,-0.03611273685039198
20.816,-0.05380105785910208
20.82,-0.044715945417470246
20.824,-0.01642731782796252
20.828,-0.048452230154558205
20.832,-0.05389897420093795
20.836000000000002,-0.06143298037266537
20.84,0.021118004169189297
20.844,-0.04400186109490914
20.848,-0.03403504275299444
20.852,-0.03346219478926943
20.856,-0.011839648250122011
20.86,-0.04514795720517311
20.864,-0.05141230939688212
20.868000000000002,-0.04075916921414716
20.872,-0.04839789097932288
20.876,-0.06108172900993396
20.88,-0.06967123158694813
20.884,-0.031016524655703193
20.888,-0.0399702440895544
20.892,-0.003399088407026584
20.896,-0.041213526756980506
20.900000000000002,-0.03768634661946037
20.904,-0.005989234070649146
20.908,-0.06351094857707143
20.912,-0.013881762498329293
20.916,-0.045697573756876705
20.92,-0.051553923242500715
20.924,-0.021054083209116482
20.928,-0.025742508910770266
20.932000000000002,-0.050486508636697784
20.936,-0.022551887260588082
20.94,0.0038050267776256266
20.944,-0.010419263502349906
20.948,-0.0240314308177191
20.952,-0.037115488222735755
20.956,-0.02742108962331201
20.96,-0.015812202520560162
20.964000000000002,-0.0294152041256686
20.968,-0.015483137449532787
20.972,-0.0047991316844763245
20.976,-0.053401309510685786
20.98,-0.02011577246821515
20.984,-0.013091256051330094
20.988,-0.028076290124199724
20.992,-0.035228167642789465
20.996,0.008066828406872683
21.0,-0.023332314786554627
21.004,-0.02294434201350279
21.008,-0.031509754854674804
21.012,-0.0260932710232231
21.016000000000002,-0.02504428739984141
21.02,-0.0189529174121558
21.024,-0.04244926790119671
21.028,-0.03595366962073637
21.032,0.0005475483233956125
21.036,0.03645038455397048
21.04,0.0820017751372298
21.044,0.184559360867919
21.048000000000002,0.27749970110970196
21.052,0.4297887391601508
21.056,0.5773777976077835
21.06,0.6875810727512027
21.064,0.8784638261086779
21.068,0.9878311991193426
21.072,0.9874432180926355
21.076,0.9390067844753441
21.080000000000002,0.8124803932780691
21.084,0.6950602109951727
21.088,0.5094033226964836
21.092,0.342873010893229
21.096,0.253512030568311
21.1,0.1675663984001952
21.104,0.07739363791237594
21.108,0.036558254046908066
21.112000000000002,0.0016186705133158872
21.116,0.03347350642996363
21.12,0.0028865116641701083
21.124,-0.014228848568302421
21.128,-0.014291410305267382
21.132,-0.005809479989704428
21.136,0.013550991671981056
21.14,-0.01873965542068817
21.144000000000002,-0.025171247493861102
21.148,-0.0009938397041824847
21.152,-0.009261378282046756
21.156,-0.035564758839909325
21.16,-0.008519467579387034
21.164,-0.011813532510269256
21.168,-0.013281281989635272
21.172,-0.0018654813894194862
21.176000000000002,0.0003266648548970034
21.18,0.029348952130111128
21.184,0.008863208694476023
21.188,0.013540570544527862
21.192,-0.01168076570031527
21.196,-0.0022435421892979734
21.2,-0.015208172759866342
21.204,-0.015283147714863924
21.208000000000002,0.015448051817665492
21.212,0.04245675213129282
21.216,0.013597061715618636
21.22,0.008235691051419592
21.224,0.011183571151480463
21.228,0.016859873047681034
21.232,-0.00011388338591358967
21.236,0.0006548568090127816
21.240000000000002,0.014669544363302539
21.244,0.03453610492337747
21.248,0.004681486097992911
21.252,-0.02938187486703215
21.256,0.01943674357397259
21.26,0.008361602996260795
21.264,-0.010906098629280169
21.268,-0.011355346952862107
21.272000000000002,-0.05717097910342386
21.276,-0.009347895223685853
21.28,0.0020485375243305924
21.284,0.016898742793922374
21.288,0.006141885000970003
21.292,-0.011982304015724388
21.296,-0.00014333748378367664
21.3,0.009317807389276012
21.304000000000002,0.02050700141232173
21.308,0.014976580667548334
21.312,0.026557048593702417
21.316,-0.027961635397127545
21.32,0.01454736234721251
21.324,0.016679758253019938
21.328,-0.007346152924834006
21.332,0.015794255906475325
21.336000000000002,0.0019158539538431836
21.34,-0.011490217136173358
21.344,-0.012647169619132462
21.348,0.024113706772511165
21.352,0.025315416427980478
21.356,0.03585625411126546
21.36,0.02953863445210723
21.364,0.024725717441101306
21.368000000000002,-0.005667902419584148
21.372,0.011966984274907302
21.376,0.01092411294696668
21.38,0.05661436753313924
21.384,-6.192869454467106e-05
21.388,-0.008006525615977624
21.392,-0.001948253640534841
21.396,0.03831796471719082
21.400000000000002,0.006157006571872129
21.404,0.033682124549129625
21.408,0.009418355163179445
21.412,0.04040281906390454
21.416,-0.010216353079839223
21.42,0.011816547309867488
21.424,0.03290239560542115
21.428,0.016839545838022378
21.432000000000002,0.0040169466675882
21.436,0.050653203431429344
21.44,-0.005287926830519374
21.444,0.006076890871789583
21.448,0.04582150500171714
21.452,0.057509713822172716
21.456,0.023910595640972206
21.46,-0.000492762685985533
21.464000000000002,-0.0006343320588572468
21.468,0.00803444277764925
21.472,0.023652146770083995
21.476,0.05228381816948111
21.48,0.04417247275970456
21.484,0.0456369820105848
21.488,0.01707270644538575
21.492,0.04200201076452719
21.496000000000002,0.04343173504234744
21.5,0.044763376797871186
21.504,0.028028553219562508
21.508,0.020606131826373338
21.512,0.051075203680957894
21.516000000000002,0.06048578395305043
21.52,0.025344970840418608
21.524,0.03713501621391674
21.528,0.05210872363425021
21.532,0.06104804911498994
21.536,0.06598877196793046
21.54,0.032176460607690506
21.544,0.057084543706077705
21.548000000000002,0.008472405282297459
21.552,-0.01097903438549385
21.556,0.024345031992908925
21.56,0.040083322457960986
21.564,0.003676883405354721
21.568,0.030817869008185964
21.572,0.03750754221211915
21.576,0.03389479376186257
21.580000000000002,0.03999028670159085
21.584,0.057094671662729635
21.588,0.03004196182569779
21.592,0.026352257131959447
21.596,0.0465961899433317
21.6,0.05716441379870517
21.604,0.027752581927160035
21.608,0.06362050385075237
21.612000000000002,0.051583540176571296
21.616,0.029702434258778842
21.62,0.0368331792934692
21.624,0.02219380145134403
21.628,0.05154651010062676
21.632,0.04031473589424142
21.636,0.07775653228741648
21.64,-0.012188887661647406
21.644000000000002,0.015027292194266895
21.648,0.029228801621136842
21.652,0.04991940555112856
21.656,0.03266644301686295
21.66,0.025945128538878433
21.664,0.048669040003576906
21.668,0.03219585936031948
21.672,0.045564245860840256
21.676000000000002,0.05872291728799407
21.68,0.06056704673921451
21.684,0.010806016885196484
21.688,0.027180389619394382
21.692,0.050698289953719236
21.696,0.038723915873551354
21.7,0.027275150916023786
21.704,0.05459716933932445
21.708000000000002,0.044626435872835574
21.712,0.052082385128521654
21.716,0.06101948891585193
21.72,0.03617615612619277
21.724,0.06395479120507763
21.728,0.0475691143970112
21.732,0.049456970044629324
21.736,0.06461852715245608
21.740000000000002,0.012997990351239296
21.744,0.01233136060102509
21.748,0.02247632659437657
21.752,0.06205593698250449
21.756,0.04774311600852884
21.76,0.03464276062504995
21.764,0.02528733097589331
21.768,0.01249499230965851
21.772000000000002,0.051796062720359144
21.776,0.0457027713987177
21.78,0.05383262552299788
21.784,0.06435696496632382
21.788,0.05220732254492452
21.792,0.07329902451681984
21.796,0.03894579854221368
21.8,0.07652295722133293
21.804000000000002,0.05557626278145436
21.808,0.03682440990051465
21.812,0.05099289776990946
21.816,0.09004450019552931
21.82,0.023176501144425394
21.824,0.03602114627885737
21.828,0.03967588728347109
21.832,0.05137483498067724
21.836000000000002,0.04938596371026569
21.84,0.08477907257919146
21.844,0.04437890012598156
21.848,0.06141354438604204
21.852,0.03865763067067824
21.856,0.026921859018668885
21.86,0.045771729081000107
21.864,0.044065962919313154
21.868000000000002,0.06235744127072561
21.872,0.07553750405550802
21.876,0.0423521288834905
21.88,0.07563842007612309
21.884,0.04142572908552507
21.888,0.10914500367822307
21.892,0.07179421544402603
21.896,0.13402321197542486
21.900000000000002,0.21719835939192797
21.904,0.3034806183655376
21.908,0.4178803813638638
21.912,0.6063542470562773
21.916,0.7338224457677298
21.92,0.9176323648027538
21.924,0.9757546071379894
21.928,1.0689997832121718
21.932000000000002,1.0399093175905936
21.936,0.9443630338100025
21.94,0.8180617694167078
21.944,0.6348719919410355
21.948,0.4807911001448836
21.952,0.36741011175633853
21.956,0.21730718537505847
21.96,0.15574459433004204
21.964000000000002,0.10683877267405009
21.968,0.07673692736481084
21.972,0.05928428135705136
21.976,0.008768074660494951
21.98,0.0519239629459836
21.984,0.055863587845632674
21.988,0.07387738747656032
21.992,0.06481439730050416
21.996000000000002,0.03776400765724464
22.0,0.0439218476791875
22.004,0.030970786651870197
22.008,0.04209190197520247
22.012,0.03722004764356236
22.016000000000002,0.0702511839726895
22.02,0.05638339883375776
22.024,0.06054622476175174
22.028,0.04162386476262421
22.032,0.04578593350457017
22.036,0.05875440800106468
22.04,0.03323656435043393
22.044,0.05878476965035405
22.048000000000002,0.06558878898878943
22.052,0.03730010459891215
22.056,0.04843668471652724
22.06,0.03182792762531603
22.064,0.08064575444882571
22.068,0.05708246614156311
22.072,0.06957521504079602
22.076,0.04404415628007252
22.080000000000002,0.03119171294312023
22.084,0.04635684904237572
22.088,0.07504568238014361
22.092,0.07971873902448998
22.096,0.06319806960471307
22.1,0.047655800728078006
22.104,0.055751680399332725
22.108,0.06891951338773836
22.112000000000002,0.027769298276272582
22.116,0.06491119659544194
22.12,0.03165238559498043
22.124,0.05262905870474276
22.128,0.06162815135499018
22.132,0.05279987270300386
22.136,0.04912340652797665
22.14,0.07219842161948395
22.144000000000002,0.03920354275699593
22.148,0.04007951268075279
22.152,0.028707220870243133
22.156,0.05020683485556936
22.16,0.06108037427190844
22.164,0.044158440274596616
22.168,0.009050742748323994
22.172,0.05449784660540531
22.176000000000002,0.05801884417987617
22.18,0.029011418087897263
22.184,0.04094428828629655
22.188,0.04582816948742277
22.192,0.03009976030859252
22.196,0.050047389459152436
22.2,0.04631651016237543
22.204,0.022028389458418254
22.208000000000002,-0.009104007654655959
22.212,0.026075687041501698
22.216,0.07117114412563852
22.22,0.06685823082372713
22.224,0.037184112382060076
22.228,0.02235736462818505
22.232,0.07096983658685539
22.236,0.056264348931702936
22.240000000000002,0.066642121310551
22.244,0.07819771784751003
22.248,0.050600283326710925
22.252,0.04346554052899529
22.256,0.026788415774844934
22.26,0.044100149381122854
22.264,0.021837049222740715
22.268,0.061594278631969056
22.272000000000002,0.036303568100107916
22.276,0.07100119907284591
22.28,0.03344788761348676
22.284,0.04840463556810511
22.288,0.024388643520490368
22.292,0.05640488326818772
22.296,0.023055859008940097
22.3,0.06410701700485696
22.304000000000002,0.04923143142477122
22.308,0.0025182526034465066
22.312,0.01112343497122727
22.316,0.042408974761870805
22.32,0.03635543836627321
22.324,0.07605925855518275
22.328,0.019708897253860415
22.332,0.032572452631787804
22.336000000000002,0.03631974690190139
22.34,0.04058901208632153
22.344,0.06937855952517459
22.348,0.03378888454915346
22.352,0.004176407614150973
22.356,0.06561746018520298
22.36,0.042918626047913855
22.364,0.0053165483017413445
22.368000000000002,0.02101236595642928
22.372,0.027698402683115596
22.376,0.03593536780476367
22.38,0.048809382608413776
22.384,0.028145649930225402
22.388,0.022314846191377004
22.392,0.013242801677653928
22.396,0.028620147990731027
22.400000000000002,0.03298096635773089
22.404,0.04032379913101754
22.408,-0.01129213241952736
22.412,0.013227426618389514
22.416,0.039516588377328674
22.42,0.06287277713007347
22.424,0.047269542783148266
22.428,-0.015367669612643922
22.432000000000002,-0.008980220677202819
22.436,0.03953806584411066
22.44,0.028992763797698846
22.444,0.029032365419754364
22.448,0.06606608465642066
22.452,0.006395613049637653
22.456,0.05036361533012081
22.46,0.028571008047168146
22.464000000000002,0.014510394362207125
22.468,-0.015115579218082133
22.472,0.0023660431367693545
22.476,0.054738401416488
22.48,0.02639348115765286
22.484,0.04000278846716657
22.488,0.035284597102784296
22.492,0.02045576802341567
22.496000000000002,0.03959272497426631
22.5,0.02900534755437459
22.504,0.018811590418175473
22.508,0.015782804897626436
22.512,0.0074358902689178556
22.516000000000002,0.026909137062308033
22.52,0.017266311073064988
22.524,0.042270900137093864
22.528,0.01409509355548142
22.532,0.001988626954763907
22.536,-0.01708049745178139
22.54,0.033880410154059966
22.544,0.06748887967839884
22.548000000000002,0.017575564446415157
22.552,-0.025528810283443875
22.556,0.035711954395760914
22.56,0.004002984296503276
22.564,0.030305619334646823
22.568,0.02344938919631105
22.572,0.02989234777179344
22.576,0.01790211430770757
22.580000000000002,0.00979364407623113
22.584,0.03568038400011139
22.588,0.00864342692873781
22.592,0.036898534288045085
22.596,0.001803461916647365
22.6,0.016044109141671196
22.604,-0.0018718104705637492
22.608,0.03051733958598731
22.612000000000002,-0.0013056580173892787
22.616,-0.004520560649398488
22.62,0.029631980930851065
22.624,0.017292284984738726
22.628,0.008580195750027074
22.632,-0.00956303570010208
22.636,0.008459892112722543
22.64,0.01679185820613616
22.644000000000002,0.0215839010040669
22.648,-0.005698348976791088
22.652,0.017524599097344863
22.656,-0.029768596070469056
22.66,0.008097207751259983
22.664,-0.011343511640303231
22.668,0.020007817346610564
22.672,-0.0027629365566484076
22.676000000000002,0.05009353913284317
22.68,0.007801099335621869
22.684,0.01066007623361228
22.688,-0.04034664818765008
22.692,-0.023543960942620023
22.696,0.022913832337233472
22.7,-0.01066865779252846
22.704,0.023915821857338034
22.708000000000002,-0.01217304988720491
22.712,0.013215304104535093
22.716,-0.014786564501815317
22.72,0.008991693479532558
22.724,0.013359807383908979
22.728,0.017803114640152953
22.732,-0.01360988193822754
22.736,-0.022491664488031395
22.740000000000002,0.0188360282134801
22.744,0.023256609035154675
22.748,0.05304869778736456
22.752,0.053462268137952795
22.756,0.1518532177448739
22.76,0.2230384376867602
22.764,0.32561944859640574
22.768,0.48451318900397505
22.772000000000002,0.6714540578878637
22.776,0.8087823213196843
22.78,0.9271897298083923
22.784,0.9890504282656725
22.788,0.9743305446426206
22.792,0.9330395068236507
22.796,0.7837049563109226
22.8,0.5994079744409457
22.804000000000002,0.4393725678656445
22.808,0.3123447081286267
22.812,0.19901595209634979
22.816,0.13529563211706974
22.82,0.012621360032295498
22.824,0.04337497080586618
22.828,0.03138242553179779
22.832,-0.011669362183940983
22.836000000000002,0.016947635459207362
22.84,-0.023597042553148356
22.844,-0.01477824617850866
22.848,-0.022035917850803118
22.852,0.018691364774955213
22.856,0.009470902596093166
22.86,0.007983495819133128
22.864,-0.03642823366784089
22.868000000000002,-0.012452395472146747
22.872,-0.037212491900615374
22.876,-0.012101003365262325
22.88,-0.004486130621781874
22.884,0.01116891263369749
22.888,-0.01915001222764791
22.892,-0.01211449623205239
22.896,-0.019849166582097975
22.900000000000002,-0.03859232153710654
22.904,0.014974396296127995
22.908,-0.010609705690852202
22.912,0.010014891115704999
22.916,-0.002317857059465387
22.92,-0.044511757395397096
22.924,-0.032035604728211556
22.928,-0.006485859082480677
22.932000000000002,-0.003509681679937416
22.936,-0.0072090412967219745
22.94,-0.021148711672773154
22.944,-0.004486985960520457
22.948,-0.041514235423794225
22.952,-0.027250995189898475
22.956,-0.0456801251061202
22.96,-0.003381749800689393
22.964000000000002,-0.016016895364940137
22.968,-0.009818344226867169
22.972,-0.02945662791276917
22.976,-0.07511112684885511
22.98,-0.0407174586445533
22.984,-0.02228235329550337
22.988,-0.024623733054024512
22.992,-0.007762485249474409
22.996000000000002,-0.004104596192308567
23.0,-0.03793225646416103
23.004,-0.011448786997133517
23.008,-0.06194894481590357
23.012,-0.014502854682459626
23.016000000000002,-0.07027361090682455
23.02,-0.018469093445528093
23.024,-0.07433220007289049
23.028000000000002,-0.01934066680255695
23.032,0.0022991910691198617
23.036,-0.03322210540627048
23.04,-0.016131473846512784
23.044,-0.008276350928143071
23.048000000000002,-0.08471051159169235
23.052,-0.06981042320770192
23.056,-0.031146719012273182
23.06,-0.05373936848214238
23.064,-0.040306569733365924
23.068,0.02223422103301661
23.072,0.0046497000358855095
23.076,-0.01996384832080167
23.080000000000002,-0.04676360406471245
23.084,-0.02247684800592361
23.088,-0.02660534002642649
23.092,-0.037237052549694366
23.096,-0.0009034719714833758
23.1,-0.07307659041249472
23.104,-0.002875324740040104
23.108,-0.043592563530963
23.112000000000002,-0.008897387900873355
23.116,-0.03831731094148972
23.12,-0.04747993139452332
23.124,-0.049705260740914026
23.128,-0.031200681534955033
23.132,-0.029552450181009427
23.136,0.02431162437853563
23.14,-0.0049505891549025405
23.144000000000002,-0.03829564636439642
23.148,-0.06240514391548538
23.152,-0.036011353781487995
23.156,-0.02653713002925796
23.16,-0.07293344792205192
23.164,-0.03855911484062058
23.168,-0.01272590808425151
23.172,-0.04860476542488717
23.176000000000002,-0.07202770262514653
23.18,-0.024268590451564757
23.184,-0.007122404448938892
23.188,-0.0443214654217309
23.192,-0.0369335283762688
23.196,-0.016719681273437842
23.2,-0.02970051866740453
23.204,-0.05495505953487408
23.208000000000002,-0.04806952054072368
23.212,-0.04297843152738207
23.216,-0.0414632139364101
23.22,-0.017851132631037856
23.224,-0.06280724325914708
23.228,-0.034063190092602405
23.232,-0.04543884860696103
23.236,-0.08483658553705516
23.240000000000002,-0.02776770570803701
23.244,-0.04004259029698228
23.248,-0.06946105546000836
23.252,-0.07960936918866371
23.256,-0.0242861916107914
23.26,-0.009368621312427175
23.264,-0.04205171254308006
23.268,-0.04865284798258438
23.272000000000002,-0.02943599795735576
23.276,-0.05788457376250217
23.28,-0.05527227358336798
23.284,-0.025351528458157652
23.288,-0.0683341159997733
23.292,-0.021654930665642235
23.296,-0.03918832148782965
23.3,-0.018700716173787994
23.304000000000002,-0.0835351887076651
23.308,-0.01921733785395571
23.312,-0.04784667828435104
23.316,-0.03305782324901278
23.32,-0.06285189998195026
23.324,-0.06728951146292808
23.328,-0.022862994006502026
23.332,-0.03673816846010245
23.336000000000002,-0.03538054413427507
23.34,-0.03279880918296533
23.344,-0.03440692275829915
23.348,-0.07935312401363828
23.352,-0.05340857931417978
23.356,-0.05422722727965663
23.36,-0.006073507610729452
23.364,-0.01993936839698084
23.368000000000002,-0.06560713053116761
23.372,-0.07811838115757203
23.376,-0.03293520282657077
23.38,-0.03592142700724325
23.384,-0.01953313657206104
23.388,-0.07153139737763728
23.392,-0.013676346288052123
23.396,-0.043916934851647535
23.400000000000002,-0.021558834106425916
23.404,-0.04227000957779988
23.408,-0.05666119010291083
23.412,-0.06445552421731315
23.416,-0.020206191383251283
23.42,-0.11428187596943475
23.424,-0.02599519970163921
23.428,-0.034213010011944434
23.432000000000002,-0.06269743548837763
23.436,-0.03266887371536653
23.44,-0.05117441044361017
23.444,-0.07531287823959452
23.448,-0.05462033625638661
23.452,-0.036736221158354045
23.456,-0.047925099803826934
23.46,-0.06460751714700766
23.464000000000002,-0.034908285790950476
23.468,-0.033795938874380926
23.472,-0.023965380850924645
23.476,-0.04457470184608118
23.48,-0.018260961891278592
23.484,-0.06388276317675046
23.488,-0.05822331000308413
23.492,-0.07865306996652487
23.496000000000002,-0.050769249880665196
23.5,-0.048209728091742565
23.504,-0.05002241696014359
23.508,-0.07584257025784368
23.512,-0.028597103163233193
23.516000000000002,-0.08442527899389068
23.52,-0.06892249241458055
23.524,-0.11054779893879414
23.528000000000002,-0.028132864823425342
23.532,-0.03316653548219417
23.536,-0.05356631175992995
23.54,-0.04275286428702205
23.544,-0.07510517479951032
23.548000000000002,-0.07180306047420101
23.552,-0.06956921545231626
23.556,-0.04284948449143337
23.56,-0.05739438096948882
23.564,-0.045699835463108254
23.568,-0.07128438689262669
23.572,-0.07700997600860396
23.576,-0.040326839416406454
23.580000000000002,-0.04291364715755609
23.584,-0.03939523328492818
23.588,-0.06066181487422102
23.592,-0.0399874734947624
23.596,-0.07318824626029638
23.6,-0.05427633261598027
23.604,-0.006839983178258885
23.608,-0.0007016399134338464
23.612000000000002,0.04704401980565569
23.616,0.13375340673520872
23.62,0.2994761341394109
23.624,0.39707424296613514
23.628,0.5709270891919033
23.632,0.7186380101397924
23.636,0.9035907617084634
23.64,0.9327238289447841
23.644000000000002,0.9718932243439408
23.648,0.9156852891278779
23.652,0.7928365060403729
23.656,0.6351700487245315
23.66,0.4429451804237561
23.664,0.3360629696868102
23.668,0.2448326962073575
23.672,0.11717534850137466
23.676000000000002,0.0839865218317804
23.68,0.016516351938475712
23.684,-0.00251341966931826
23.688,-0.04354010128457349
23.692,-0.042427566470596645
23.696,-0.03237202245958075
23.7,-0.01997940901133491
23.704,-0.0648110711752605
23.708000000000002,-0.07314769642029702
23.712,-0.04578475690749708
23.716,-0.045590455543632405
23.72,-0.03347278889586723
23.724,-0.007634389297906642
23.728,-0.05432289393899693
23.732,-0.003883169708631354
23.736,-0.030562047522378406
23.740000000000002,-0.041575703492384534
23.744,-0.07662926395309622
23.748,-0.01091842287019408
23.752,-0.004821286909697839
23.756,-0.031288004886887655
23.76,-0.030478332590048268
23.764,-0.04961068722474605
23.768,-0.08047194720362254
23.772000000000002,-0.05692380992175012
23.776,-0.07020178946449784
23.78,-0.06846508314505566
23.784,-0.057369847470891314
23.788,-0.05176930779063477
23.792,-0.02902802416360998
23.796,-0.012440303102258372
23.8,-0.04362439418067832
23.804000000000002,-0.02252128294093706
23.808,-0.04596256753048711
23.812,-0.04490539489885754
23.816,-0.03125803257679934
23.82,-0.05101038373926308
23.824,-0.03277815566762636
23.828,-0.047644102784394085
23.832,-0.05526379057572581
23.836000000000002,-0.0509164890221064
23.84,-0.005626521505350084
23.844,-0.03158220825624355
23.848,-0.045744346018912356
23.852,-0.0325487544440772
23.856,-0.05154901398022458
23.86,-0.04532465979917441
23.864,-0.042770985426875734
23.868000000000002,-0.06955593177666236
23.872,-0.03828767546955304
23.876,-0.02570300314211566
23.88,-0.028769602863166967
23.884,-0.03704755015807231
23.888,-0.012070275346167374
23.892,-0.05025920159980527
23.896,-0.010469582807252385
23.900000000000002,-0.012912513380619571
23.904,-0.028306698953316205
23.908,-0.0012195059165349131
23.912,-0.0479655420931685
23.916,-0.026442381626331297
23.92,-0.034136738606461346
23.924,-0.04649774733313852
23.928,-0.03705660308890893
23.932000000000002,-0.021966613095432044
23.936,-0.021666313877011505
23.94,-0.016709261688476702
23.944,-0.04267949220726609
23.948,-0.030891094827650352
23.952,-0.03082905372016623
23.956,-0.04149788320745798
23.96,-0.0280905567183418
23.964000000000002,-0.07064120741757265
23.968,-0.050740397967115866
23.972,-0.03693385834447375
23.976,-0.03412057792873066
23.98,-0.013099874623946807
23.984,-0.03706588849768021
23.988,0.008551774456920153
23.992,-0.054751066748071994
23.996000000000002,0.012362220675576914
24.0,-0.04358430415800783
24.004,-0.04717176659949148
24.008,-0.03876405719846246
24.012,-0.035913952758170976
24.016000000000002,-0.02897854787847485
24.02,-0.0319723002427747
24.024,-0.01313380795835391
24.028000000000002,-0.006265451648874499
24.032,-0.04291659603035045
24.036,0.003656018652273361
24.04,-0.015821622259174082
24.044,-0.020414602036173745
24.048000000000002,-0.0030005291745541056
24.052,-0.02155002119637492
24.056,0.00970639735299969
24.060000000000002,-0.043221102372719894
24.064,0.005904893814053479
24.068,-0.027638094816105508
24.072,-0.0029758623665630535
24.076,-0.026315354803442534
24.080000000000002,0.01651504681480023
24.084,-0.008778309874606077
24.088,-0.0010126355578491397
24.092,-0.037026515862075844
24.096,-0.04500820983995057
24.1,-0.010042181115160486
24.104,0.015989216826187376
24.108,-0.010772062365234415
24.112000000000002,-0.04311815656393124
24.116,0.020935879267130034
24.12,-0.02311186689933041
24.124,0.002801749499779887
24.128,-0.028437546640571035
24.132,-0.025911210391021212
24.136,-0.005410249603234192
24.14,-0.06374761559421264
24.144000000000002,-0.03049011897367914
24.148,-0.0185966552357855
24.152,-0.018001723224652606
24.156,-0.042131727710060074
24.16,0.012926762291766713
24.164,-0.013244389164834391
24.168,-0.01193437956272373
24.172,-0.04615417811161468
24.176000000000002,-0.0097398481788469
24.18,0.0053126584093986205
24.184,0.009778863709292167
24.188,0.005082812289269744
24.192,-0.008110960946630375
24.196,-0.01087394920243762
24.2,-0.002325162988894727
24.204,0.0078047150986282066
24.208000000000002,-0.00966995261768933
24.212,-0.009089039579074976
24.216,0.0033507582277008665
24.22,-0.009019202990248172
24.224,0.0016198262802878853
24.228,-0.0004960442296706037
24.232,-0.021122656188725084
24.236,0.027583967427235904
24.240000000000002,0.011436239407431369
24.244,-0.019607238984074314
24.248,-0.02016958442198626
24.252,-0.0104607885969858
24.256,-0.012284607481606095
24.26,-0.01959290422780634
24.264,0.0046868445876584565
24.268,-0.005752601831519727
24.272000000000002,-0.017755975826052674
24.276,0.03185516696490249
24.28,-0.005040371289114517
24.284,0.008583162983899212
24.288,-0.023894314756789402
24.292,-0.018918211586330735
24.296,-0.016688266107163785
24.3,0.022207233603358342
24.304000000000002,0.018408720903253017
24.308,-0.00016036586554604628
24.312,-0.001027402677858876
24.316,0.011756053562959936
24.32,-0.01141449666830684
24.324,0.001260751854114661
24.328,0.025214278526614703
24.332,-0.010842838198423644
24.336000000000002,0.020044078693862575
24.34,0.005642396058281381
24.344,0.011698907647921562
24.348,0.005497278190074883
24.352,0.025668704649218718
24.356,0.026422915925072114
24.36,0.02047097120247639
24.364,-0.022162509096259296
24.368000000000002,0.012880782228300115
24.372,0.03417675391260748
24.376,-0.008739864375573241
24.38,-0.018667377052462856
24.384,0.007648876478491915
24.388,0.028360535758787466
24.392,-0.01234686177693172
24.396,0.01979332998731266
24.400000000000002,0.00793341069132292
24.404,0.013186752024133936
24.408,0.0223942598365812
24.412,0.011230126204358953
24.416,0.003919913141719668
24.42,0.01884954681366788
24.424,0.046374455367835146
24.428,0.028211358369689285
24.432000000000002,0.030485097734741118
24.436,-0.0010470484058711683
24.44,0.007692209517202411
24.444,-0.007247839091516595
24.448,0.039097804519173135
24.452,0.04453707870376919
24.456,0.04124929041930029
24.46,0.06353241474733035
24.464000000000002,0.06784641194002897
24.468,0.11587881067949131
24.472,0.219771306298868
24.476,0.2913389134430677
24.48,0.4528735437034581
24.484,0.620896273210873
24.488,0.7257964530832857
24.492,0.8727982543352641
24.496000000000002,1.0217219918737388
24.5,1.0431079462904753
24.504,1.0197648754774944
24.508,0.9250335675213488
24.512,0.7450569236619117
24.516000000000002,0.631175067862366
24.52,0.46406136696911504
24.524,0.32432846019904105
24.528000000000002,0.2079989307677201
24.532,0.12252554182957313
24.536,0.06818890880234932
24.54,0.027671504024230922
24.544,0.02474782563054288
24.548000000000002,0.018897999115892145
24.552,0.034729826621156826
24.556,0.015926522563284445
24.560000000000002,-0.005359917164327422
24.564,0.03298625799380715
24.568,-0.010683276025130646
24.572,0.02332553231512515
24.576,0.043923605997005497
24.580000000000002,0.0003241175099137558
24.584,0.007030135158751633
24.588,0.030152433340277552
24.592,0.05803910797480476
24.596,0.029345132474288656
24.6,0.023305877826370502
24.604,0.03772444410111398
24.608,-0.0019038499562606948
24.612000000000002,0.0030520670987413123
24.616,0.046940490947994844
24.62,0.04950342191538187
24.624,0.045729417885846016
24.628,0.0369321263105289
24.632,0.043488654566499654
24.636,-5.129678034052759e-05
24.64,0.01346845918978272
24.644000000000002,0.027547066384410103
24.648,0.05492536225988731
24.652,0.03982131271897892
24.656,0.03690382673024429
24.66,0.014132658693265517
24.664,0.039318192053174876
24.668,0.04472793798607018
24.672,0.04888827384466648
24.676000000000002,0.03518049273150636
24.68,0.07869171790486777
24.684,0.01524919860731129
24.688,0.056552242582940865
24.692,0.013475103165950068
24.696,0.013850194965163341
24.7,0.05377467358464302
24.704,0.031854962815210344
24.708000000000002,0.025048552064144976
24.712,0.04120048604904002
24.716,0.09154844117429625
24.72,0.028891045444383555
24.724,0.03458750166435893
24.728,0.06606913666423092
24.732,0.030574563420103777
24.736,0.08984471594572693
24.740000000000002,0.01672745025356243
24.744,0.038253499510503705
24.748,0.062314642236749665
24.752,0.03840284906388322
24.756,0.03331869187720954
24.76,0.015229895928958705
24.764,0.04091223937493409
24.768,0.06090955842251014
24.772000000000002,0.038617816374673875
24.776,0.024304358453932636
24.78,0.07088586668022596
24.784,0.06141061326685942
24.788,0.05618448828388474
24.792,0.040377312039837056
24.796,0.027814543978340864
24.8,0.06791289158754141
24.804000000000002,0.04651938007335718
24.808,0.037858832532668446
24.812,0.041874790091798425
24.816,0.053366226146328355
24.82,0.06263904497410537
24.824,0.045489264062963934
24.828,0.038452845299991205
24.832,0.02364562737500293
24.836000000000002,0.04076296646665786
24.84,0.04220762921718978
24.844,0.052911649780330826
24.848,0.046231922761863636
24.852,0.03610502717093703
24.856,0.04461489578291215
24.86,0.05939943871202604
24.864,0.04515219457645214
24.868000000000002,0.04375362540845292
24.872,0.042386659503554226
24.876,0.04080990879001419
24.88,0.0543268427242137
24.884,0.05988683173823539
24.888,0.04198492543356831
24.892,0.044078367322649706
24.896,0.05567260158894196
24.900000000000002,0.06300795410090489
24.904,0.07539408005797757
24.908,0.021812508848349368
24.912,0.06514402181531098
24.916,0.038829821550383115
24.92,0.06080850412494258
24.924,0.06669828608323759
24.928,0.08507994344255361
24.932000000000002,0.038750244149403236
24.936,0.06895694953526893
24.94,0.0009009518846179176
24.944,0.049979118387277394
24.948,0.0054116128839777275
24.952,0.03481245081196573
24.956,0.026767428083313817
24.96,0.020273123987829336
24.964000000000002,0.04859236738726132
24.968,0.027303384713217266
24.972,0.026177068669785454
24.976,0.03326040189991604
24.98,0.03863236292165835
24.984,0.05913381517927188
24.988,0.04016878193322344
24.992,0.030606480051084788
24.996000000000002,0.015237665551621926
25.0,0.06035188858334696
25.004,0.0545739732277336
25.008,0.061132123726704436
25.012,0.03564918092925179
25.016000000000002,0.07267797281788452
25.02,0.05982954400972665
25.024,0.09377601823987225
25.028000000000002,0.041662764462419156
25.032,0.06539684097556672
25.036,0.08089191387000705
25.04,0.04421981104808052
25.044,0.04832495239959425
25.048000000000002,0.038927898464776116
25.052,0.04336109945272464
25.056,0.06460099388203165
25.060000000000002,0.052705921524165186
25.064,0.027871355285999856
25.068,0.0973489799310648
25.072,0.03448636030905412
25.076,0.07148909407489246
25.080000000000002,0.049592729656948546
25.084,0.06198559757899878
25.088,0.05989218055004061
25.092,0.06438915674636725
25.096,0.06421120737097848
25.1,0.08244975045679663
25.104,0.03490997454334547
25.108,0.022321930435475132
25.112000000000002,0.015295203563718808
25.116,0.007664261836215748
25.12,0.057805039253769876
25.124,0.013211779565132795
25.128,0.01580451848775416
25.132,0.052230734547258184
25.136,0.04162045942086155
25.14,0.0489536579780871
25.144000000000002,-0.006139341485025457
25.148,0.021458207066681688
25.152,0.01614676671412002
25.156,0.04587401496188912
25.16,0.045377939836222424
25.164,0.053912693019646414
25.168,0.070111540798776
25.172,0.11435559876609906
25.176000000000002,0.0352074593729573
25.18,0.059330443107765175
25.184,0.06330721885161081
25.188,0.043048674930122745
25.192,0.025330548028408426
25.196,0.06205903320031425
25.2,0.06249589108870359
25.204,0.0556521308840853
25.208000000000002,0.03012739375563476
25.212,0.00014315160622432183
25.216,0.02349272429720148
25.22,0.06782972903049185
25.224,0.06739164690060333
25.228,0.02345022331810771
25.232,0.0484154214373474
25.236,0.06904898571873243
25.240000000000002,0.06943194661473859
25.244,0.02450597160465616
25.248,0.03904855255500656
25.252,0.041189025400484455
25.256,0.02039225952392707
25.26,0.07669023675423611
25.264,0.006823182131290836
25.268,0.049840738442466205
25.272000000000002,0.06190155176180346
25.276,0.05035427436504139
25.28,0.05594149619462432
25.284,-0.0037501541583598516
25.288,0.041808944570639606
25.292,0.046576017607309235
25.296,0.046238075116028815
25.3,0.014564524407736153
25.304000000000002,0.03702466940091802
25.308,0.02795200843678931
25.312,0.07797346875610893
25.316,0.04937096286779397
25.32,0.0829228111172393
25.324,0.12222224442576314
25.328,0.18577197774395282
25.332,0.31740115002413516
25.336000000000002,0.43728017706515293
25.34,0.5657375020618103
25.344,0.7120483178794756
25.348,0.8588884958945128
25.352,0.9428255943665298
25.356,1.0352853125130586
25.36,1.0246956347701026
25.364,0.9334948072604324
25.368000000000002,0.7869613150545343
25.372,0.6715571447782502
25.376,0.5044665844886675
25.38,0.351465540517277
25.384,0.2675487468810134
25.388,0.1601413610469057
25.392,0.13778707227444198
25.396,0.06527972174784437
25.400000000000002,0.05367007671117459
25.404,0.029171571397837548
25.408,0.054434790499074806
25.412,0.024475398153291777
25.416,0.04107357891060604
25.42,0.03501046593406576
25.424,0.01712317903559557
25.428,0.07559063392294701
25.432000000000002,0.053122702792401374
25.436,0.026332931524973145
25.44,0.04761014564770541
25.444,0.03735229765791123
25.448,0.021459614760347946
25.452,0.06626442460786089
25.456,0.046081600956889644
25.46,0.041350646038927436
25.464000000000002,0.039243502140120436
25.468,0.041956448653067586
25.472,0.043473357058977743
25.476,0.03295627951021601
25.48,0.03162686682578806
25.484,0.02986964955047174
25.488,-0.0029056242579482347
25.492,0.023175137316799252
25.496000000000002,0.05073853291025252
25.5,0.0566358368725425
25.504,0.029737003664087155
25.508,0.009544490984013741
25.512,0.045130697083488915
25.516000000000002,0.008650903561175169
25.52,0.00383398891636752
25.524,-0.003919086552880313
25.528000000000002,-0.0171283646471472
25.532,0.060492286523994514
25.536,0.02350535624228439
25.54,-0.034429334564412065
25.544,0.005583749323909221
25.548000000000002,-0.012488244457773238
25.552,0.037998367679828254
25.556,0.007506483169997859
25.560000000000002,0.005012165885901303
25.564,0.03221645045602517
25.568,0.051139824810485984
25.572,0.003365200883486111
25.576,0.01712828523195502
25.580000000000002,-0.0016551543716016581
25.584,0.035712777181719293
25.588,0.021787088005964315
25.592000000000002,0.018971923373406845
25.596,-9.9334027639085e-05
25.6,0.04514803462115622
25.604,0.009368985352681542
25.608,0.038223023063519795
25.612000000000002,0.03881268108220087
25.616,-0.008713048751229035
25.62,0.00975230981104891
25.624,0.018311566043734167
25.628,-0.008565669805552152
25.632,0.010522958227091199
25.636,0.018418926530043442
25.64,-0.021068875838745435
25.644000000000002,0.0052804766722482355
25.648,0.017220751256332944
25.652,0.0012523165157560315
25.656,-0.0016375279569812717
25.66,-0.018248533853390564
25.664,0.009508730858109892
25.668,0.012842431948016295
25.672,0.0062918982753982205
25.676000000000002,0.035027935493872224
25.68,0.007728321090883093
25.684,-0.0011601412003410128
25.688,0.0413197771526622
25.692,0.020294069069731937
25.696,0.027904990947028703
25.7,0.03134858819247394
25.704,-0.004948920086193456
25.708000000000002,-0.014321287735292808
25.712,0.03737837876949337
25.716,-0.0337203913695839
25.72,-0.006779253545383331
25.724,0.0350487138953333
25.728,-0.01024260505196714
25.732,0.01740641616117078
25.736,-0.01380101947286807
25.740000000000002,0.04896584456906425
25.744,-0.00018071649794717658
25.748,0.017166972943729243
25.752,-0.0258989645744773
25.756,0.014826593069689434
25.76,0.013496545881465127
25.764,-0.00973264557786113
25.768,0.012592325253796296
25.772000000000002,-0.005624499101891364
25.776,0.006092471222861665
25.78,-0.012319114280359613
25.784,-0.011718869593707732
25.788,-0.02757727194573673
25.792,0.005295870390732855
25.796,-0.008039003392993033
25.8,-0.018231125337808348
25.804000000000002,0.028052807791570315
25.808,-0.004680040282588616
25.812,-0.008321070050841685
25.816,-0.020329881629655752
25.82,0.012224441622485281
25.824,-0.003632365002721248
25.828,-0.023588273113273953
25.832,-0.012458582753776676
25.836000000000002,0.003639416595786031
25.84,-0.006236958354902764
25.844,0.014473066127269327
25.848,0.011292165618099237
25.852,0.0341633327428716
25.856,-0.022937788217787355
25.86,-0.011200824343486043
25.864,-0.015547967978597914
25.868000000000002,-0.015909721112742088
25.872,-0.010126771113081261
25.876,-0.01888491095994537
25.88,0.00558492916375955
25.884,-0.03716478958192056
25.888,-0.012000730038459848
25.892,-0.0009855559098571331
25.896,0.006077030379321559
25.900000000000002,-0.014507260421386484
25.904,-0.008405987655856706
25.908,-0.013843690680360426
25.912,-0.005533698833728824
25.916,-0.019202007163249706
25.92,-0.0018900099031593596
25.924,0.010276848463393242
25.928,0.024517058746317096
25.932000000000002,-0.023876214735924453
25.936,-0.0008605232035143635
25.94,-0.012526292240624405
25.944,-0.009899064540388325
25.948,-0.027506997555584972
25.952,-0.016692459150484572
25.956,-0.008240638515897921
25.96,-0.01921924101376804
25.964000000000002,-0.028096166582301633
25.968,0.0038101958676151244
25.972,-0.018328787754713822
25.976,-0.025747224164950396
25.98,-0.021179948629998703
25.984,-0.026212465522789198
25.988,-0.037196803527074024
25.992,-0.012429526240935315
25.996000000000002,-0.027688311587999143
26.0,-0.048112122832172456
26.004,-0.0039100767201246805
26.008,-0.031147047880763216
26.012,-0.0532501128302017
26.016000000000002,-0.026697532333367406
26.02,-0.03956855542243293
26.024,-0.022331071476403223
26.028000000000002,-0.049814496807571905
26.032,-0.035007058249655304
26.036,-0.05960623578142757
26.04,-0.05482795362123932
26.044,-0.026238951419867037
26.048000000000002,-0.0396620052115872
26.052,0.0012028395784937918
26.056,-0.043664121763417205
26.060000000000002,-0.02625281196423659
26.064,-0.05505078418415242
26.068,-0.0008015381921665232
26.072,-0.029729490536099256
26.076,-0.06110490823800095
26.080000000000002,-0.026562846340373335
26.084,-0.041201472896708155
26.088,0.010667154072403366
26.092000000000002,-0.010552270106808807
26.096,-0.047886487001578604
26.1,-0.018647343737471143
26.104,-0.02349818385928134
26.108,-0.04026164119230867
26.112000000000002,-0.040122873663688344
26.116,-0.03896968499774623
26.12,-0.053411321524836505
26.124,-0.028786172947369286
26.128,-0.04460109745606821
26.132,-0.03692287991294142
26.136,-0.04243739401142786
26.14,-0.04989548429764097
26.144000000000002,0.0022291877823682957
26.148,-0.030346227752086334
26.152,-0.023025701144972932
26.156,0.01700751349818897
26.16,-0.0363737426541471
26.164,-0.047592313699048455
26.168,-0.06277264818913744
26.172,-0.047154626863618224
26.176000000000002,0.01281135277493074
26.18,0.0076298245524056285
26.184,0.05116458598711118
26.188,0.1772151478618328
26.192,0.29091623168509606
26.196,0.46953976485805243
26.2,0.5670532299670056
26.204,0.7707805148436737
26.208000000000002,0.8298455325439033
26.212,0.9733068839869815
26.216,0.9583998595505386
26.22,0.8703958733629185
26.224,0.7939960686898512
26.228,0.6203509441419768
26.232,0.46811193641447385
26.236,0.3096959474465448
26.240000000000002,0.2106467024288492
26.244,0.11134013138728857
26.248,0.018742691476027577
26.252,-0.017589031292061394
26.256,-0.03855978534550848
26.26,-0.01792176448636732
26.264,-0.027024368123219733
26.268,-0.03621887008130396
26.272000000000002,-0.04752679673564893
26.276,-0.0550839517976127
26.28,-0.03712046075028699
26.284,-0.027800312903845915
26.288,-0.029103235178015503
26.292,-0.012360314749351412
26.296,-0.010606784841544085
26.3,-0.0521097792282129
26.304000000000002,0.005021461111380243
26.308,-0.015443657034606734
26.312,-0.0393901203139123
26.316,-0.038187865619822674
26.32,-0.03476917454059104
26.324,-0.05602435372444378
26.328,-0.05921841037696784
26.332,-0.04517119425913181
26.336000000000002,-0.05347211650990318
26.34,-0.10273184837420903
26.344,-0.034113439421193374
26.348,-0.08431089992383636
26.352,-0.04019897715697773
26.356,-0.05391461252981866
26.36,-0.059624030186070986
26.364,-0.03220663153344088
26.368000000000002,-0.06357205875882058
26.372,-0.0666609455934159
26.376,-0.04182763527075793
26.38,-0.04345832601624709
26.384,-0.06175342696874727
26.388,-0.06316012978316207
26.392,-0.06267680733608308
26.396,-0.041764414686992324
26.400000000000002,-0.039806594797664914
26.404,-0.03236018630812093
26.408,-0.05076712301053943
26.412,-0.06657398267582527
26.416,-0.03462736101714241
26.42,0.0031822047904303263
26.424,-0.017088965136948207
26.428,-0.0692298423765069
26.432000000000002,-0.033995625836408576
26.436,-0.05158459122468684
26.44,-0.05127992565519116
26.444,-0.05451405129630005
26.448,-0.06554470338287094
26.452,-0.079356914401542
26.456,-0.04069564054786098
26.46,-0.06956397910759905
26.464000000000002,-0.06028741683717972
26.468,-0.057175101615893724
26.472,-0.04770980917636677
26.476,-0.05822977833258013
26.48,-0.05257584795191556
26.484,-0.05808510519876037
26.488,-0.044647850026460406
26.492,-0.042635943187359034
26.496000000000002,-0.02064669517687874
26.5,-0.038538587975678634
26.504,-0.06099889518624474
26.508,-0.03851813872480293
26.512,-0.03147680376645645
26.516000000000002,-0.06086038929846966
26.52,-0.060522113069103614
26.524,-0.09417235066934267
26.528000000000002,-0.02006646527665939
26.532,-0.04669703640654988
26.536,-0.022807324925575356
26.54,-0.07975434125259773
26.544,-0.0959479071495447
26.548000000000002,-0.04331523938644993
26.552,-0.06601582749638592
26.556,-0.0459994852051177
26.560000000000002,-0.06468211533096957
26.564,-0.03305901272714511
26.568,-0.05568128126269038
26.572,-0.05236028911626168
26.576,-0.039499592477728745
26.580000000000002,-0.05780536523948289
26.584,-0.056515895725632696
26.588,-0.024200320314745286
26.592000000000002,-0.050600147446313075
26.596,-0.04427777191843248
26.6,-0.038710262106870175
26.604,-0.046367026417307375
26.608,-0.03825619645320627
26.612000000000002,-0.010620000489812952
26.616,-0.026715280988785783
26.62,-0.07587606898198246
26.624000000000002,-0.09157216102124122
26.628,-0.06515856332543064
26.632,-0.09454165895303798
26.636,-0.10117715653851819
26.64,-0.06835244521730759
26.644000000000002,-0.06661836571457225
26.648,-0.04398702515779605
26.652,-0.03839513817261098
26.656,-0.004322418670920147
26.66,-0.0612588699382359
26.664,-0.05906953283132343
26.668,-0.0425618686122782
26.672,-0.025204474084768662
26.676000000000002,-0.051831695329031605
26.68,-0.06438587327236361
26.684,-0.099574173615301
26.688,-0.02967454353025047
26.692,-0.050791381630561426
26.696,-0.015267291143576132
26.7,-0.009905984715932653
26.704,-0.00816352404411666
26.708000000000002,-0.036463392840621674
26.712,-0.028045457503787962
26.716,-0.07181404023458418
26.72,-0.03667314680813867
26.724,-0.05209217304034679
26.728,-0.0242264853552905
26.732,-0.05534360013835338
26.736,-0.04897965568293571
26.740000000000002,-0.06072408066365642
26.744,-0.008001666292248834
26.748,-0.041658621847138796
26.752,-0.0635503412683544
26.756,-0.05133125530252869
26.76,-0.06887397214013406
26.764,-0.019352152395184216
26.768,-0.01864215392436499
26.772000000000002,-0.03970745668230866
26.776,-0.036740087675700854
26.78,-0.071057110744711
26.784,-0.011214487443617693
26.788,-0.04289263480303447
26.792,-0.0011241567814891176
26.796,-0.05291669487731466
26.8,-0.031967495340773755
26.804000000000002,-0.023711732276298563
26.808,-0.02503402519398055
26.812,-0.04280951155902639
26.816,-0.018895072673467652
26.82,-0.03231058392457599
26.824,-0.03937239531528767
26.828,-0.06013263643222935
26.832,-0.013938718378956317
26.836000000000002,-0.03842054511539471
26.84,-0.029324958167131127
26.844,-0.039869797093396726
26.848,-0.03149564499464606
26.852,-0.04535788685938266
26.856,0.013072787685285032
26.86,-0.0015488594890503693
26.864,-0.023817955664462247
26.868000000000002,-0.03132638017416722
26.872,-0.02336324493029647
26.876,-0.05328468527721851
26.88,-0.024250858016356874
26.884,-0.03769999734390754
26.888,-0.04389888775456539
26.892,-0.048802730859386884
26.896,-0.0483691900444046
26.900000000000002,-0.025209504915373934
26.904,-0.03398644534564336
26.908,-0.0497759984684751
26.912,-0.02561724808721607
26.916,-0.03073876758938683
26.92,-0.035143432568387103
26.924,-0.004171765734578316
26.928,-0.03776081870345718
26.932000000000002,-0.058644649464159454
26.936,-0.029015410045893787
26.94,-0.05122886251034829
26.944,-0.014918237522105061
26.948,-0.019763091836067215
26.952,-0.03683077082947139
26.956,-0.02047745680552137
26.96,-0.037949525391834896
26.964000000000002,-0.0387814635604717
26.968,-0.06439956426465292
26.972,-0.07018063461435568
26.976,-0.03686258415281822
26.98,0.006131076558358553
26.984,-0.05160994087721711
26.988,-0.0293385791184387
26.992,-0.040433148470869006
26.996000000000002,-0.01697079288547259
27.0,-0.04294668869229204
27.004,-0.028511847575722934
27.008,-0.018093421113657263
27.012,-0.03528814018237208
27.016000000000002,-0.02726504810303525
27.02,-0.02640839928019963
27.024,-0.007708406420226669
27.028000000000002,0.003074101163548129
27.032,0.022295064904586076
27.036,0.04629710144382193
27.04,0.06869493424611928
27.044,0.15697510709272527
27.048000000000002,0.2828063140274322
27.052,0.4110002857611785
27.056,0.5843225591793412
27.060000000000002,0.7020146227995662
27.064,0.8462538040143807
27.068,0.9371698949552635
27.072,0.9847247879671874
27.076,0.9223229147902872
27.080000000000002,0.812428078905977
27.084,0.6912790955148678
27.088,0.5163931726073365
27.092000000000002,0.3510224010424107
27.096,0.25140368629105564
27.1,0.1432024470019645
27.104,0.08679726574562928
27.108,0.04523156691946648
27.112000000000002,-0.0023666837228939284
27.116,-0.009754379649937342
27.12,-0.012999819097655145
27.124000000000002,-0.00019691380939347407
27.128,-0.014948909398842301
27.132,0.005790109779387176
27.136,-0.024788935576067164
27.14,-0.013837194594026894
27.144000000000002,0.011568216927629223
27.148,-0.0399869057131778
27.152,-0.036971919299187
27.156,0.0010645702897441635
27.16,0.0026338169436637485
27.164,0.007415209045514374
27.168,0.00519798363733443
27.172,0.009254974749482323
27.176000000000002,-0.019772317207792114
27.18,-0.00941537747421113
27.184,0.0013422179740763488
27.188,-0.03218900605642503
27.192,-0.03296603619489742
27.196,-0.019491384973357465
27.2,0.011174583786991703
27.204,0.007176028431274286
27.208000000000002,-0.03174223534657669
27.212,-0.017410944604380543
27.216,-0.016777261636469785
27.22,-0.004387365836758811
27.224,-0.001609692814580818
27.228,-0.004927382568129076
27.232,-0.02225509291316205
27.236,0.016756872268550164
27.240000000000002,0.01608757109281011
27.244,-0.023349060343974087
27.248,-0.0062095701084426205
27.252,0.01783867230045773
27.256,0.004584771308198716
27.26,0.007270564608926526
27.264,-0.009694546914042174
27.268,0.026350221927070105
27.272000000000002,-0.021102654780646577
27.276,0.01754721130080158
27.28,0.03415580525511694
27.284,-0.01345621717579474
27.288,0.026853110704395708
27.292,0.01765676750261796
27.296,-0.009997158239305658
27.3,0.0056534675510880065
27.304000000000002,0.030073187625778132
27.308,-0.004965086143412604
27.312,-0.004573440201074116
27.316,-0.050192286213130904
27.32,-0.026934504014984994
27.324,-0.002182788516920082
27.328,0.0029966115355437796
27.332,0.01721884600727504
27.336000000000002,0.02302584631919485
27.34,0.04419876793905911
27.344,0.020625913929341738
27.348,0.06340671553926694
27.352,0.02266402136457337
27.356,0.03438333763800082
27.36,-0.006272674179127196
27.364,0.018161213204480414
27.368000000000002,0.028314035085505097
27.372,0.02857883450430349
27.376,0.0022838184984049076
27.38,0.010399859947571843
27.384,-0.012372311547292942
27.388,0.018485991707041776
27.392,-0.007619059438092605
27.396,0.03134985845303489
27.400000000000002,0.018064040161674816
27.404,0.027221730057273106
27.408,0.025372596903459485
27.412,0.02302975981513805
27.416,0.0304301357095978
27.42,0.016641973079585166
27.424,-0.015257291731165346
27.428,0.04035254223827926
27.432000000000002,0.0023798990638040467
27.436,0.03435988518883943
27.44,0.02761947119060679
27.444,0.02489575194011504
27.448,0.02107699486794603
27.452,0.023713480580152727
27.456,0.022630549112396828
27.46,0.01955992951330124
27.464000000000002,0.01718447302086415
27.468,0.0255836764753019
27.472,0.031819693647002226
27.476,0.012450212633964123
27.48,0.025620660678678513
27.484,-0.004203666306363287
27.488,0.006141327109976658
27.492,-0.010864408704490462
27.496000000000002,0.017355180379484317
27.5,0.03000828282385604
27.504,0.03645486277034196
27.508,-0.0021792822038376146
27.512,0.03942219743023729
27.516000000000002,0.004674555741445725
27.52,0.016811230773032104
27.524,0.015387511949612694
27.528000000000002,0.05521428350859252
27.532,0.02895983211110223
27.536,0.06584585383694644
27.54,0.045145077827730376
27.544,0.02192562551804525
27.548000000000002,0.0347801542232196
27.552,0.05329229690587986
27.556,0.011407214776946364
27.560000000000002,0.019045399575257436
27.564,0.02789173864650075
27.568,0.022844229887280094
27.572,0.024328231181546495
27.576,0.06193433201783497
27.580000000000002,0.03284024894724217
27.584,0.024285217702061532
27.588,0.02322721313136464
27.592000000000002,0.005346166557620713
27.596,0.04657478831945852
27.6,0.019713358405270758
27.604,0.09951349697619606
27.608,0.04096290952914515
27.612000000000002,0.021545017762396396
27.616,0.00982701435397585
27.62,0.024254748438817836
27.624000000000002,0.041088335000444044
27.628,0.022613787875360586
27.632,0.04606765817778148
27.636,0.04749560520593409
27.64,0.04533399232679691
27.644000000000002,0.04472053292685504
27.648,0.03553409612736326
27.652,0.023079695670210447
27.656,0.012377910765953452
27.66,0.005496350528074064
27.664,0.027857794387586808
27.668,0.049412397866609545
27.672,0.03677784733754144
27.676000000000002,0.017513916586817665
27.68,0.0547219124106853
27.684,0.019266616266126198
27.688,0.015848059537631354
27.692,0.019589584761482585
27.696,0.0258733040226308
27.7,0.037130868815380316
27.704,0.015438037295489544
27.708000000000002,0.00860391579477155
27.712,0.047622311142835105
27.716,0.04456766351207232
27.72,0.048856961157334455
27.724,0.054393865529397206
27.728,0.041356837621813025
27.732,0.0742691545697583
27.736,0.03696388447572339
27.740000000000002,0.03999308888262998
27.744,0.06600119721495631
27.748,0.04902491335699437
27.752,0.03879279960861736
27.756,0.04177404385561058
27.76,0.020017766297827127
27.764,0.05503221704218574
27.768,0.03853996688888993
27.772000000000002,0.05122656849227042
27.776,0.06818405898224716
27.78,0.05795806543654371
27.784,0.04850927545817485
27.788,0.05107121031586312
27.792,0.04644301198386262
27.796,0.07602909499085099
27.8,0.00853392611027736
27.804000000000002,0.03598201055523224
27.808,0.029343216861908307
27.812,0.05285822094327156
27.816,0.04161000743881172
27.82,0.047168790384312854
27.824,0.08183129274905956
27.828,0.05089595595653415
27.832,0.0620159185800949
27.836000000000002,0.03845461768026457
27.84,0.033374472436638436
27.844,0.027281751670951527
27.848,0.07350331207765723
27.852,0.025910520725685865
27.856,0.038000318344913506
27.86,0.0904660641762211
27.864,0.0545241633067316
27.868000000000002,0.048405043832911054
27.872,0.04402559622776479
27.876,0.028131271608820948
27.88,0.06017784849743827
27.884,0.07927681565115097
27.888,0.05699975027955703
27.892,0.09018185991481086
27.896,0.17411412998716655
27.900000000000002,0.2044118242854805
27.904,0.32401951731544254
27.908,0.48211425182544837
27.912,0.5757235726625742
27.916,0.7511391445064532
27.92,0.8811919337730566
27.924,0.9614174634876724
27.928,1.0731290969336722
27.932000000000002,1.034781094298536
27.936,0.9284901477920156
27.94,0.8059779224584462
27.944,0.6274807478143181
27.948,0.4544843441618258
27.952,0.33280916288475937
27.956,0.22321006474936517
27.96,0.14210224129945775
27.964000000000002,0.13125269134825665
27.968,0.06516036680923198
27.972,0.04411383389890573
27.976,0.05989450736392263
27.98,0.06128938192019184
27.984,0.08228743158766066
27.988,0.05536634936431561
27.992,0.02395433901233649
27.996000000000002,0.0329072791039278
28.0,0.06786853369300369
28.004,0.037392835735806575
28.008,0.05889922638672997
28.012,0.08530331386598221
28.016000000000002,0.022078170098009883
28.02,0.02137429697659271
28.024,0.046027173128859705
28.028000000000002,0.049323419258021306
28.032,0.06668677932429569
28.036,0.019300431052789467
28.04,0.06129716154174933
28.044,0.04515180437798069
28.048000000000002,0.01762827141822719
28.052,0.04504908671199306
28.056,0.05893270839859626
28.060000000000002,0.08380660744468132
28.064,0.03767987034430719
28.068,0.06309154906894585
28.072,0.02436716245097267
28.076,0.06986342283294665
28.080000000000002,0.051316289114781616
28.084,0.07949132953147309
28.088,0.023848992175621125
28.092000000000002,0.027667039603312037
28.096,0.01694140732777885
28.1,0.08319374251558781
28.104,0.04037634645114319
28.108,0.014418219802642594
28.112000000000002,0.03486199703910345
28.116,0.06506830910731362
28.12,0.061143629917068044
28.124000000000002,0.05707217177236324
28.128,0.023335003218842174
28.132,0.045305576668060475
28.136,0.010664835179070742
28.14,0.01960173427363543
28.144000000000002,0.059731134802528854
28.148,0.0652911978722378
28.152,0.043686789215256976
28.156000000000002,0.013198035786615249
28.16,0.02951325375923909
28.164,0.04044135255385159
28.168,0.07816843401693384
28.172,0.03521737809777333
28.176000000000002,0.019375313255125075
28.18,0.024565796608700268
28.184,0.030581409006796862
28.188,0.036578437808793524
28.192,0.041948876453877126
28.196,0.08501563989292635
28.2,0.03531055952547278
28.204,0.005301580567174724
28.208000000000002,0.06590778988483664
28.212,0.031149329870687123
28.216,0.03119364035341459
28.22,0.03478689845162913
28.224,0.051602539203935836
28.228,0.047944652314897966
28.232,0.05420375147614624
28.236,0.038531027717281445
28.240000000000002,0.04601810370514414
28.244,0.023797936443346043
28.248,0.023978506117661412
28.252,0.03253835570796401
28.256,0.035372743563486075
28.26,0.010918840387563286
28.264,0.020319152101435027
28.268,0.06729253181930527
28.272000000000002,0.06574279254854128
28.276,0.07438777841384697
28.28,0.06507938379269995
28.284,0.059830226828354684
28.288,0.07583273764608585
28.292,0.05474732979493708
28.296,0.0357923009719679
28.3,0.03629799215613786
28.304000000000002,0.04802847390047559
28.308,0.04977453362586932
28.312,0.03856010615518619
28.316,0.03462657629302475
28.32,0.04005806951869503
28.324,0.02531724709719061
28.328,0.08381722222485316
28.332,0.05027721735990175
28.336000000000002,0.0014870465319634443
28.34,0.056794210464857775
28.344,0.023727106860259552
28.348,0.035091545933310556
28.352,0.03936523534499603
28.356,0.05620174181373365
28.36,0.037977302844720694
28.364,0.04399090593885624
28.368000000000002,0.03568383136392392
28.372,0.08289423316301182
28.376,0.036901556183931046
28.38,0.020239687383099163
28.384,0.011944270107603367
28.388,0.03716538781902036
28.392,0.02794470560609248
28.396,0.03983058177055125
28.400000000000002,0.04455557928991524
28.404,0.013382039665797922
28.408,0.0368692010865682
28.412,0.021189216814306883
28.416,0.021366805125145667
28.42,0.016245289639983194
28.424,0.02961840465465883
28.428,0.0201887484949137
28.432000000000002,0.02010976149594953
28.436,0.02647696857301305
28.44,0.007913619388185175
28.444,0.05825004851252853
28.448,0.04465144942201865
28.452,0.02475635939789883
28.456,0.03756754318449146
28.46,0.013291306313918338
28.464000000000002,0.03306201385473529
28.468,0.0012923580227509925
28.472,0.029199049675914194
28.476,0.032380589808511835
28.48,0.022654441638710894
28.484,0.04355770549198906
28.488,0.013462604917130819
28.492,0.031181529797214086
28.496000000000002,0.03913361767514162
28.5,0.03820590958911331
28.504,0.027264579216361585
28.508,0.05942403192966979
28.512,0.04227603053564082
28.516000000000002,0.039264296840677025
28.52,0.012382648088238144
28.524,0.02745729649934268
28.528000000000002,0.015273408900904145
28.532,0.06475820472514111
28.536,0.03216630437535234
28.54,0.009909504551614576
28.544,0.04077612643955792
28.548000000000002,0.045115803206824776
28.552,0.01240829969933311
28.556,0.02646356772598835
28.560000000000002,0.07088751806187849
28.564,0.02319866139951739
28.568,0.02885200659998552
28.572,0.08196455969158709
28.576,0.02112275356895679
28.580000000000002,-0.0019420900242844187
28.584,0.002229542110838964
28.588,0.022808973776925583
28.592000000000002,0.03475851191152288
28.596,0.0024559007481095227
28.6,-0.02041292313524564
28.604,0.02958142995188127
28.608,0.014062534729242796
28.612000000000002,0.00809850500175663
28.616,0.00019639085325307698
28.62,0.038588376255111155
28.624000000000002,0.013340165566634648
28.628,-0.009246768727819543
28.632,-0.0035570558766479556
28.636,0.006595986778732037
28.64,-0.013256076956318476
28.644000000000002,0.00449694120643185
28.648,0.03635496642340031
28.652,0.030202583859239546
28.656000000000002,0.03272139753586864
28.66,0.03196818742420152
28.664,0.015535260366416859
28.668,0.019391612302449686
28.672,-0.021822260809713424
28.676000000000002,0.02598924391946731
28.68,0.02313607120239343
28.684,0.015153540560482726
28.688,0.014578291130858675
28.692,-0.011120336690053427
28.696,0.00019966467089514717
28.7,-0.02153534385741393
28.704,-0.0007965742286388487
28.708000000000002,0.0031666680559150244
28.712,-0.004787275515667273
28.716,0.029787126328421547
28.72,-0.009195893311386896
28.724,0.013107687050005054
28.728,0.010636211267272712
28.732,0.0038949349342623464
28.736,0.020190604382437104
28.740000000000002,0.022046508287170755
28.744,0.018029969099654305
28.748,0.0718492707025658
28.752,0.08089819303926246
28.756,0.1558319137105584
28.76,0.21289488610940144
28.764,0.33544546218466514
28.768,0.5032549947447152
28.772000000000002,0.7046784351756181
28.776,0.7875867955363054
28.78,0.9077747103205955
28.784,0.9790482869060143
28.788,0.9799442302650858
28.792,0.9167729052614313
28.796,0.8097462541066069
28.8,0.6308970331824858
28.804000000000002,0.485471958801414
28.808,0.3300732711462458
28.812,0.201872898947098
28.816,0.11805418383874322
28.82,0.07960706379339014
28.824,0.03837926115934365
28.828,0.04043019821573672
28.832,0.007996861954068554
28.836000000000002,-0.0034532170373932085
28.84,-0.025804417466173582
28.844,-0.019791415727559068
28.848,0.0013000592929684838
28.852,-0.00019736344276337012
28.856,0.025187939107436635
28.86,-0.019118274358650645
28.864,0.005007190039530285
28.868000000000002,-0.009307934106503324
28.872,-0.04826194378877371
28.876,-0.030972212247850815
28.88,-0.0040919689778776795
28.884,-0.016360741430513533
28.888,-0.022697820746460227
28.892,0.011087360647519159
28.896,-0.014891740035633714
28.900000000000002,-0.005465708351624859
28.904,0.0033314658062637715
28.908,-0.020630372218460417
28.912,0.00029850043027618983
28.916,-0.03182573267345095
28.92,-0.037870922078416046
28.924,0.008030457559034448
28.928,0.01133073807869174
28.932000000000002,-0.00012888617684971536
28.936,-0.029199558501123477
28.94,-0.021596823486467392
28.944,-0.03345222141294416
28.948,-0.03389331721260441
28.952,-0.013669425679914454
28.956,-0.025728488257147988
28.96,0.005257769860096243
28.964000000000002,-0.047591070763537385
28.968,-0.027889408323208277
28.972,-0.04176437938879553
28.976,-0.04385267885141987
28.98,0.017055722179313358
28.984,0.010859280048462178
28.988,-0.011784336792388201
28.992,-0.01008131181952891
28.996000000000002,-0.009014390911805097
29.0,-0.020302473173833168
29.004,-0.08179070694337914
29.008,-0.06551000198307588
29.012,-0.011287302130294252
29.016000000000002,-0.07241022930242744
29.02,0.004097992022499785
29.024,-0.007680336603804242
29.028000000000002,-0.01797314617279351
29.032,-0.017142313674277737
29.036,-0.011135901151062295
29.04,-0.036828366803285925
29.044,0.010203883349354369
29.048000000000002,-0.03093578900593839
29.052,-0.044126067876134184
29.056,0.009349695723531816
29.060000000000002,-0.02424904853674074
29.064,-0.020830013452156324
29.068,-0.004336216516029504
29.072,0.014767129869727537
29.076,-0.02901848770910765
29.080000000000002,-0.02660365906181212
29.084,-0.056141278967748606
29.088,-0.028778089902123036
29.092000000000002,0.0029390531339887546
29.096,-0.04497630842566305
29.1,-0.04809092713184138
29.104,-0.06380797678594585
29.108,-0.05607493965369471
29.112000000000002,-0.057125826508670235
29.116,-0.031420710223794515
29.12,-0.026423592519799748
29.124000000000002,-0.07179240951285583
29.128,-0.02427336343187842
29.132,-0.007595082163488951
29.136,-0.01665278891374212
29.14,-0.04834899250869069
29.144000000000002,-0.017759280771124493
29.148,-0.0441238751182076
29.152,-0.056298222235382986
29.156000000000002,-0.062333354921425124
29.16,-0.06421970406928257
29.164,-0.041958762012178484
29.168,-0.023937806727728918
29.172,-0.07121272564697526
29.176000000000002,-0.07571897373797874
29.18,-0.013636657024266998
29.184,-0.05549417305214619
29.188,0.006409322770173566
29.192,-0.029768442062150825
29.196,-0.0656477619877123
29.2,-0.01970824060722091
29.204,-0.01818965799767543
29.208000000000002,-0.07202652739525131
29.212,-0.04380550870581806
29.216,-0.012125772817943522
29.22,-0.06928669604224917
29.224,-0.031172900113602905
29.228,-0.03319574932519959
29.232,-0.0018016819036993995
29.236,-0.014497238646500574
29.240000000000002,-0.0483962304535145
29.244,-0.06895031441285196
29.248,-0.047940039613699414
29.252,-0.03945074546009885
29.256,-0.04202354579014572
29.26,-0.05039210370398915
29.264,-0.06074701305303498
29.268,-0.01730535562912059
29.272000000000002,-0.05004158376100879
29.276,-0.05737069890185616
29.28,-0.03874918115335732
29.284,-0.04039514784246173
29.288,-0.04367032864311275
29.292,-0.01995182198602323
29.296,-0.06370348504663406
29.3,-0.038738401526020254
29.304000000000002,-0.024112888043178286
29.308,-0.05329394154276107
29.312,-0.0415943330489625
29.316,-0.03180632266783483
29.32,-0.034510515410557586
29.324,-0.04462872731328991
29.328,-0.06942780458915386
29.332,-0.06301557715020083
29.336000000000002,-0.045129986029823294
29.34,-0.05146368756659266
29.344,-0.05181801854559442
29.348,-0.05641300113969262
29.352,-0.0802167493631065
29.356,-0.03423226388879804
29.36,-0.06713007760755768
29.364,-0.015594075542367969
29.368000000000002,0.008016569360575009
29.372,-0.0312549405055699
29.376,-0.03774875912655125
29.38,-0.059535408282251796
29.384,-0.06649629583769676
29.388,-0.05535193928629401
29.392,-0.02759118959887345
29.396,-0.046897439277565144
29.400000000000002,-0.07967551806806232
29.404,-0.03208020198220579
29.408,-0.0578007625241811
29.412,-0.03188542155002854
29.416,-0.048013052821297926
29.42,-0.06375318339312525
29.424,-0.05741031957955512
29.428,-0.034007816714549374
29.432000000000002,-0.05980707827252646
29.436,-0.022382063703565325
29.44,-0.06425884609407914
29.444,-0.020651364709574977
29.448,-0.07498360313702955
29.452,-0.07031349326607345
29.456,-0.03739978994061102
29.46,-0.01970068367210026
29.464000000000002,-0.05510865685698754
29.468,-0.03380080889616858
29.472,-0.06762691578082014
29.476,-0.06928770084038735
29.48,-0.049095966440070506
29.484,-0.00750241816992947
29.488,-0.05499282318524425
29.492,-0.08120904157989198
29.496000000000002,-0.09833502583967721
29.5,-0.05156637502914234
29.504,-0.03807514837562809
29.508,-0.057240532235446846
29.512,-0.04693943705522948
29.516000000000002,-0.06555826424114139
29.52,-0.02561912081756619
29.524,-0.04059792547074612
29.528000000000002,-0.07788959395528759
29.532,-0.06269987506647143
29.536,-0.026703978585863965
29.54,-0.05133343317174508
29.544,-0.09717457712931175
29.548000000000002,-0.05857561521699531
29.552,-0.06079198024392388
29.556,-0.10435914151845196
29.560000000000002,-0.04188932469615636
29.564,-0.023638270405965157
29.568,-0.06182792565268335
29.572,-0.06868998291776997
29.576,-0.0554960187961141
29.580000000000002,-0.06036933279617947
29.584,-0.05231501409805024
29.588,-0.03978844273509365
29.592000000000002,-0.07929606755345658
29.596,-0.050316412594879456
29.6,0.0028740575950088887
29.604,-0.019107463284657164
29.608,0.018059070437257393
29.612000000000002,0.07597429488929243
29.616,0.1338299719338709
29.62,0.23442919243270244
29.624000000000002,0.4476219267773127
29.628,0.5617346118460099
29.632,0.6985090761835192
29.636,0.8672403055981635
29.64,0.9231695362638943
29.644000000000002,0.9278833458672929
29.648,0.8820142151109054
29.652,0.7529592702328618
29.656000000000002,0.610520046367582
29.66,0.4877103899804734
29.664,0.32212005404236976
29.668,0.18969827976294923
29.672,0.12703489087897774
29.676000000000002,0.05096857587557222
29.68,-0.011334353897954178
29.684,-0.055861350365701945
29.688000000000002,-0.049660105910485364
29.692,-0.01977339356210541
29.696,-0.06612385683214062
29.7,-0.006029524155368379
29.704,-0.05329644163725451
29.708000000000002,-0.07595376532892095
29.712,-0.057943708926816676
29.716,-0.020308651568463173
29.72,-0.06096216240020241
29.724,-0.03964291314538123
29.728,-0.03373300757957502
29.732,-0.05924841912614879
29.736,-0.027152362471685836
29.740000000000002,-0.01974169855038283
29.744,-0.0319807934839272
29.748,-0.08247318348037955
29.752,-0.04125040140229554
29.756,-0.032554887629994755
29.76,-0.029186133408275715
29.764,-0.010438552904658338
29.768,-0.040585859564115055
29.772000000000002,-0.04526476606444408
29.776,-0.08660180185234262
29.78,-0.06899171237002678
29.784,-0.023276154200675463
29.788,-0.06821968503802162
29.792,-0.04998014190808214
29.796,-0.07845689652331161
29.8,-0.05059800350143932
29.804000000000002,-0.0689044508872198
29.808,-0.035178632367659946
29.812,-0.045823143079841915
29.816,-0.03718956385142705
29.82,-0.07435358204490185
29.824,-0.0477269563868878
29.828,-0.02664738950227552
29.832,-0.10617948789223433
29.836000000000002,-0.055250652350417
29.84,-0.044784912724246576
29.844,-0.02637425634075343
29.848,-0.030538344349352455
29.852,-0.02972846829395365
29.856,-0.035212534345025734
29.86,-0.02612328218513215
29.864,-0.044487845315065076
29.868000000000002,-0.04334184974134167
29.872,-0.0640988424875435
29.876,-0.04468834231869971
29.88,-0.04534666708872427
29.884,-0.009240887663462916
29.888,-0.06185792282733651
29.892,-0.03417563209910129
29.896,-0.04479900415681179
29.900000000000002,-0.03777281900149309
29.904,-0.016997611457522058
29.908,-0.03940400065943335
29.912,-0.05613019468191713
29.916,-0.03538589658158828
29.92,-0.017866354616999446
29.924,-0.030425680746351966
29.928,-0.022475192059850487
29.932000000000002,-0.06316827549983264
29.936,-0.017223274410138423
29.94,-0.04502160190961941
29.944,-0.059023814416616416
29.948,-0.028379490528050152
29.952,-0.06285048322582326
29.956,-0.028608268917244137
29.96,-0.0021661553688021376
29.964000000000002,-0.04443196443074955
29.968,-0.050676699184932075
29.972,-0.010614059407143446
29.976,-0.019426381754109264
29.98,-0.014847225306548906
29.984,-0.06973550174466403
29.988,-0.04812068341173892
29.992,0.005842667843698461
29.996000000000002,-0.0470939877026994
30.0,-0.03946318134530865
30.004,-0.027614288711064146
30.008,-0.025383822133957016
30.012,-0.033120342370873676
30.016000000000002,-0.08107127697382155
30.02,-0.017834383305603135
30.024,-0.05150414610965802
30.028000000000002,-0.008924639618816503
30.032,-0.0028400897118773943
30.036,-0.04918954471871051
30.04,-0.024214683869859227
30.044,0.005925246954413051
30.048000000000002,0.00802169728450584
30.052,-0.0065217755521121586
30.056,-0.03554490991225338
30.060000000000002,-0.01660782739283615
30.064,-0.043266711711955314
30.068,0.005925743746434113
30.072,-0.016569756238329222
30.076,0.004568901614125945
30.080000000000002,-0.07310149627333085
30.084,-0.03380918481265228
30.088,-0.0326712253074764
30.092000000000002,-0.029915812361477515
30.096,-0.04646894169877099
30.1,-0.011992792786491875
30.104,-0.03823458867851447
30.108,0.01676643569441054
30.112000000000002,-0.02750187925684479
30.116,-0.029032082504557834
30.12,-0.03350858972477094
30.124000000000002,-0.007190949584897376
30.128,-0.011765102940848916
30.132,-0.03733983686470612
30.136,-0.0779536458143417
30.14,-0.024458924367171862
30.144000000000002,-0.03373575677660086
30.148,-0.01651292779383482
30.152,-0.033714678517229896
30.156000000000002,-0.009745577749527452
30.16,-0.038313215565825426
30.164,-0.009837924928263301
30.168,-0.019265315423059714
30.172,0.0049230529614962115
30.176000000000002,-0.016598122856749293
30.18,-0.0007752331471250849
30.184,-0.01892069235692047
30.188000000000002,-0.016637731400535635
30.192,-0.025871505897113192
30.196,-0.03758671509337938
30.2,-0.007621037455678725
30.204,-0.011380947362547801
30.208000000000002,0.02089273996779681
30.212,-0.0007940011973773444
30.216,0.027430773004088346
30.22,0.029563654312752936
30.224,-0.0033122781092266955
30.228,-0.028461352997637343
30.232,-0.012243826026159414
30.236,0.01305392232924495
30.240000000000002,-0.00793435860631934
30.244,0.015516383640698978
30.248,-0.01321998671488284
30.252,-0.0035213902010440986
30.256,0.013465004874959736
30.26,0.0085946332358032
30.264,0.0025325571046013627
30.268,0.0013165856329680117
30.272000000000002,0.008252727176137715
30.276,-0.0044444774560346515
30.28,0.01751069734364853
30.284,-0.013597506770561499
30.288,0.058791728548317025
30.292,0.0035187786979357554
30.296,-0.01732043597582848
30.3,-0.032514814056816915
30.304000000000002,-0.017913841945180888
30.308,0.008434875961993687
30.312,-0.00881005414735799
30.316,0.02448329571449219
30.32,-0.0052029517986552825
30.324,-0.018733430761106288
30.328,-0.003813336200659546
30.332,-0.007931738350787932
30.336000000000002,-0.0006430663922319677
30.34,-0.019275797748869856
30.344,0.0012336958212291068
30.348,-0.03313622151026457
30.352,0.007585793094497708
30.356,0.002601072499814928
30.36,0.0025704824107425058
30.364,-0.010152452364030375
30.368000000000002,0.005398007657890929
30.372,0.010905606804907736
30.376,-0.027450993708502992
30.38,0.027288801247194235
30.384,0.005115536085756294
30.388,0.01828891652846026
30.392,0.039490371500711635
30.396,-0.015278635986779268
30.400000000000002,-0.01003724347941817
30.404,-0.008946583637466277
30.408,0.011540195193234853
30.412,-0.008989180294929455
30.416,-0.005836015906262881
30.42,0.046846337391680384
30.424,0.007399815693737304
30.428,0.021031171300242436
30.432000000000002,0.0334382883744129
30.436,0.043002408327067324
30.44,-0.014192543618019443
30.444,0.023232321843986804
30.448,0.032777728355127565
30.452,0.043653443838447784
30.456,0.01592412804750548
30.46,0.03612347212466168
30.464000000000002,0.07649123525364356
30.468,0.12067735981139396
30.472,0.18600890226354994
30.476,0.2835386471588839
30.48,0.4267929739845053
30.484,0.5789663163848052
30.488,0.750019588596886
30.492,0.8741784009624477
30.496000000000002,0.9642506927398037
30.5,1.0108938052404535
30.504,0.9811992614399805
30.508,0.9095245774248871
30.512,0.7393790482665543
30.516000000000002,0.5455913804247062
30.52,0.47716054174069167
30.524,0.3246145244297121
30.528000000000002,0.20969074376325814
30.532,0.13548147824253917
30.536,0.08044764408658221
30.54,0.08766957225205727
30.544,0.013365649677451363
30.548000000000002,0.04569960828599443
30.552,0.04274514075493589
30.556,0.07419289776686211
30.560000000000002,0.02439831734902043
30.564,0.05717935818835408
30.568,0.035382266624786315
30.572,0.007013313970020897
30.576,0.005088224273481365
30.580000000000002,0.051866948894845444
30.584,0.004222723387534096
30.588,0.02254078844781102
30.592000000000002,0.06254201188555537
30.596,0.009968158772385018
30.6,0.04097186854690607
30.604,0.0690756947529795
30.608,0.06135475315559988
30.612000000000002,0.04653028478017028
30.616,0.01615778092678061
30.62,0.06797565052711081
30.624000000000002,0.04175174810980829
30.628,0.033075624068202567
30.632,0.01035930600757453
30.636,-0.011126380779395602
30.64,0.040703542743179694
30.644000000000002,0.02398403621549248
30.648,-0.0009592597606329495
30.652,0.051964633067745486
30.656000000000002,0.03909337419798929
30.66,0.02215289674056821
30.664,0.026444187722822355
30.668,0.046250421698916896
30.672,0.045842153420532494
30.676000000000002,0.01744650425991075
30.68,0.05440250731956762
30.684,0.03236738278588521
30.688000000000002,0.016290281218960048
30.692,0.03427616902404142
30.696,0.037843577818190595
30.7,0.06094198458088125
30.704,0.05142285782953574
30.708000000000002,-0.007184781468445478
30.712,0.01352566919578925
30.716,0.05445464735739279
30.72,0.04435498586944378
30.724,0.01972372436872585
30.728,0.02905125185665398
30.732,0.07204086788388839
30.736,-0.007876848094331923
30.740000000000002,0.06515053817135713
30.744,0.061933494785789626
30.748,0.028535493009321178
30.752,0.03537416286643004
30.756,0.048422350487783206
30.76,0.042967326596653345
30.764,0.050077134505072
30.768,0.0658504399643284
30.772000000000002,0.029306567379236117
30.776,0.042252860939968585
30.78,0.05171581675988168
30.784,0.034010555465887785
30.788,0.0423040007494865
30.792,0.07248533441604861
30.796,0.002292891568544113
30.8,0.04935064564640936
30.804000000000002,0.03302945736991799
30.808,0.02115315058401402
30.812,0.039623635421114425
30.816,0.05192165725291126
30.82,0.061156189449304836
30.824,0.029546629154277998
30.828,0.05807041686226891
30.832,0.07442195772832955
30.836000000000002,0.049123046840471196
30.84,0.06011236109284037
30.844,0.05523890704720223
30.848,0.059323446047172095
30.852,0.02719502323781727
30.856,0.07085063734690103
30.86,0.05586374943045347
30.864,0.08355545913046798
30.868000000000002,0.06342285460189245
30.872,0.02964328980200013
30.876,0.07081031085585057
30.88,0.0751589894890365
30.884,0.06897062243515656
30.888,0.04198096732061664
30.892,0.03978932148049254
30.896,0.0753186299626712
30.900000000000002,0.032859731284516636
30.904,0.06608540900248085
30.908,0.0513739360349634
30.912,0.03559896777133742
30.916,0.04148007454599606
30.92,0.03833441919890522
30.924,0.059347786104983855
30.928,0.03597776869825601
30.932000000000002,0.04773819636217355
30.936,0.04475499680988827
30.94,0.0574248251862267
30.944,0.06996614097149548
30.948,0.020133631870302652
30.952,0.05821023083893151
30.956,0.03604458821259683
30.96,0.046021745686172635
30.964000000000002,0.047440758087525424
30.968,0.08166151460160907
30.972,0.08061140971409449
30.976,0.0455651221508843
30.98,0.04561772673074895
30.984,0.07942184745856548
30.988,0.06082477719201457
30.992,0.0881706970298245
30.996000000000002,0.03676725642809414
31.0,0.07365377553262645
31.004,0.04097024986381634
31.008,-0.007552692463449265
31.012,0.06604958986487736
31.016000000000002,0.03191125177900914
31.02,0.06525869951934057
31.024,0.04494995894878029
31.028000000000002,0.07600970801282231
31.032,0.023702218331086246
31.036,0.01962746949656165
31.04,0.08100783026666564
31.044,0.07290406236484676
31.048000000000002,0.05315265423258571
31.052,0.01854764810826151
31.056,0.06814111925261017
31.060000000000002,0.10024772659624953
31.064,0.04370647712123225
31.068,0.0430218972457691
31.072,0.034110735305112744
31.076,0.05994234027346587
31.080000000000002,0.04928806454131592
31.084,0.020019126998436793
31.088,0.03616722835081552
31.092000000000002,0.0696589520047306
31.096,0.027859094486282255
31.1,0.05548515892653118
31.104,0.07087780014120831
31.108,0.0653705472363293
31.112000000000002,0.014468755566686843
31.116,0.06166361309306243
31.12,0.027688013081656408
31.124000000000002,0.009529214956837485
31.128,0.05578805286316179
31.132,0.017032567609159992
31.136,0.044730048756171426
31.14,0.07419764043811201
31.144000000000002,0.06041323956574493
31.148,0.0464979468901514
31.152,0.06775491863200096
31.156000000000002,0.05019520000276983
31.16,0.06491380726903369
31.164,0.07135283297504402
31.168,0.02865400979283049
31.172,0.08168673974979206
31.176000000000002,0.04571479480706751
31.18,0.0496080710860198
31.184,0.051943419476152115
31.188000000000002,0.042485789608304486
31.192,0.03911496297905417
31.196,0.05854869466600097
31.2,0.03553176303511155
31.204,0.057067081382504256
31.208000000000002,0.062206886927662915
31.212,0.03583277285972366
31.216,0.04062943033185045
31.220000000000002,0.05759661773166266
31.224,0.04626525433639353
31.228,0.059319283070041494
31.232,0.04539630723868075
31.236,0.039793049764801934
31.240000000000002,0.0418586423663859
31.244,0.05235301048706762
31.248,0.06940004724119786
31.252,0.01216518833126446
31.256,0.03596713848084471
31.26,0.037661032388325875
31.264,0.029349988541043603
31.268,0.03562137120006388
31.272000000000002,0.0683102851971707
31.276,0.06504596441174079
31.28,0.032625535930014174
31.284,0.0155983963074049
31.288,0.052512052924315177
31.292,0.053672965155226814
31.296,0.020525903386479017
31.3,0.04836594802672744
31.304000000000002,0.053812228419951647
31.308,0.061111533856000017
31.312,0.043825776858465226
31.316,0.07614027489338829
31.32,0.08601444256866571
31.324,0.14648268381030108
31.328,0.198704825890807
31.332,0.2999195817762561
31.336000000000002,0.4124000673042088
31.34,0.556972759103537
31.344,0.7272055882207198
31.348,0.8887589263424813
31.352,0.9764065293329145
31.356,1.0448639091745626
31.36,1.0709913359312873
31.364,0.9281526299650056
31.368000000000002,0.783232838560905
31.372,0.6331309956308778
31.376,0.4874913573249852
31.38,0.352376147394891
31.384,0.19592296626993272
31.388,0.11984561781727382
31.392,0.12111020771575126
31.396,0.045154205925149724
31.400000000000002,0.06827238417562984
31.404,0.06949015150167638
31.408,-0.020449513680169597
31.412,0.04931408513144418
31.416,0.037992436560790634
31.42,0.029961448573693237
31.424,0.04393013008305034
31.428,0.03482682470052088
31.432000000000002,0.046381225278129073
31.436,0.07183922119358321
31.44,0.0411564517617357
31.444,0.010674597435755582
31.448,0.06218325009420222
31.452,0.056486918794142055
31.456,0.06266638157972271
31.46,0.041344124905290464
31.464000000000002,0.05104122727682174
31.468,0.07219023903792926
31.472,0.031477711256276276
31.476,0.02029811892936098
31.48,0.06091170593168045
31.484,0.02516861642205785
31.488,0.05443903439986652
31.492,0.02084616568153837
31.496000000000002,0.021683089237427337
31.5,0.03670388534172852
31.504,0.03680082528440814
31.508,0.015051949535194065
31.512,0.06209107721492661
31.516000000000002,0.021137042097662942
31.52,0.04315783198935871
31.524,0.010936607972003368
31.528000000000002,0.01662460469556546
31.532,0.017031969608915017
31.536,0.031099193081714778
31.54,0.03076752528022992
31.544,0.03151115896577132
31.548000000000002,0.0272686369039974
31.552,0.04480302549556824
31.556,0.04421380808114264
31.560000000000002,0.017313697952005283
31.564,0.028356382403472324
31.568,0.03422811334113565
31.572,0.039084931858037034
31.576,0.03464004604077068
31.580000000000002,0.017551680552178775
31.584,0.017414344759915542
31.588,0.024869331452812598
31.592000000000002,0.03280561936200069
31.596,0.0018419888370878115
31.6,0.002794267399009176
31.604,0.014060867985186963
31.608,0.0232959692425471
31.612000000000002,0.0083063074607864
31.616,0.012267024219775416
31.62,0.004491099369263323
31.624000000000002,0.030080746279441913
31.628,-0.0196049091322907
31.632,0.018995917277807688
31.636,0.005683237483407908
31.64,0.01889525977654545
31.644000000000002,0.021669424016101335
31.648,-0.041361104426979996
31.652,0.03918147984730086
31.656000000000002,0.031045644727013717
31.66,0.047448357474914715
31.664,0.03141768421167482
31.668,0.03358335464185533
31.672,0.026022691359767595
31.676000000000002,0.046180106688358216
31.68,-0.011758717314529026
31.684,0.012140207564991809
31.688000000000002,-0.004410701867388091
31.692,0.030554837508657534
31.696,0.0180006292939155
31.7,0.04453669724698632
31.704,0.0149248877509131
31.708000000000002,0.008263536989058533
31.712,0.007898239434189559
31.716,-0.0038007124480164065
31.720000000000002,-0.029580180029890678
31.724,0.009418887278256209
31.728,0.001136790761993427
31.732,0.0004433209546078013
31.736,-0.013711676426634543
31.740000000000002,0.010266665068040135
31.744,-0.01254593634400479
31.748,0.012875906658238907
31.752,0.0024733537243222126
31.756,0.0003730033372341176
31.76,-0.024889074582954765
31.764,0.012399967017321541
31.768,0.02255422396923422
31.772000000000002,0.002423625679345879
31.776,-0.006903730619083573
31.78,0.0163042885092796
31.784,0.019221217954518543
31.788,-0.005180845186157836
31.792,0.05681163397108219
31.796,0.026922121986280197
31.8,0.03175077801399337
31.804000000000002,0.00996763113735815
31.808,0.009220323246985853
31.812,-0.018513370246834256
31.816,-0.004601433903766326
31.82,0.0011559448464945046
31.824,0.013368060632692965
31.828,-0.01070454435576368
31.832,-0.01787429544077645
31.836000000000002,0.021466696596688012
31.84,0.00014171490959680177
31.844,0.016252305803038897
31.848,-0.0007126804190485405
31.852,-0.01529801395920188
31.856,-0.004048775532901825
31.86,-0.052533114256914315
31.864,0.014805715126805959
31.868000000000002,0.006089757463731114
31.872,0.01779887466381226
31.876,-0.01008500064224038
31.88,0.03287065586766098
31.884,0.01760910167770102
31.888,-0.04168340039874493
31.892,-0.04244271013665026
31.896,-0.0027503736865158697
31.900000000000002,-0.03563430728178023
31.904,-0.011608518276027123
31.908,-0.012571681259761748
31.912,-0.015679259221449568
31.916,0.01976948866182751
31.92,0.0009472031962963878
31.924,0.0019360868349018075
31.928,-0.006480925588603669
31.932000000000002,0.04729349110964772
31.936,0.014270642213087735
31.94,-0.02598929857882504
31.944,-0.001646574919388917
31.948,-0.027753479657695864
31.952,-0.01697203203174533
31.956,-0.015642695934151584
31.96,-0.04181586391698476
31.964000000000002,-0.05156672766891999
31.968,-0.03919276873989494
31.972,-0.004706326873912384
31.976,-0.0710689687701975
31.98,-0.004418239938091935
31.984,-0.05885077633868471
31.988,-0.03288130278293862
31.992,-0.02820644529354823
31.996000000000002,-0.0032924517649654712
32.0,-0.01833928487696612
32.004,-0.040477237084149666
32.008,-0.030806413208625594
32.012,-0.014629218108023347
32.016,0.0015745220440792802
32.02,-0.014883400280168099
32.024,-0.022885883956203737
32.028,-0.02627465653875503
32.032000000000004,0.009740956737744399
32.036,-0.03803973667189678
32.04,-0.031313228499753085
32.044000000000004,-0.015571458530661041
32.048,0.0024406442559517898
32.052,-0.057479067898088404
32.056,-0.004375447259576736
32.06,-0.001067451497130452
32.064,-0.019323471658830256
32.068,-0.06242840152486598
32.072,-0.039408030124494405
32.076,-0.02839791431308282
32.08,-0.02023329278629434
32.084,-0.05097181619004318
32.088,-0.03152992666359443
32.092,-0.012789116558288453
32.096000000000004,-0.0382274728548363
32.1,-0.03370880539558893
32.104,-0.037276085214538415
32.108000000000004,-0.0566300616879825
32.112,-0.03589241300154093
32.116,-0.03341376289853168
32.12,-0.014516348827245775
32.124,-0.0456199085520519
32.128,-0.05617116899759922
32.132,-0.04021760405588134
32.136,-0.04838337537939344
32.14,-0.019936430462158095
32.144,-0.04257239451566104
32.148,-0.0628158944265685
32.152,-0.019833239029906698
32.156,-0.03335572626558139
32.160000000000004,-0.027707982640302692
32.164,-0.021444967481696362
32.168,-0.0036651803676883456
32.172000000000004,-0.033111411925257454
32.176,0.01698448130441732
32.18,0.040556217576025747
32.184,0.09684474949044353
32.188,0.1785499637951859
32.192,0.2872092160827336
32.196,0.44446884904583245
32.2,0.6002277531582075
32.204,0.7680311276041749
32.208,0.909259073408232
32.212,0.9321984998771624
32.216,0.9953563998160456
32.22,0.9144587234527094
32.224000000000004,0.750640142734659
32.228,0.618076432769884
32.232,0.45989137063791174
32.236000000000004,0.33577893483165794
32.24,0.1722654439243524
32.244,0.13585634472692532
32.248,0.01941834143632004
32.252,-0.004093008532117829
32.256,-0.03083437028215475
32.26,-0.054865546980780555
32.264,-0.05842347915344724
32.268,-0.05036745724685235
32.272,-0.04522577920845601
32.276,-0.05284132931272851
32.28,-0.059420778857020504
32.284,-0.09263963013083296
32.288000000000004,-0.04703334474304406
32.292,-0.004304859394378156
32.296,-0.008939265335036986
32.3,-0.019143730403839626
32.304,-0.05024354798844106
32.308,-0.03237928739929598
32.312,-0.0534645330546229
32.316,-0.05240785460653134
32.32,-0.04010578598816674
32.324,-0.023136808612084152
32.328,-0.053485872695191165
32.332,-0.05695496837702602
32.336,-0.04473491595520148
32.34,-0.07376147172582134
32.344,-0.027376638027450193
32.348,-0.02429754144081776
32.352000000000004,-0.021237402869066474
32.356,-0.029578438819216964
32.36,-0.05691027084248274
32.364,-0.05001744658143375
32.368,-0.06412211860383574
32.372,-0.03949080030277547
32.376,-0.002445898589194029
32.38,-0.06547626772977325
32.384,-0.03307793115003183
32.388,-0.01890691477881361
32.392,-0.06712886785225688
32.396,-0.004195622010535742
32.4,-0.05995869506078062
32.404,-0.04894150378282531
32.408,-0.038673052572200765
32.412,-0.02860627835692943
32.416000000000004,-0.031393144931955
32.42,-0.052299717957738794
32.424,-0.060552510807657875
32.428,-0.09414520538671756
32.432,-0.057808944474695395
32.436,-0.022741297062227973
32.44,-0.06369517576281286
32.444,-0.03585446587728019
32.448,-0.03409153131804156
32.452,-0.04493152999670406
32.456,-0.059455460535619994
32.46,-0.059510894263175254
32.464,-0.049529163529488086
32.468,-0.0836877408376745
32.472,-0.020934048756728885
32.476,-0.06972297269663656
32.480000000000004,-0.06144960198250245
32.484,-0.06139363908118055
32.488,-0.054911265383576394
32.492,-0.04158766882806143
32.496,-0.025169946288389748
32.5,-0.04479605338417508
32.504,-0.01798918740359947
32.508,-0.056750623109524605
32.512,-0.03563070599328743
32.516,-0.033612627654620475
32.52,-0.04658209912076567
32.524,-0.036213285092160985
32.528,-0.06985888298983087
32.532000000000004,-0.023144391101163567
32.536,-0.03340792236760424
32.54,-0.046286363842503016
32.544000000000004,-0.056673533230471584
32.548,-0.0328536979360247
32.552,-0.07143420730341503
32.556,-0.03500741380102135
32.56,-0.031145755127548243
32.564,0.00032742678985599877
32.568,-0.05146141750239992
32.572,-0.02257313112981995
32.576,-0.03728382450245032
32.58,-0.08170453422461997
32.584,-0.07539867567834013
32.588,-0.060286492736883295
32.592,-0.026422744392653418
32.596000000000004,-0.02063431371107084
32.6,-0.05453113918793675
32.604,-0.0408907329470824
32.608000000000004,-0.04506628802111312
32.612,-0.09914035698566802
32.616,-0.027602735627937813
32.62,-0.02121034593731629
32.624,-0.09406857182893164
32.628,-0.06809652119485246
32.632,-0.05102902330028822
32.636,-0.05097912331590415
32.64,-0.028235142204995622
32.644,-0.025794281086469615
32.648,-0.060164812128318486
32.652,-0.03549980779645827
32.656,-0.061868186521643304
32.660000000000004,-0.05512958013949846
32.664,-0.04410715087180879
32.668,-0.03786499687538279
32.672000000000004,-0.061212232176229314
32.676,-0.010496737885425503
32.68,-0.04442450360805257
32.684,-0.048293375249499976
32.688,-0.032911637348532266
32.692,-0.06083909604584443
32.696,-0.04189075640409104
32.7,-0.09697546910721655
32.704,-0.08219800503766674
32.708,-0.05513911603509136
32.712,-0.05708100299309596
32.716,-0.054760379728706045
32.72,-0.06046702033128143
32.724000000000004,-0.03571035339327909
32.728,-0.022976640755623137
32.732,-0.057203187274504526
32.736000000000004,-0.026216299493076058
32.74,-0.03918294375298479
32.744,-0.07077699441786273
32.748,-0.07351520477309714
32.752,-0.045326538823162704
32.756,-0.024670116875492497
32.76,-0.06448714966721664
32.764,-0.08775352587660643
32.768,-0.026368729523935784
32.772,-0.022501067130714886
32.776,-0.049962428105786855
32.78,-0.02346309547024612
32.784,-0.004457851033549225
32.788000000000004,-0.06183521219259894
32.792,-0.052382842976024156
32.796,-0.05205758694665118
32.8,-0.022603817613288387
32.804,-0.06110902120503371
32.808,-0.05020726867225241
32.812,-0.018250970551663488
32.816,-0.023221980209075184
32.82,-0.022055483019972573
32.824,-0.06140805063063609
32.828,-0.033934468865483736
32.832,-0.05411447371586175
32.836,-0.023902146570958974
32.84,-0.03200104600094818
32.844,-0.027672495828112854
32.848,-0.044967100310352955
32.852000000000004,-0.03841439984433724
32.856,-0.033546292390601654
32.86,-0.04505175544495952
32.864,-0.0341829188317906
32.868,-0.05964679430125599
32.872,-0.0636385171654752
32.876,-0.07392933870159574
32.88,-0.04254014227106716
32.884,-0.022657717056841643
32.888,-0.03053808305634194
32.892,-0.0781791156921594
32.896,-0.03061055143877376
32.9,-0.037510108607754375
32.904,-0.04121419922498743
32.908,-0.03328497556278958
32.912,-0.026070805403369902
32.916000000000004,-0.010135341575098867
32.92,-0.012244880999211498
32.924,0.0012732094128015334
32.928,-0.024712810586717336
32.932,-0.04768273943023908
32.936,-0.009317588655588717
32.94,-0.05941086971015838
32.944,-0.01854433869144566
32.948,-0.055060745134034556
32.952,-0.04591404026405417
32.956,-0.010048388519023413
32.96,-0.046119878468830956
32.964,-0.012505567767700738
32.968,-0.02080457889531745
32.972,-0.03571926343882919
32.976,-0.017950920697378442
32.980000000000004,-0.020356542505625574
32.984,-0.02914841404676171
32.988,-0.04423799381049893
32.992,-0.014886544198197352
32.996,-0.0374621352851677
33.0,-0.03183588227588862
33.004,-0.021595652669441925
33.008,-0.031881471127266
33.012,-0.02430427460588813
33.016,-0.02236279541654066
33.02,-0.020743031491123484
33.024,-0.019321545212762668
33.028,0.013945688789901916
33.032000000000004,-0.005904491612375804
33.036,0.025292801541504463
33.04,0.05930527675561554
33.044000000000004,0.11487600952615601
33.048,0.2816963031246069
33.052,0.4152387684344332
33.056,0.5913920961814678
33.06,0.6939326019968085
33.064,0.8441135962307389
33.068,0.9380074400646761
33.072,1.0128915776729308
33.076,0.9484135189637505
33.08,0.8218814907882361
33.084,0.6797276796233667
33.088,0.5259950721233918
33.092,0.34541532947699594
33.096000000000004,0.24544968525060382
33.1,0.11956612187824643
33.104,0.07461113623544316
33.108000000000004,0.04306782826218594
33.112,0.010003931041904295
33.116,-0.022553196699930902
33.12,-0.0208725303139546
33.124,-0.002436474822737414
33.128,-0.029092761677215397
33.132,-0.045816749601280564
33.136,-0.02454261488805678
33.14,-0.02896046825076406
33.144,-0.022534724060601995
33.148,-0.018269919174127916
33.152,-0.02465427900820152
33.156,-0.02440592373447111
33.160000000000004,0.0006453380633154732
33.164,-0.005410788248974259
33.168,0.0022932485722561187
33.172000000000004,-0.014608718894016255
33.176,-0.023205249549476142
33.18,-0.009340512361447895
33.184,-0.04344597524904045
33.188,-0.03672831535951673
33.192,0.00218717686757648
33.196,-0.023368867793638844
33.2,-0.026529871914151765
33.204,-0.034442118668773836
33.208,-0.004070754166279217
33.212,-0.03580323490359141
33.216,0.011815054818129144
33.22,-0.007694898783863349
33.224000000000004,-0.045527266217544625
33.228,-0.020848256626371513
33.232,-0.03032871555812894
33.236000000000004,0.0005650167690155004
33.24,0.0005189892623722134
33.244,-0.018862807872368197
33.248,-0.02150563970823971
33.252,-8.443678611963837e-06
33.256,-0.02043209364465111
33.26,0.018219508806628315
33.264,-0.02031714464000657
33.268,-0.00022946449640716925
33.272,-0.045202949383282634
33.276,0.0011190320147179923
33.28,-0.01800890828830442
33.284,-0.00020908597925349635
33.288000000000004,0.01664893581531738
33.292,-0.008127337235497262
33.296,-0.053301080733813476
33.3,-0.043980659231276684
33.304,-0.001901202528487878
33.308,-0.020709571101585514
33.312,-0.02538849298418927
33.316,0.017566266672570587
33.32,-0.006522929911892917
33.324,0.016558378919385035
33.328,0.01659433957921015
33.332,-0.008651006029850809
33.336,0.0019699801991825755
33.34,-0.023323750561994528
33.344,0.008020293856569497
33.348,-0.0001377435839785019
33.352000000000004,0.03175639762947774
33.356,0.017685979980182964
33.36,-0.0015661136442456942
33.364,-0.011352605142212644
33.368,-0.0018948089658057526
33.372,0.002799368300338571
33.376,0.017922931279133025
33.38,0.0235442837298975
33.384,-0.019504194510372823
33.388,-0.01600991777649187
33.392,0.011277012623822132
33.396,-0.018486621333103033
33.4,0.0037081634195074353
33.404,-0.02876312762130468
33.408,-9.605399037361604e-05
33.412,-0.002137028384557975
33.416000000000004,0.0008371638842068875
33.42,-0.005131207022302867
33.424,0.017387595746649536
33.428,0.025624157710997693
33.432,0.022882173769722992
33.436,0.003783356624163992
33.44,0.003431211551465845
33.444,-0.0030627768117670127
33.448,-0.0037982686627003933
33.452,0.007400036321363463
33.456,0.007715546184173347
33.46,0.007340716364929847
33.464,0.016454106821228928
33.468,0.02884312860497345
33.472,0.0002645811063988479
33.476,0.008522688968937552
33.480000000000004,0.024261520916965193
33.484,0.017872445553700645
33.488,-0.0012241174276106867
33.492,-0.008106637239158155
33.496,0.027834116669221844
33.5,-0.005014450790393501
33.504,0.024035754955053203
33.508,-0.0029541300993369476
33.512,0.05093920710752303
33.516,-0.003108417360481664
33.52,0.05299800681189523
33.524,0.032753657653899614
33.528,0.04562162468519899
33.532000000000004,0.04311579492825149
33.536,0.029855801344678957
33.54,0.01427469108194297
33.544000000000004,0.06805032485615926
33.548,0.013016700727920489
33.552,0.025053442457965792
33.556,-0.004261662413044258
33.56,0.02203187858173935
33.564,0.03400336602856615
33.568,0.009396162326449138
33.572,0.026073336717636116
33.576,0.018188565103846834
33.58,0.01748288279006712
33.584,0.03662230431789161
33.588,0.04176495496020939
33.592,0.010863765986809645
33.596000000000004,-0.00785472194294752
33.6,0.0349772323898465
33.604,0.005199827000143788
33.608000000000004,0.017817627688095618
33.612,0.011036875981358808
33.616,0.04670788029956735
33.62,0.07002604573929147
33.624,0.01669266782735603
33.628,0.07047273349921032
33.632,0.03182200623175026
33.636,0.02252666142977284
33.64,0.05103552522026242
33.644,0.0669900250284588
33.648,0.025528644989541827
33.652,0.024033050336692553
33.656,0.06674117886173059
33.660000000000004,0.04809124957300987
33.664,-0.02328490952126773
33.668,0.02837790213153956
33.672000000000004,0.016261757023404145
33.676,0.020715217342723552
33.68,0.03481670077807929
33.684,0.023469876243011147
33.688,0.025174100378611425
33.692,0.07373032830157844
33.696,0.002013510799576436
33.7,0.037150078951824525
33.704,0.04579255225353539
33.708,0.006376827215142562
33.712,0.012683411113502348
33.716,0.013032002493003732
33.72,0.05196558782557474
33.724000000000004,0.014567746064962382
33.728,0.045681652954814175
33.732,0.012926745456684412
33.736000000000004,0.012003408236121772
33.74,0.04543527346157334
33.744,0.05309228949386833
33.748,0.01099135480578758
33.752,0.017585820587768437
33.756,0.04255280388160153
33.76,0.018945192941433715
33.764,0.015469991567008904
33.768,0.0172614275112441
33.772,0.04441608928622053
33.776,-0.012291282823159527
33.78,0.07330346589344251
33.784,0.07046052035045319
33.788000000000004,0.06400580533369155
33.792,0.03560425350211555
33.796,0.026749668399271256
33.8,0.050572389132451635
33.804,0.018764397271237597
33.808,0.08268615410516092
33.812,0.02889081406254669
33.816,0.06433633531606997
33.82,0.05710644973268467
33.824,0.03283095858891717
33.828,0.03716199916698372
33.832,0.02568791169694018
33.836,0.04411078064880294
33.84,0.05403832869172799
33.844,0.04282955988334766
33.848,0.03601545645787396
33.852000000000004,0.04351827424916956
33.856,0.06753237674462365
33.86,0.06103449713760615
33.864,0.05347012321454947
33.868,0.031788210157161094
33.872,0.03554769314712951
33.876,0.055924547480451524
33.88,0.04194033192870567
33.884,0.04308933589110231
33.888,0.09724434179498465
33.892,0.09813011483818147
33.896,0.14417094742158332
33.9,0.1966079751671435
33.904,0.3122054881972467
33.908,0.4518033901872117
33.912,0.5941256126825364
33.916000000000004,0.7205799454902426
33.92,0.8856584870279355
33.924,1.0111076501965892
33.928,1.049851255825181
33.932,1.0400187882403864
33.936,0.9249480433396208
33.94,0.7933604448455029
33.944,0.6534958670253546
33.948,0.4777988021847974
33.952,0.35880191497689656
33.956,0.20028175145203492
33.96,0.13940583116797747
33.964,0.12648585661457412
33.968,0.0944366635785585
33.972,0.07721620102949683
33.976,0.0719174656643716
33.980000000000004,0.06825888220879794
33.984,0.02656058678106991
33.988,0.0791043459604564
33.992,0.06461695684628567
33.996,0.02445133147453138
34.0,0.021770381914228913
34.004,0.05557758804809546
34.008,0.03436509389141498
34.012,0.05778206823110545
34.016,0.04200844420805525
34.02,0.018381011395482972
34.024,0.031283955327406576
34.028,0.040400355514894765
34.032000000000004,0.047677695980375016
34.036,0.06344726172971495
34.04,0.0350715525389414
34.044000000000004,0.05720663730851132
34.048,0.04363783472893405
34.052,0.045597641979865766
34.056,0.002814134969050315
34.06,0.03823554532565134
34.064,0.019790330178078006
34.068,0.06142446973723723
34.072,0.06945522797845609
34.076,0.05670639744611618
34.08,0.08880913822037248
34.084,0.053367264169588965
34.088,0.06467815504351669
34.092,0.041503095005777285
34.096000000000004,0.05531355605443789
34.1,0.028142915860474873
34.104,0.04226034742006635
34.108000000000004,0.0685102547120336
34.112,0.047978998180341625
34.116,0.04162465764696541
34.12,0.04581129733612602
34.124,0.057900667738759716
34.128,0.07495697781134913
34.132,0.018449326351909608
34.136,0.04759577983205586
34.14,0.04527432940279651
34.144,0.04314548019690553
34.148,0.04733017084797701
34.152,0.05791970034139391
34.156,0.07073223794819608
34.160000000000004,0.013745197964308356
34.164,0.024180146476642017
34.168,0.049694655564648256
34.172000000000004,0.01880625473801926
34.176,0.05624053671573909
34.18,0.03038897030761774
34.184,0.0443756487131051
34.188,0.024011843108628837
34.192,0.028839917250512166
34.196,0.1004729228524349
34.2,0.04000780781224471
34.204,0.0749088527366975
34.208,0.0454977124688569
34.212,0.05876265690925585
34.216,0.030260746684413125
34.22,0.05576265064228954
34.224000000000004,0.035511659229862776
34.228,-0.01054930602342781
34.232,-0.00652078820906727
34.236000000000004,0.04295622119359786
34.24,0.058360680408487096
34.244,0.029632854038193324
34.248,0.023855841903171363
34.252,0.0334805085876034
34.256,0.07715943146049961
34.26,0.008006975964900666
34.264,0.057156128199311526
34.268,0.06684236036968554
34.272,0.017098424310810607
34.276,0.025272268121907936
34.28,0.035656459226839236
34.284,0.030104401705186697
34.288000000000004,0.062109846092215024
34.292,0.044659731342050694
34.296,0.032374940706097526
34.300000000000004,0.04990835946389553
34.304,0.06664392608917483
34.308,0.0350422464007414
34.312,0.025896612971848414
34.316,0.06045656373522476
34.32,0.07624505502253925
34.324,0.07272140805805075
34.328,0.05778654609961166
34.332,0.038430999107544474
34.336,0.05791486946778809
34.34,0.05292918861187145
34.344,0.05393111785993665
34.348,0.040949196863691265
34.352000000000004,0.062009147344428854
34.356,0.058788569601978834
34.36,0.016303554250355578
34.364,0.055175107725323566
34.368,0.02117171820876552
34.372,0.043092566628332024
34.376,0.03775548306877624
34.38,0.049947947820468665
34.384,0.030314472270296294
34.388,0.03280993598335729
34.392,0.029604385392824457
34.396,0.029834565226354984
34.4,0.011087465071842901
34.404,0.04941765623302535
34.408,0.027411057230516744
34.412,0.045560743605528475
34.416000000000004,0.038230588707718956
34.42,0.046485546475996585
34.424,0.049437089497764736
34.428,0.01199313007646453
34.432,0.03514756008591605
34.436,0.04097936282681405
34.44,0.02316477675348526
34.444,0.02368603328035671
34.448,0.04376836314926169
34.452,0.06143322385476443
34.456,0.046733808276750236
34.46,0.04947687284591538
34.464,0.04167999374553869
34.468,0.07284058498075456
34.472,0.03577556170572967
34.476,0.05257846750629096
34.480000000000004,0.10105518857455101
34.484,0.041443242628575905
34.488,0.03343342119572724
34.492,0.002658603939257889
34.496,0.0011583095943833235
34.5,0.07500672420748569
34.504,0.03371639367336881
34.508,0.014270330668023256
34.512,0.022173156065001542
34.516,0.009485731376992736
34.52,0.031012486633824336
34.524,0.018059972902261863
34.528,0.04202780622166367
34.532000000000004,0.05986601013051313
34.536,0.0396060421016835
34.54,0.03058064532304187
34.544000000000004,0.029949876748116264
34.548,0.05629649395979162
34.552,0.002489379399778828
34.556,0.009423696338732437
34.56,0.0170572107829921
34.564,0.003986855411715812
34.568,0.037369302279385785
34.572,0.019444889772081336
34.576,0.0076946586107466824
34.58,0.03715660247552173
34.584,0.024245451662877445
34.588,0.03367882586600167
34.592,0.025127018656561997
34.596000000000004,0.014463960094763688
34.6,0.0034889475443847483
34.604,0.03328462433354204
34.608000000000004,0.005500188477057348
34.612,0.04381166408474971
34.616,0.028119350029291487
34.62,0.022049455486871344
34.624,0.00632955758245627
34.628,0.05454846665387862
34.632,0.016433923195637083
34.636,0.032102816351802975
34.64,0.008210196305714033
34.644,0.04354855723701215
34.648,0.028716241127660143
34.652,0.0404150545151733
34.656,0.035943062558720505
34.660000000000004,0.01672644650307014
34.664,0.0015543975956796088
34.668,0.01978919969816929
34.672000000000004,0.005505142827257434
34.676,0.010504839075622642
34.68,0.0511251019533647
34.684,0.035719704186067854
34.688,0.023378046793866125
34.692,0.029859693641162754
34.696,0.03416066674625749
34.7,0.020611673666946606
34.704,0.014744337983683591
34.708,0.018040821460238797
34.712,0.024858536196743636
34.716,0.05548100826687734
34.72,-0.00790475002818507
34.724000000000004,0.01562340773927703
34.728,0.004013498619016186
34.732,0.06197704909246428
34.736000000000004,0.007060829381486781
34.74,0.04728753069837613
34.744,0.04554553309225997
34.748,0.06422397353249909
34.752,0.11280612127034342
34.756,0.16025218777399858
34.76,0.23526591354932824
34.764,0.39858376007641416
34.768,0.48540296360906016
34.772,0.6317951315314154
34.776,0.8050968937467425
34.78,0.952900641418347
34.784,0.9890498558829196
34.788000000000004,0.9987035332803694
34.792,0.9422515716014244
34.796,0.811622550802934
34.800000000000004,0.6507156554353429
34.804,0.5043464735953771
34.808,0.3391184938114695
34.812,0.2427620725516631
34.816,0.14017127911580177
34.82,0.10869466167121178
34.824,0.06520169953634926
34.828,0.025301184427591737
34.832,0.03602109371467803
34.836,0.026041776999733708
34.84,0.022040110273247742
34.844,0.011127237041226323
34.848,-0.01903560665757376
34.852000000000004,-0.006790306276767192
34.856,0.020672488728181667
34.86,0.027564844756649526
34.864,-0.028283256314337608
34.868,-0.016460465836120517
34.872,-0.039289262415964255
34.876,-0.025735466056730005
34.88,0.0120118975521573
34.884,-0.012511980350410984
34.888,0.00894597197351874
34.892,0.026878857054824748
34.896,-0.035787095239870066
34.9,0.00044932815261491694
34.904,0.003964683936325045
34.908,0.006076138508461912
34.912,0.017411768475098524
34.916000000000004,0.01951695444054349
34.92,0.007708857626561527
34.924,-0.02251911384775214
34.928,0.01850431637389944
34.932,0.03747757373291133
34.936,-0.026514773770559115
34.94,-0.007419612654139042
34.944,0.001390647357801306
34.948,-0.013159467733315005
34.952,-0.0016781278949614276
34.956,-0.0009201564170475234
34.96,0.014911614009315993
34.964,-0.014173899397226936
34.968,-0.010856222771499044
34.972,0.029726409995588704
34.976,0.01272240127029673
34.980000000000004,-0.018139671817234068
34.984,-0.03344734716539812
34.988,-0.011062149987019482
34.992,9.132668488070518e-05
34.996,-0.01560334910395348
35.0,-0.03864220831094077
35.004,-0.03661274658860034
35.008,-0.026080127582652872
35.012,-0.01308568013582919
35.016,-0.008395327647924743
35.02,0.007947229051611819
35.024,-0.029091636691427895
35.028,-0.032032350894268334
35.032000000000004,-0.05044149504518958
35.036,-0.03683074156686255
35.04,-0.022025174236571986
35.044000000000004,-0.023565862837128037
35.048,-0.022056291219006447
35.052,-0.014640283339696341
35.056,-0.026566826013496466
35.06,-0.047966568350466185
35.064,-0.01606552718511031
35.068,-0.013334939377536778
35.072,-0.03644876070011975
35.076,0.043942654935042375
35.08,-0.07133123323660252
35.084,-0.05225499925721729
35.088,-0.03389691903349858
35.092,-0.03431791345999727
35.096000000000004,-0.04164397954908105
35.1,-0.018883648266749226
35.104,-0.00162548317957174
35.108000000000004,-0.013508319973172691
35.112,-0.020337654902857497
35.116,0.006295779071409109
35.12,-0.05548902128230884
35.124,-0.029553709481199193
35.128,-0.024641352733692334
35.132,-0.032997172554303136
35.136,-0.02957305616942473
35.14,-0.031583262115215296
35.144,-0.04054006381947672
35.148,-0.05161844476251196
35.152,-0.049947472529120795
35.156,-0.03515497873039363
35.160000000000004,-0.02106829956505967
35.164,-0.01936264786193255
35.168,-0.015239097196009984
35.172000000000004,-0.07868237657487648
35.176,-0.0490470916460605
35.18,-0.05458385448526209
35.184,-0.03179102515948903
35.188,-0.031772917310225586
35.192,-0.040544542093724906
35.196,-0.01294309776088462
35.2,-0.04245132653029234
35.204,-0.030910205329093266
35.208,-0.022977428544646693
35.212,-0.02461844573382955
35.216,-0.04069735817875972
35.22,-0.007242522268991979
35.224000000000004,-0.02066396982988297
35.228,-0.0160032309738213
35.232,-0.030764855435009224
35.236000000000004,-0.03177268877402973
35.24,-0.05152438184492814
35.244,-0.07474539782495276
35.248,-0.05924303791266167
35.252,-0.06806437857606318
35.256,-0.03802914667189835
35.26,-0.06650560025646324
35.264,-0.048177651480023606
35.268,-0.05683040290356604
35.272,-0.038405131847508045
35.276,-0.042441530686604195
35.28,-0.01145339229345858
35.284,-0.021149225162699587
35.288000000000004,-0.008455559845886043
35.292,-0.037650910715729666
35.296,-0.07544028910857767
35.300000000000004,-0.020455388836321597
35.304,-0.0015050643488547025
35.308,-0.04853366287624954
35.312,-0.012374507791687632
35.316,-0.04435071620546365
35.32,-0.03887381729071968
35.324,-0.043802380460719006
35.328,-0.053735933650095734
35.332,-0.05109716010874628
35.336,-0.07686621888688411
35.34,-0.03912683885724929
35.344,-0.039880387270350086
35.348,-0.02862033950663322
35.352000000000004,-0.044010734265328526
35.356,-0.034856498706027486
35.36,0.0012543011149336175
35.364,-0.023685951757166382
35.368,-0.04655498790210517
35.372,-0.03891246529200923
35.376,-0.043784287496770914
35.38,-0.018669616292151775
35.384,-0.054627770544822395
35.388,-0.023560232540393244
35.392,-0.03667356707224062
35.396,-0.09772120664397232
35.4,-0.03598236991988751
35.404,-0.05675480897690444
35.408,-0.0638817235581472
35.412,-0.0460132307866237
35.416000000000004,-0.03981789606761272
35.42,0.0027088468648043054
35.424,-0.04487595020286646
35.428,-0.06375815039616695
35.432,-0.048924755031396816
35.436,-0.037402233924265844
35.44,-0.06547889011720735
35.444,-0.051709545494710296
35.448,-0.0793810103008237
35.452,-0.0719564343882162
35.456,-0.05598040226680226
35.46,-0.03289112999114083
35.464,-0.06573209827413395
35.468,-0.06483191999196326
35.472,-0.04979455172397376
35.476,-0.06820018468729198
35.480000000000004,-0.05919217553195457
35.484,-0.06654981035510973
35.488,-0.014125581519638046
35.492,-0.05789595215537408
35.496,-0.02099039239629839
35.5,-0.04615377835708118
35.504,-0.013560283312510413
35.508,-0.06843722217515259
35.512,-0.045490022090993516
35.516,-0.09687893177969686
35.52,-0.023268250175864428
35.524,-0.036865859760747195
35.528,-0.05645097077078773
35.532000000000004,-0.008935258939792343
35.536,0.007865281150116137
35.54,-0.019147287072001074
35.544000000000004,-0.017632403054820445
35.548,-0.04836176761178549
35.552,-0.06574582958002659
35.556,-0.0795799073145028
35.56,-0.028596950338918396
35.564,-0.08712185703922892
35.568,-0.05353431272602476
35.572,-0.015479657873098691
35.576,-0.04247138845300857
35.58,-0.07468068069298447
35.584,-0.06642669805463754
35.588,-0.022964951292931295
35.592,-0.06765996224588954
35.596000000000004,-0.05129813814038968
35.6,-0.06097766763918705
35.604,-0.016140631210701063
35.608000000000004,0.0049585965291782125
35.612,0.09119238256464067
35.616,0.13171850700729668
35.62,0.2547007122219776
35.624,0.35649601932906777
35.628,0.5886660326672783
35.632,0.7439412384463281
35.636,0.8454122720865652
35.64,0.9352981814141598
35.644,0.956392172552742
35.648,0.9145717139871559
35.652,0.7477736244898765
35.656,0.6135323620815158
35.660000000000004,0.5162955269292747
35.664,0.3441356520098369
35.668,0.2077219202463266
35.672000000000004,0.10272087184815991
35.676,0.054600812197924356
35.68,0.015285793627965432
35.684,-0.008279856133388233
35.688,-0.05948536122796127
35.692,-0.043863456793675024
35.696,-0.03900525499651432
35.7,-0.04192991622781837
35.704,-0.069245681887238
35.708,-0.05297359147907762
35.712,-0.06795919736704088
35.716,-0.05681427610334269
35.72,-0.04376141779423484
35.724000000000004,-0.036682486845648406
35.728,-0.03618275301825258
35.732,-0.027663155309725716
35.736000000000004,-0.044722556194430205
35.74,-0.07285214110909785
35.744,-0.04632191798773087
35.748,-0.05651295561017406
35.752,-0.08134514482698119
35.756,-0.05987258791736269
35.76,-0.038845998100759255
35.764,-0.02634338541190056
35.768,-0.04913232943271522
35.772,-0.07471866782790967
35.776,-0.047676414998262535
35.78,-0.06118644907455283
35.784,-0.02107236079255905
35.788000000000004,-0.07143639064953461
35.792,-0.028961635256147922
35.796,-0.05050464373228672
35.800000000000004,-0.03788492450488643
35.804,-0.05987215900856896
35.808,-0.034957279799933585
35.812,-0.04536474752913262
35.816,-0.04869225260797251
35.82,-0.0665513570293002
35.824,-0.055973722880475626
35.828,-0.08253158459570385
35.832,-0.03396757925566135
35.836,-0.05012555137133566
35.84,-0.014072885933252927
35.844,-0.07415238934413614
35.848,-0.011828149552239861
35.852000000000004,-0.03419063662736778
35.856,-0.052344287103544725
35.86,-0.033084944358138295
35.864,-0.06818010583052647
35.868,-0.07009153878447898
35.872,-0.017801770036445685
35.876,-0.08232231116453459
35.88,-0.041571488068276305
35.884,-0.0142040574570842
35.888,-0.0390096639137495
35.892,-0.014275841728975766
35.896,-0.04530242894257305
35.9,-0.05418302257896391
35.904,-0.016887680500316953
35.908,-0.02226275984018052
35.912,-0.04150404294731108
35.916000000000004,-0.011744060518748836
35.92,-0.062202961008055516
35.924,-0.018228300262290442
35.928,-0.04681760801912444
35.932,-0.03393820111421523
35.936,-0.03608172590514741
35.94,-0.03427170087965526
35.944,-0.026955196951960254
35.948,-0.008868487930720433
35.952,-0.008706557139056732
35.956,-0.034909418615260826
35.96,-0.035066679765685914
35.964,-0.05595931278059157
35.968,-0.0024986880836574896
35.972,-0.016833401274780845
35.976,-0.047769915123537336
35.980000000000004,-0.031221555141149816
35.984,-0.004234783547797386
35.988,-0.048309847280587695
35.992,-0.028439318481120163
35.996,-0.03375738734705745
36.0,-0.03911316722166728
36.004,-0.03143547521026728
36.008,-0.07286092417801955
36.012,-0.012518463213208427
36.016,-0.041299811632587245
36.02,-0.029324744995694877
36.024,-0.05987354736118214
36.028,0.015357615692611723
36.032000000000004,-0.019261752606374135
36.036,-0.0696766035012397
36.04,-0.04263813232791359
36.044000000000004,-0.03676669120101339
36.048,-0.049400210229697344
36.052,-0.056803291984211926
36.056,-0.055745680756236565
36.06,-0.046188992839775164
36.064,-0.025491564451799304
36.068,-0.023683683822368268
36.072,-0.0024525767362188096
36.076,-0.03111134802873272
36.08,-0.07266248597626875
36.084,-0.03010751467373326
36.088,-0.004894464963876646
36.092,-0.05022321720117366
36.096000000000004,-0.022548150817525432
36.1,-0.01923397839261912
36.104,-0.04598162898669027
36.108000000000004,-0.029291973900235954
36.112,-0.04520777942651559
36.116,0.004573584882357821
36.12,-0.010994210728020273
36.124,-0.022586782221025004
36.128,-0.009470242150978027
36.132,-0.009353006459617383
36.136,-0.03982710517756953
36.14,-0.04865116230075166
36.144,-0.0506570961254703
36.148,-0.0470056093118978
36.152,-0.004658587949909376
36.156,0.0013496696103305061
36.160000000000004,0.010245169778164049
36.164,-0.04677632723369782
36.168,-0.01971435421316231
36.172000000000004,0.005382159792064425
36.176,0.017058825679187414
36.18,-0.025013117499643817
36.184,-0.025500540344053375
36.188,-0.025340529467372867
36.192,-0.008473511314799531
36.196,-0.000719056018017597
36.2,0.003364232178376985
36.204,-0.025064809574214857
36.208,0.013727358431481883
36.212,-0.035335646432871376
36.216,-0.002081201140350328
36.22,0.012845757170796814
36.224000000000004,0.008537505403831084
36.228,-0.004672045740076923
36.232,-0.020694872523147917
36.236000000000004,-0.014108649019096264
36.24,-0.0267822019706239
36.244,-0.025478197965750286
36.248,-0.03132312075448897
36.252,0.011255985758481793
36.256,-0.03417534795776521
36.26,-0.024136765742107713
36.264,0.017242874424946347
36.268,-0.001395112875377167
36.272,0.02594073947639043
36.276,0.023046659998243787
36.28,0.000834588738041547
36.284,0.014863066890842514
36.288000000000004,-0.02940254345384953
36.292,-0.0015726531616471777
36.296,0.02921917680618031
36.300000000000004,0.003935549377605304
36.304,0.0009184965239188558
36.308,0.049952667764886084
36.312,0.012382673857301477
36.316,-0.03247700593355665
36.32,0.02009026942153108
36.324,-0.053133671831352695
36.328,0.007799073626976204
36.332,0.006013647623061386
36.336,-0.010598783122588828
36.34,-0.016615007426629073
36.344,-0.00913705335231849
36.348,0.05468629687692068
36.352000000000004,-0.021686943487064528
36.356,-0.015385237924733813
36.36,-0.0025869441770602487
36.364,-0.006407904998416445
36.368,0.03666055738214111
36.372,0.00927200977686738
36.376,-9.501562339634816e-05
36.38,0.018462069030718314
36.384,0.010163731730366986
36.388,0.0006890095613247256
36.392,-0.0013368656317056565
36.396,0.0022611632149575323
36.4,0.0027109112902545564
36.404,-0.002301488952097327
36.408,0.005194901830389942
36.412,0.032389967991220334
36.416000000000004,-0.0178522247881753
36.42,0.01548062240427668
36.424,0.022936255153597002
36.428,0.006650931224683026
36.432,0.008249173161124591
36.436,0.0322830558533346
36.44,0.0017195368198362846
36.444,0.023129650919419285
36.448,0.023915451702649637
36.452,0.020915097322049298
36.456,0.029253637797443194
36.46,0.056983663124098
36.464,0.09763174481324349
36.468,0.0939846423313632
36.472,0.20900488180028154
36.476,0.277899127926653
36.480000000000004,0.40721826392307475
36.484,0.5840845744565285
36.488,0.744524887867967
36.492,0.8476691881584364
36.496,1.0131248028785906
36.5,1.0068043749392193
36.504,0.9949585313855037
36.508,0.8918922715759335
36.512,0.7553110563683406
36.516,0.5852541627430407
36.52,0.43510705142883177
36.524,0.29779700929202996
36.528,0.1868022783956501
36.532000000000004,0.14411309540201073
36.536,0.07861890261928595
36.54,0.055335513168723226
36.544000000000004,0.02235405956299038
36.548,0.01378939859838837
36.552,0.026820282093616442
36.556,-0.006041986801137388
36.56,0.05057954347294689
36.564,0.01453465346012675
36.568,0.016063544021084276
36.572,0.012810513196887264
36.576,0.025738458707804567
36.58,0.03380115064972222
36.584,0.03795295172330866
36.588,0.010896845577806168
36.592,0.002373718235816842
36.596000000000004,0.022192320819646644
36.6,0.0227023221606776
36.604,0.010872759411257624
36.608000000000004,0.050362243522530235
36.612,0.005761569088723106
36.616,0.009075449497884244
36.62,0.045574239753233194
36.624,0.019333890792723074
36.628,0.02365088542928663
36.632,0.010904686530010059
36.636,0.0034402421175437417
36.64,0.013818450613601506
36.644,-0.005024409341032168
36.648,0.04336242619502978
36.652,0.03512077107738217
36.656,0.06727078210147808
36.660000000000004,0.028348353861614987
36.664,0.019560833460325153
36.668,0.050582535040923186
36.672000000000004,0.020634056865374957
36.676,0.05109971219478223
36.68,0.021861171690047327
36.684,-0.003878199510356766
36.688,0.025472153913738887
36.692,0.026414798887251505
36.696,0.043225384305944844
36.7,0.024254429542874677
36.704,0.03845437061525934
36.708,0.03854263682643572
36.712,0.016818995649903155
36.716,0.012354224442494646
36.72,0.019906110687263525
36.724000000000004,0.0027261770221806564
36.728,0.036733151580926764
36.732,0.047995678710484053
36.736000000000004,0.02935195105841276
36.74,0.023236007746443153
36.744,0.013016493702083447
36.748,0.049065362459915024
36.752,0.05759863913422692
36.756,-0.005659360718928745
36.76,0.07749264959971228
36.764,0.06782442967582339
36.768,0.02738845468572277
36.772,0.03789181862913789
36.776,0.04141683838980412
36.78,0.04626502551210665
36.784,0.03169652477715134
36.788000000000004,0.04714354748750356
36.792,0.05198350267656558
36.796,0.08771936265247057
36.800000000000004,0.03856964155743071
36.804,0.027521775415587806
36.808,0.06012177721725939
36.812,0.040148148804646955
36.816,0.04393112432628844
36.82,0.042958740500658066
36.824,0.034380467396165584
36.828,0.03293260061185625
36.832,0.0325879033752455
36.836,0.027277291119493244
36.84,0.03377194170196224
36.844,0.07836125318297572
36.848,0.041515063491386145
36.852000000000004,0.02768724001603509
36.856,0.023761756614609917
36.86,0.06671838468802183
36.864000000000004,0.03183168752510994
36.868,0.04696110215190292
36.872,0.01034471453598513
36.876,0.0037152883880562995
36.88,0.04925450541365842
36.884,0.011956956568593809
36.888,0.04897264635701442
36.892,0.061674663151757556
36.896,0.028776694016365605
36.9,0.03527645282793503
36.904,0.036665741690524056
36.908,0.03168075631961175
36.912,0.03783771581299641
36.916000000000004,0.03729455264549049
36.92,0.04152285446268632
36.924,0.047035108419076266
36.928,0.05609015027366142
36.932,0.05526692178963402
36.936,0.04757262477247966
36.94,0.03161514473935323
36.944,0.05639613239933524
36.948,0.062371727685865595
36.952,0.04988799806312895
36.956,0.04010125942690005
36.96,0.08878286946358624
36.964,0.004462451900739094
36.968,0.05970106071954792
36.972,0.05221764062189743
36.976,0.0769386520549184
36.980000000000004,0.08367944418113687
36.984,0.06068749424197288
36.988,0.039773467660717765
36.992,0.059559304320195065
36.996,0.026524728205085085
37.0,0.05051370063994964
37.004,0.034286048478761544
37.008,0.058541151612915315
37.012,0.015467826956963367
37.016,0.04277107728695271
37.02,0.05316544763255343
37.024,0.045122405484442046
37.028,0.042975311136446814
37.032000000000004,0.03520500098520145
37.036,0.04497929374023339
37.04,0.07782341152567229
37.044000000000004,0.03858359598697984
37.048,0.025168927018651817
37.052,0.030204137180635377
37.056,0.04165760223140696
37.06,0.06336165433915582
37.064,0.044964214019318764
37.068,0.06503788533196565
37.072,0.07670144383842344
37.076,0.03339832105045025
37.08,0.05460285864368157
37.084,0.04461493893423945
37.088,0.06808514960656764
37.092,0.06602253327131097
37.096000000000004,0.057693886035168986
37.1,0.028946586857201625
37.104,0.043703065432648625
37.108000000000004,0.048619714812355906
37.112,0.04875539110187976
37.116,0.03839497958960929
37.12,0.05509357834516606
37.124,0.05863837650049386
37.128,0.05636195943163954
37.132,0.0353198357730129
37.136,0.04271591078981492
37.14,0.02792011820195396
37.144,0.03616662335000908
37.148,0.06183768494282907
37.152,0.04603848350678603
37.156,0.04674040593928613
37.160000000000004,0.07047093012986433
37.164,0.03903437696892796
37.168,0.05012683818009541
37.172000000000004,0.02181248693064129
37.176,0.06728982723551237
37.18,0.04635886038970903
37.184,0.06489591837385396
37.188,0.06438649867688188
37.192,0.0488122852864638
37.196,0.06012368765797354
37.2,0.021827681871688494
37.204,0.03919303875461515
37.208,0.012905721995411665
37.212,0.06797728029524981
37.216,0.06076744776928959
37.22,0.07635314178826413
37.224000000000004,0.07487478780745233
37.228,0.07898669375552961
37.232,0.045352793523011734
37.236000000000004,0.020440239656576275
37.24,0.04114768431462482
37.244,0.08875614012262775
37.248,0.05928463104925752
37.252,0.07108495159805955
37.256,0.06328443988958601
37.26,0.05963342321316671
37.264,0.04206909781177672
37.268,0.02656108741332715
37.272,0.06506318200155994
37.276,0.030396168572201634
37.28,0.07952447191550194
37.284,0.05837717166203906
37.288000000000004,0.060462686909688715
37.292,0.047895656784696
37.296,0.014691605827015695
37.300000000000004,0.030833591002766468
37.304,0.06711756972541484
37.308,0.02722176014836229
37.312,0.034159294160040335
37.316,0.09844247979491696
37.32,0.05253016325154294
37.324,0.13154883450664934
37.328,0.20437345469228888
37.332,0.32913432298410616
37.336,0.43648313186077997
37.34,0.574460052890472
37.344,0.6926094139047771
37.348,0.8703129862668728
37.352000000000004,0.9546725491401152
37.356,1.0469884392710656
37.36,0.9996432312661523
37.364000000000004,0.9643260883157203
37.368,0.8259275414330645
37.372,0.645674907641441
37.376,0.5055234251264022
37.38,0.360842148129648
37.384,0.24669243610917033
37.388,0.16377014405912552
37.392,0.1242651461933712
37.396,0.07889879906841539
37.4,0.05204657014682592
37.404,0.05703501204379799
37.408,0.03162323817339848
37.412,0.06666504868543564
37.416000000000004,0.057862205924214344
37.42,0.001686914798428668
37.424,0.03544426734960296
37.428,0.03831234477668089
37.432,0.03914486171156666
37.436,0.049723613343519955
37.44,0.06565164693815857
37.444,0.06838623286437279
37.448,0.001876648489400494
37.452,0.05626282251643354
37.456,0.0025079620801019206
37.46,0.05890715968657752
37.464,0.04698430840875572
37.468,0.022552074225365266
37.472,0.028411130126013408
37.476,0.028135457067630813
37.480000000000004,0.06087449157447565
37.484,0.02592858860161932
37.488,0.028638582915186853
37.492,0.044254722227121
37.496,0.0680080871403157
37.5,0.02448292693830088
37.504,0.04082201430921772
37.508,0.021043900692330832
37.512,0.0546644273829896
37.516,0.012071030341271494
37.52,0.04173887978999533
37.524,0.041799373901648444
37.528,0.026207236375432617
37.532000000000004,0.055605572091268665
37.536,0.06936018562259248
37.54,0.03291973485809913
37.544000000000004,0.0388644923540955
37.548,0.035872280724852885
37.552,0.05466114695230141
37.556,0.047228100950785584
37.56,0.032735766198006146
37.564,0.029511921655456734
37.568,0.015827664473437822
37.572,0.024951953989225235
37.576,0.030091897426199308
37.58,0.062012106713349724
37.584,0.045960292663274165
37.588,-0.012696080700647296
37.592,0.018295953427568304
37.596000000000004,0.05182429979629961
37.6,0.049708341783631954
37.604,-0.007027995774768179
37.608000000000004,0.02485638325677759
37.612,0.05721910764974298
37.616,0.012448323162988972
37.62,0.017938148834979926
37.624,0.02734044814646723
37.628,0.0052069632171761575
37.632,0.04544116587126937
37.636,0.028049094649639925
37.64,0.027879907351098798
37.644,0.010604325649393747
37.648,0.04370959619421824
37.652,0.016198186384779965
37.656,0.007026095040096974
37.660000000000004,0.01885851691943512
37.664,-0.003981361153599351
37.668,0.010199380309456357
37.672000000000004,0.0657495939765812
37.676,0.005194670603540145
37.68,0.0026978839390434488
37.684,0.02003420618141796
37.688,0.025654910391449345
37.692,0.027129049514295244
37.696,0.02339572877955919
37.7,-0.014239521225781787
37.704,0.008711995466709992
37.708,-0.02566007859488009
37.712,0.030757378985297727
37.716,0.024699528920968595
37.72,0.032377012484854376
37.724000000000004,-0.014219069019717572
37.728,-0.024145391746820496
37.732,0.016395693241865995
37.736000000000004,-0.004871130702799233
37.74,-0.008968512147488868
37.744,-0.0024581090089837634
37.748,-0.016738041669985236
37.752,-0.023040330115684318
37.756,0.019375802449333505
37.76,0.01789880211667995
37.764,0.026454736907365595
37.768,0.01719159128726136
37.772,0.012498731890649513
37.776,0.01892187178718783
37.78,0.003908908065674345
37.784,0.011711462011905864
37.788000000000004,0.005701704134121405
37.792,-0.03570446013112085
37.796,0.01553386174726552
37.800000000000004,0.041385397798113344
37.804,0.037296833155719494
37.808,0.0026377296316287824
37.812,0.013494079329602858
37.816,0.010404167056240933
37.82,0.03979122722339555
37.824,0.03806299286898504
37.828,-0.009846297432108235
37.832,-0.010480586532710412
37.836,-0.004761578214038945
37.84,-0.007772711124879487
37.844,0.03356769620636828
37.848,-0.03444658416020011
37.852000000000004,-0.019233464378139324
37.856,-0.02546621214166829
37.86,-0.011364566926451316
37.864000000000004,0.013558028225860042
37.868,-0.020222285533170712
37.872,0.01620395671128743
37.876,0.0325461702311225
37.88,0.003072108971890622
37.884,0.022986761042274373
37.888,-0.005475110155446214
37.892,0.005529636721012458
37.896,-0.007232881800785131
37.9,0.019521206353549002
37.904,0.003906724487756673
37.908,0.009904183203499398
37.912,0.014084255306569947
37.916000000000004,0.016414237600157148
37.92,-0.0229838425212002
37.924,0.0006684352542582856
37.928,-0.019161523089617497
37.932,-0.013154560876782222
37.936,-0.006006707707776662
37.94,0.0053814604002817385
37.944,-0.007133670592894415
37.948,-0.011604490726152038
37.952,0.018041644047776712
37.956,0.001128482511465882
37.96,-0.04979598060569006
37.964,-0.0009510471768033497
37.968,-0.017970976942577502
37.972,0.003398452153375583
37.976,0.005106690423558147
37.980000000000004,0.022529295987881587
37.984,-0.01759506459154803
37.988,0.005937801648878797
37.992,-0.014803998451367144
37.996,-0.02507804525684028
38.0,-0.04271089805981655
38.004,-0.007266731048645336
38.008,0.015339435075587982
38.012,-0.01762864238034023
38.016,0.006959787352255387
38.02,-0.012606901730595498
38.024,0.0014037051641166195
38.028,-0.018136654335175046
38.032000000000004,-0.004639775539254477
38.036,-0.03541784993933145
38.04,-0.0018258666780008141
38.044000000000004,0.02017281698363557
38.048,0.004314665823476085
38.052,-0.027769318100947266
38.056,-0.0543241461755708
38.06,-0.01418292561534662
38.064,-0.04056597309527741
38.068,-0.021222562995047347
38.072,0.0003028450291828952
38.076,-0.06379128163828576
38.08,-0.025108819334873782
38.084,-0.023525492176302787
38.088,-0.006339627985131335
38.092,-0.013045125426779308
38.096000000000004,0.011758992951884525
38.1,-0.013178459420023258
38.104,-0.008385219392033684
38.108000000000004,-0.06188186575930973
38.112,-0.022968310471734296
38.116,-0.02948326217428128
38.12,-0.024572394128707195
38.124,-0.003572436837678425
38.128,-0.04829301556879284
38.132,-0.07507716821206928
38.136,0.010813946607185838
38.14,-0.02867248066773162
38.144,-0.033347202232528704
38.148,0.001974910426560325
38.152,-0.010328587243099197
38.156,-0.02227668418050824
38.160000000000004,-0.01943078575341676
38.164,-0.009211893516446312
38.168,-0.03696697959199584
38.172000000000004,-0.006783948343827357
38.176,0.0508631516316997
38.18,0.05615565641445038
38.184,0.10766231373372849
38.188,0.22581341717259348
38.192,0.30723332450436913
38.196,0.4784495983265265
38.2,0.6122287254207206
38.204,0.7564074737036431
38.208,0.8935698874431635
38.212,0.9638173169252311
38.216,0.9354947076714266
38.22,0.9393853992671658
38.224000000000004,0.789653478575393
38.228,0.6696791658963371
38.232,0.4513900890437607
38.236000000000004,0.3109899383388838
38.24,0.17278970013978606
38.244,0.10427830468492019
38.248,0.05930862893867964
38.252,0.049865465703532674
38.256,-0.021821847359150544
38.26,-0.030951111197980396
38.264,-0.010985694663100582
38.268,-0.0229820073810728
38.272,-0.04737245557063216
38.276,-0.044146935164364305
38.28,-0.0486648409363493
38.284,-0.012086352181440045
38.288000000000004,-0.04749483966630141
38.292,-0.04309430940538062
38.296,-0.01371580449554665
38.300000000000004,-0.0485307847562681
38.304,-0.016843994025852137
38.308,-0.06566141611275132
38.312,-0.05058869838028078
38.316,-0.010953251566239611
38.32,-0.026549751072412017
38.324,-0.056714257647145175
38.328,-0.06212272403144989
38.332,-0.07162339646225561
38.336,-0.03289084830554222
38.34,-0.044870246958937605
38.344,-0.03415701475502085
38.348,-0.04198067316704836
38.352000000000004,0.014298659872601004
38.356,-0.016190413524844
38.36,-0.07130427760686886
38.364000000000004,-0.03623864472584336
38.368,-0.06593126198321095
38.372,-0.037404407665498476
38.376,-0.04772089605674568
38.38,-0.03757441637237893
38.384,-0.0492261564955064
38.388,-0.08408491409861818
38.392,-0.030950036146226774
38.396,-0.07951045330611872
38.4,-0.06170352169339263
38.404,-0.05830356830444675
38.408,-0.040486070311324694
38.412,-0.06815129231467434
38.416000000000004,-0.04744724274101097
38.42,-0.042928646631762594
38.424,-0.006329224926561926
38.428,-0.057835125658772184
38.432,-0.03973060751296094
38.436,-0.03195069232033021
38.44,-0.048669645745680945
38.444,-0.04144090986098444
38.448,-0.0261624111471347
38.452,-0.05859785590299567
38.456,-0.1028388253112375
38.46,-0.051562731012337465
38.464,-0.04009525548901813
38.468,-0.03598278029573723
38.472,-0.036402003996434396
38.476,-0.023079546693223353
38.480000000000004,-0.0451007422554234
38.484,-0.05842008260166301
38.488,-0.06916044099099922
38.492,-0.07291190679549946
38.496,-0.028106999298321174
38.5,-0.05932469705039301
38.504,-0.06354726255073567
38.508,-0.017894752160494482
38.512,-0.07387799337632839
38.516,-0.030745171828120418
38.52,-0.06802308652804058
38.524,-0.05860639008225181
38.528,-0.05863996834331971
38.532000000000004,-0.04085295131773711
38.536,-0.05569822413266452
38.54,-0.030145390402110672
38.544000000000004,-0.06103184726665107
38.548,-0.011604139450479306
38.552,-0.05662620959046484
38.556,-0.08528682191191336
38.56,-0.06849723953738537
38.564,-0.06825480481320313
38.568,-0.0436253869507695
38.572,-0.07687257768266133
38.576,-0.02622557627296507
38.58,-0.06775544638510407
38.584,-0.05978416128653017
38.588,-0.028226362074731073
38.592,-0.09232713014151828
38.596000000000004,-0.0073643313413689765
38.6,-0.06735659198857634
38.604,-0.08854020319572364
38.608000000000004,-0.019572741882730407
38.612,-0.05418779439668971
38.616,-0.08583500995514895
38.62,-0.03732666271154926
38.624,-0.017323921254964382
38.628,-0.017261887993023042
38.632,-0.03778637104365232
38.636,-0.06992073267287705
38.64,-0.06071459436755153
38.644,-0.033136941802788394
38.648,-0.04083629013651926
38.652,-0.05573174106929471
38.656,-0.020299948738583977
38.660000000000004,-0.07564189375651362
38.664,-0.016639494585130178
38.668,-0.07199772470803223
38.672000000000004,-0.0599070073024256
38.676,-0.051495223946971036
38.68,-0.03343201310732039
38.684,-0.02499718696664622
38.688,-0.08127499598089755
38.692,-0.068353072179825
38.696,-0.0637346162644013
38.7,-0.05224364254981467
38.704,-0.06578095367545636
38.708,-0.07169322656991518
38.712,-0.01836578207998862
38.716,-0.034516050773925194
38.72,-0.048432731746547275
38.724000000000004,-0.030041798125248157
38.728,-0.05345325922764832
38.732,-0.08030744891266774
38.736000000000004,-0.0868555979773209
38.74,-0.03604831737186191
38.744,-0.049868603282882645
38.748,-0.0502053427801677
38.752,-0.06886599407109062
38.756,-0.04520948671845014
38.76,-0.04315774915910623
38.764,-0.019675158850703887
38.768,-0.021471548796214095
38.772,-0.060449862697150046
38.776,-0.009786368641234978
38.78,-0.02826244934704699
38.784,-0.015747740074411418
38.788000000000004,-0.05029340722082445
38.792,-0.025738191357119168
38.796,-0.07901650794823434
38.800000000000004,-0.021967062881455626
38.804,-0.0613914055535654
38.808,-0.03746150136790575
38.812,-0.05971855645221687
38.816,-0.04562424334345177
38.82,-0.04414931321555401
38.824,-0.0721683665383032
38.828,-0.042382436385888955
38.832,-0.025160355725019543
38.836,-0.04292122890900647
38.84,-0.02112683874419828
38.844,0.002804376517976763
38.848,-0.04167668469130393
38.852000000000004,-0.015765243202337444
38.856,-0.040042919702071175
38.86,-0.06711299182639954
38.864000000000004,-0.027170104110930255
38.868,-0.06818921852863177
38.872,-0.04221165630919275
38.876,0.003980099452918877
38.88,-0.057131262373426556
38.884,-0.06571265699649188
38.888,-0.050007427734957643
38.892,-0.03315363487859642
38.896,-0.02442834443062045
38.9,-0.05377168395823323
38.904,-0.05451569678557963
38.908,-0.028925310631293645
38.912,-0.042667279129186664
38.916000000000004,-0.019827885862691446
38.92,-0.05745124943059467
38.924,-0.011397074178839676
38.928,-0.03452967157943498
38.932,-0.04103812506264473
38.936,-0.07293206898995563
38.94,-0.046131218359994716
38.944,-0.041434518740443904
38.948,-0.0156326791297016
38.952,-0.03525953151391507
38.956,-0.059266285270008656
38.96,-0.06678194536116669
38.964,-0.019754570286082566
38.968,-0.06180022576446143
38.972,-0.0016572318442229922
38.976,-0.03196385285628585
38.980000000000004,-0.04762504283493076
38.984,-0.053801022905897423
38.988,-0.007856854557714895
38.992,-0.039305060842182646
38.996,-0.032425780493942624
39.0,-0.0771400222418121
39.004,-0.03237844111576509
39.008,-0.056080237919758455
39.012,-0.08143652631041032
39.016,-0.03847126712531759
39.02,-0.03428978859603967
39.024,-0.05296053545116139
39.028,0.03939093595966159
39.032000000000004,-0.026045212504126294
39.036,0.009722029525972883
39.04,0.08402399422030664
39.044000000000004,0.16171850605881655
39.048,0.2685886074876232
39.052,0.3945898467617394
39.056,0.5891041635937635
39.06,0.6998137806563236
39.064,0.815166254474863
39.068,0.9217229704633796
39.072,0.9655536885117951
39.076,0.9259860898680868
39.08,0.8606608578098813
39.084,0.6724382621533453
39.088,0.5044252086077894
39.092,0.3502714853335875
39.096000000000004,0.21573803286368826
39.1,0.14965027694161834
39.104,0.04198342994954808
39.108000000000004,0.052102397655040045
39.112,-0.021040973416660325
39.116,-0.028605032563469517
39.12,-0.02028976576204113
39.124,-0.058000128467986176
39.128,-0.022363075159482045
39.132,-0.025641916994548843
39.136,0.002709709992898258
39.14,-0.009714493772056118
39.144,-0.07463641582115141
39.148,-0.016498965421707635
39.152,-0.0445305868421896
39.156,-0.04361462401212268
39.160000000000004,-0.04049235323334947
39.164,0.018832835824694496
39.168,-0.03129392457179779
39.172000000000004,-0.02178439900712823
39.176,-0.0029217151533572766
39.18,0.016596580893216705
39.184,-0.028851117458132708
39.188,-0.017514069092359197
39.192,-0.014709996781893955
39.196,-0.017980706754170614
39.2,-0.0237286204220426
39.204,-0.042476984236308094
39.208,-0.029331847685092623
39.212,-0.03484202899333151
39.216,-0.038519982057324216
39.22,-0.028767660474721724
39.224000000000004,-0.018531429087488508
39.228,-0.030723785687257706
39.232,-0.02465989693316114
39.236000000000004,0.002547511614328063
39.24,-0.00039255273200343097
39.244,-0.0353425714799761
39.248,-0.05224714382382282
39.252,0.03781574009997241
39.256,-0.01812480639185489
39.26,0.022690353921533887
39.264,-0.014355772274703648
39.268,0.023709734439695228
39.272,-0.0034544144326280144
39.276,-0.013548176579844329
39.28,-0.02322894658768274
39.284,-0.014637524397152024
39.288000000000004,-0.029593203792237448
39.292,-0.004299239322217366
39.296,-0.01094157045761927
39.300000000000004,0.0013232271358235657
39.304,0.002046808497968452
39.308,-0.031251710584031756
39.312,-0.0020210128840200056
39.316,-0.007192905892150866
39.32,0.014446971389617872
39.324,0.026694383131974572
39.328,-0.014965123027985826
39.332,-0.04983289428024968
39.336,-0.006892924592040253
39.34,-0.006749295373887999
39.344,-0.02566574034294715
39.348,0.0036099513710830637
39.352000000000004,-0.009276427567079703
39.356,0.009514550310753503
39.36,-0.029476682695283564
39.364000000000004,0.0023498552152566602
39.368,-0.007007929357744656
39.372,-0.006905159942913002
39.376,0.017884003245200102
39.38,-0.014135538830278419
39.384,-0.009503836136161573
39.388,0.014770791434261094
39.392,-0.031705577611893986
39.396,0.014086682126538533
39.4,-0.014454700119060217
39.404,-0.04645711757571791
39.408,0.03011794959004628
39.412,0.03513940376823644
39.416000000000004,0.0037589627764955443
39.42,-0.01868301537830741
39.424,-0.033962554477921174
39.428,0.009273573560614668
39.432,0.034505679607682894
39.436,-0.02739625975365865
39.44,0.002924319370318083
39.444,0.03649699936301335
39.448,0.021101389485543257
39.452,0.0013077374479436056
39.456,0.04776907284021543
39.46,-0.020622609316994406
39.464,0.01701536926413112
39.468,0.02830824803436041
39.472,-0.020886963835436603
39.476,-0.00272416332633074
39.480000000000004,-0.0007356184958976723
39.484,0.06546411342532743
39.488,0.007403447689189373
39.492,0.006906478658174557
39.496,-0.0019093216002880557
39.5,0.06317951604409477
39.504,0.05194949422669334
39.508,-0.007098284793097674
39.512,-0.004165792491615099
39.516,0.02412760463152075
39.52,0.01652570445197963
39.524,0.020468377357456706
39.528,-0.0018804344674874431
39.532000000000004,-0.02385199952920307
39.536,0.017175624981865943
39.54,-0.005215999641735249
39.544000000000004,0.06872154067128841
39.548,0.019325362197014327
39.552,0.021529863144376615
39.556,0.025079107116743056
39.56,0.003920450241816918
39.564,0.0214455287705653
39.568,-0.005202124624740498
39.572,0.018169784316872706
39.576,0.028297006342732075
39.58,0.019517276267641506
39.584,-0.03844311661369487
39.588,0.0314600617584139
39.592,0.00387620511540299
39.596000000000004,0.04029318359416083
39.6,0.02253381719642689
39.604,0.02075748334090362
39.608000000000004,0.031411595675602776
39.612,0.008515170196962095
39.616,0.023338187903534532
39.62,0.015273167293292745
39.624,0.034538181274819606
39.628,0.04214002627452261
39.632,0.006912978154813884
39.636,0.015190301393028726
39.64,0.008037589256286233
39.644,0.06224987108003893
39.648,0.0093187910928592
39.652,0.024148983716856358
39.656,0.021274449709129253
39.660000000000004,0.00740779247836551
39.664,0.03807424678674081
39.668,0.021407423244512024
39.672000000000004,0.049015699952873734
39.676,0.008916012067889164
39.68,0.0352285805868571
39.684,0.07413686203941333
39.688,0.04730139529957882
39.692,0.029044651497365508
39.696,0.04837272525321611
39.7,0.005194314154536715
39.704,0.04042269671485676
39.708,0.038322872746858125
39.712,0.04172926553685775
39.716,0.04241816018354351
39.72,0.04652370127033203
39.724000000000004,0.019633120794284295
39.728,0.02165135047887454
39.732,0.011511023187567342
39.736000000000004,0.04306268054094169
39.74,-0.003634159955197107
39.744,0.031180940818174397
39.748,0.016803123009672988
39.752,0.03802909082347594
39.756,0.07992700988802759
39.76,0.023634992597770976
39.764,0.05704278115797619
39.768,0.06362707345045118
39.772,0.012423995669779087
39.776,0.03235425213438765
39.78,0.04113032313577076
39.784,0.019214788154360164
39.788000000000004,0.02774569273773994
39.792,0.032352237846442325
39.796,0.04045101224608791
39.800000000000004,0.026642934212755466
39.804,0.060880711380652694
39.808,0.04935469242590368
39.812,0.03674591515228889
39.816,0.044674959793638155
39.82,0.004097657904654509
39.824,0.008659907990688703
39.828,0.0120607602790982
39.832,0.04355751057501079
39.836,0.06993081917695056
39.84,0.030211659648557584
39.844,0.01705450591122916
39.848,0.021491482910523003
39.852000000000004,0.044846261646125526
39.856,0.014700515564184481
39.86,0.023241773493231296
39.864000000000004,0.05487914240917549
39.868,0.06669631812682289
39.872,0.04486805764346321
39.876,0.04364233121673679
39.88,0.04111580621764939
39.884,0.06604678671076403
39.888,0.009679798963184355
39.892,0.09814644891788424
39.896,0.1417850330836711
39.9,0.1994642829933095
39.904,0.2976295430005669
39.908,0.44230241247191837
39.912,0.5773644994052969
39.916000000000004,0.7606066258908344
39.92,0.8776385603175131
39.924,1.0070868753920774
39.928000000000004,1.062066895186914
39.932,0.9983545211618111
39.936,0.9497007138205423
39.94,0.8011604946868633
39.944,0.6400893970616228
39.948,0.5040055299115123
39.952,0.3498145678937452
39.956,0.2160801711652768
39.96,0.17023936598224118
39.964,0.13067531241030397
39.968,0.07101505542734941
39.972,0.05667153741241408
39.976,0.048197254615790115
39.980000000000004,0.04016122681305262
39.984,0.03199174007862897
39.988,0.06262885234270925
39.992,0.06927715935999758
39.996,0.021271259428735104
40.0,0.04474555912647267
40.004,0.041584512296006126
40.008,0.062468588833975554
40.012,0.06941480444156485
40.016,0.0563939514561602
40.02,0.07179115075441334
40.024,0.06698357240563937
40.028,0.061822404976879075
40.032000000000004,0.05905478379003663
40.036,0.07049310363787935
40.04,0.03846837210140635
40.044000000000004,0.02691512386177864
40.048,0.06643570843076341
40.052,0.06808012987270884
40.056,0.08224634965359245
40.06,0.0479581141159122
40.064,0.02675905999096284
40.068,0.05753050860536459
40.072,0.07865471694978149
40.076,0.03813367313095598
40.08,0.047142784876603325
40.084,0.03900492582040353
40.088,0.019826257241945852
40.092,0.07416396195795719
40.096000000000004,0.04161283053950289
40.1,0.0823591065329069
40.104,0.04201944234133825
40.108000000000004,0.015425364366185426
40.112,0.031549982823530734
40.116,0.030839565886173512
40.12,0.03609272924703829
40.124,0.04546883018162205
40.128,0.04269781054319451
40.132,0.08286706971037558
40.136,0.005312585749456242
40.14,0.02974911043930664
40.144,0.052161086194512346
40.148,0.06492629825386288
40.152,0.05218483175560026
40.156,0.04934940321084345
40.160000000000004,0.06071486407468723
40.164,0.04615690158197771
40.168,0.04421867256358352
40.172000000000004,0.05732944538272568
40.176,0.020989254514360157
40.18,0.05013394501673055
40.184,0.034098140978598715
40.188,0.05491292190643592
40.192,0.045777365541015046
40.196,0.07448724363602571
40.2,0.06052498349865055
40.204,0.055559077052847024
40.208,0.03380160949097638
40.212,0.06048040191166192
40.216,0.006783845704503126
40.22,0.06690776111481218
40.224000000000004,0.06617394619400238
40.228,0.05308232588750951
40.232,0.06253335234265234
40.236000000000004,0.021347095946493793
40.24,0.039250722057519505
40.244,0.031236215368111307
40.248,0.060481902791748
40.252,0.06034866484149861
40.256,0.07999989803688907
40.26,0.028025371245897105
40.264,0.030974318385097496
40.268,0.05689678807719085
40.272,0.036135373981348896
40.276,0.035067783287442506
40.28,0.060453118208964846
40.284,0.04809993746289941
40.288000000000004,0.03659903920785511
40.292,0.0695388338470229
40.296,0.0454593323001567
40.300000000000004,0.019680952998193252
40.304,0.04325536452917463
40.308,0.04721559452916857
40.312,0.033409482933970114
40.316,0.06732876148228639
40.32,0.052492406069122456
40.324,0.06060668659209295
40.328,0.06414677855272066
40.332,0.04148379703638281
40.336,0.042241605956968034
40.34,0.04858079536933747
40.344,0.03907505526318884
40.348,0.07483081775680912
40.352000000000004,0.029202885337212815
40.356,0.01990020017308152
40.36,0.05707503254630383
40.364000000000004,0.042208974721691946
40.368,0.017985688561916454
40.372,0.0600636276675802
40.376,0.06074357253506808
40.38,0.028725751609954876
40.384,0.0221323782617174
40.388,0.06107609894254868
40.392,0.05903249779734572
40.396,0.06033905452723381
40.4,0.03858045826256448
40.404,0.061539918230131004
40.408,0.07727065857491347
40.412,0.058964490203889455
40.416000000000004,0.05770224009824093
40.42,0.06678153531051831
40.424,0.0538021923161455
40.428000000000004,0.04423811045208103
40.432,0.05088992142031311
40.436,0.06263690200656759
40.44,0.04957722120476873
40.444,0.05666265332874045
40.448,0.03525117396051432
40.452,0.04090439744238949
40.456,0.013478019866997523
40.46,0.059645454618886345
40.464,0.04886008859285663
40.468,0.02149505129138991
40.472,0.0503386988895328
40.476,0.025521772688987907
40.480000000000004,0.05087526821299333
40.484,0.07830037596139475
40.488,0.0429534993752118
40.492,0.025675345527628957
40.496,0.030673724798847262
40.5,0.044116524980040935
40.504,0.030577031285174375
40.508,0.05140975733186624
40.512,0.0012250069696742097
40.516,0.06503975615190992
40.52,0.03459631542787769
40.524,0.03633601630997414
40.528,0.06204838868553551
40.532000000000004,0.055463790395383995
40.536,0.0010333973538655672
40.54,0.008486621852101087
40.544000000000004,0.05255085712136896
40.548,0.0271292668522728
40.552,0.016683687704542385
40.556,0.04958904069050266
40.56,0.031129545833398428
40.564,0.04119633472640988
40.568,0.01673124024952913
40.572,0.02358875448694942
40.576,0.028488678177560837
40.58,0.037187482121683935
40.584,0.051461577574184396
40.588,-0.00048164195361459494
40.592,0.014903938763222546
40.596000000000004,0.01559426268353696
40.6,0.032104602885114256
40.604,0.015172826902648316
40.608000000000004,0.03050254281396088
40.612,0.05051982592518453
40.616,0.031111491046833105
40.62,0.052021952406914304
40.624,0.027361755964134368
40.628,-0.00788828445753157
40.632,0.02630087701282034
40.636,0.032490264259105686
40.64,0.013645742687688794
40.644,0.02313085971079715
40.648,0.050560051849619495
40.652,0.03440958444377288
40.656,0.003712376032188037
40.660000000000004,-0.00028570500727667994
40.664,0.037006788138971056
40.668,0.03533797100677624
40.672000000000004,6.298157812184915e-05
40.676,0.019143497168005223
40.68,0.024222013095900198
40.684,0.041667489672909605
40.688,0.03804703767779673
40.692,0.06769369038954756
40.696,0.008010005224705692
40.7,-0.014114801506510372
40.704,0.01866390518289861
40.708,0.040106998484195924
40.712,-0.0021835543072282956
40.716,-0.0013275351239373338
40.72,0.023728922775833584
40.724000000000004,0.01950907760592438
40.728,0.044350074122705835
40.732,0.010163507993791468
40.736000000000004,0.07337073096298029
40.74,0.044297367963972316
40.744,0.0554523748180085
40.748,0.033087221011345674
40.752,0.10543570394341359
40.756,0.1923997050852612
40.76,0.24028280677942251
40.764,0.40101425753567393
40.768,0.5283308038988265
40.772,0.6968396985285615
40.776,0.8332769499648374
40.78,0.9638280688477028
40.784,0.9718753745148067
40.788000000000004,0.9982859259539288
40.792,0.9191566277564285
40.796,0.8040861451261774
40.800000000000004,0.6384656777260783
40.804,0.4621228616081981
40.808,0.3501819291013387
40.812,0.23165699256478386
40.816,0.13957808234557462
40.82,0.10115565034132541
40.824,0.0400310308293814
40.828,0.04565225314423148
40.832,0.031797167315844456
40.836,-0.006310747430126121
40.84,0.02491789970905367
40.844,0.0017261447418746795
40.848,0.01354123764663508
40.852000000000004,-0.00198089734481249
40.856,0.03167594952959742
40.86,0.014571015781362887
40.864000000000004,-0.047632536598344134
40.868,-0.014591681735925444
40.872,-0.02124203371669038
40.876,-0.0021260769319124363
40.88,0.016592730474598538
40.884,0.003984468217395302
40.888,-0.032324966264943696
40.892,-0.04038427847299156
40.896,0.0012835153631640386
40.9,-0.0048687188828527616
40.904,0.01675994265011551
40.908,0.011130884321472247
40.912,0.0045613381598352725
40.916000000000004,0.026947003567285768
40.92,0.005771273944965249
40.924,0.012614121398261284
40.928000000000004,-0.011159261740693049
40.932,0.005537316370613962
40.936,0.031002999735575593
40.94,-0.02546199524497277
40.944,-0.028499676534302833
40.948,-0.013357241035473227
40.952,0.017650910612457556
40.956,-0.0037780953572292527
40.96,-0.01995176080561686
40.964,0.006086822854934563
40.968,-0.007310409470212798
40.972,-0.006735674310010487
40.976,-0.03332509959130062
40.980000000000004,-0.04436973805661668
40.984,0.0010409775609581387
40.988,-0.019146038369797936
40.992,0.005464383360072366
40.996,0.031130372034446435
41.0,0.007254879165633877
41.004,-0.033716293762110404
41.008,-0.004857102215308902
41.012,-0.02222848475757933
41.016,-0.004751087459079892
41.02,0.006502255557272012
41.024,-0.017953173548217988
41.028,-0.0007896555260493779
41.032000000000004,-0.00961534002067148
41.036,-0.0030717037078143977
41.04,0.003554077799142151
41.044000000000004,-0.01470700707247907
41.048,0.008497899588430302
41.052,0.011340186349343414
41.056,-0.032160282196644435
41.06,-0.018262342973106985
41.064,-0.016152665152744224
41.068,-0.05436711092330175
41.072,-0.03438237618970187
41.076,0.008556642951735336
41.08,-0.005427188107201025
41.084,-0.016089292608169648
41.088,-0.013664768578468673
41.092,0.0008772005774263479
41.096000000000004,-0.0420609762364072
41.1,0.010549776731808177
41.104,-0.030718305366997475
41.108000000000004,-0.027356606277296514
41.112,-0.040834795846386454
41.116,-0.014388275257445304
41.12,-0.038017221009946325
41.124,-0.023172726614457753
41.128,-0.03977138473550521
41.132,0.0005670058479281433
41.136,0.003157450706027295
41.14,-0.03822262495618925
41.144,-0.050345433667498274
41.148,-0.049558244603797874
41.152,-0.008845858050779462
41.156,-0.050878749886277747
41.160000000000004,-0.04280809033609894
41.164,-0.027275181073257146
41.168,0.0034180445241983257
41.172000000000004,-0.025146509814443118
41.176,-0.032127037764076036
41.18,-0.013461294320417684
41.184,-0.06095974160679936
41.188,-0.04927565382878053
41.192,-0.008801664129530404
41.196,-0.00651174753532404
41.2,-0.017595326971418454
41.204,-0.020942819753740172
41.208,-0.035087640648175565
41.212,-0.03426697290678974
41.216,0.0050884797720620115
41.22,-0.04985708489058613
41.224000000000004,-0.005325401222821852
41.228,-0.031753219629757
41.232,-0.06203106106505977
41.236000000000004,-0.02039988481063284
41.24,-0.04767080700900621
41.244,-0.024059593251601064
41.248,-0.02523446621441381
41.252,0.013305734013324966
41.256,-0.04478729270886342
41.26,-0.07247898760743446
41.264,-0.02538415562719285
41.268,-0.02106736707171325
41.272,-0.039067435203658976
41.276,-0.0492120226607025
41.28,-0.024949375052498682
41.284,-0.021269300476980373
41.288000000000004,-0.043609538665532306
41.292,-0.019056920681523603
41.296,-0.034803023523324976
41.300000000000004,-0.03769704676639998
41.304,-0.06028567291494554
41.308,-0.04983184580938596
41.312,-0.023802010581774523
41.316,-0.012438238596500041
41.32,-0.014862717507610184
41.324,-0.039567004584719866
41.328,-0.04117761613286135
41.332,-0.05533059507500049
41.336,-0.05430203751552367
41.34,-0.046070621376147626
41.344,-0.02004866080722163
41.348,-0.015847814897173827
41.352000000000004,-0.03260868884949935
41.356,-0.02871168229843558
41.36,-0.058855516248798645
41.364000000000004,-0.044075578612900346
41.368,-0.026849657715306004
41.372,-0.039743431801167274
41.376,-0.02963385901546374
41.38,-0.06718323988143357
41.384,-0.011574481685797122
41.388,-0.048054994008620344
41.392,-0.05459831521843536
41.396,-0.0402406541020573
41.4,-0.11597853841868644
41.404,-0.049362215437941726
41.408,-0.0033713148432389026
41.412,-0.054709761538555494
41.416000000000004,-0.024657723776691592
41.42,-0.0769990962629455
41.424,-0.07181069674339897
41.428000000000004,-0.07565562908016826
41.432,-0.016958879258154647
41.436,-0.08203820475522955
41.44,-0.03891162897961066
41.444,-0.061245023012788107
41.448,-0.032073782006871575
41.452,-0.06662866555174786
41.456,-0.05898357410134468
41.46,-0.03809646246286053
41.464,-0.08036298189383544
41.468,-0.08649335479709722
41.472,-0.006133050976139233
41.476,-0.0446225701862079
41.480000000000004,-0.03645008177710733
41.484,-0.046397216460314736
41.488,-0.039444859129598095
41.492,-0.04658813760526094
41.496,-0.03878111870600677
41.5,-0.0717739636304706
41.504,-0.09908660520072252
41.508,-0.06058038843265758
41.512,-0.01648364063345795
41.516,-0.06053198440966058
41.52,-0.0842406587838502
41.524,-0.017373601541310364
41.528,-0.027166217358448614
41.532000000000004,-0.059733956663594295
41.536,-0.032985476794820764
41.54,-0.0375055105392176
41.544000000000004,-0.07323025974210853
41.548,-0.024166817373375324
41.552,-0.035578317977919424
41.556,-0.03938137621833716
41.56,-0.026402940249663075
41.564,-0.0870982800146139
41.568,-0.050925185410663355
41.572,-0.017706627532600674
41.576,-0.023258041440412
41.58,-0.07801120886335745
41.584,-0.03579684237922672
41.588,-0.06073435427382398
41.592,-0.038230124144425594
41.596000000000004,-0.05671154394188822
41.6,-0.0048358448510848855
41.604,0.027856191900872927
41.608000000000004,0.03954837920206178
41.612,0.09338794942685717
41.616,0.15671766775893123
41.62,0.2610494935212304
41.624,0.4352408919112526
41.628,0.5811065043090721
41.632,0.7271969860969207
41.636,0.8398056041200515
41.64,0.9114633173043213
41.644,0.9661973039762051
41.648,0.9118465148827369
41.652,0.7824547495133413
41.656,0.6348641168819182
41.660000000000004,0.44348902640885307
41.664,0.3078220355826822
41.668,0.17771243591059743
41.672000000000004,0.1141062294846365
41.676,0.034868636758776994
41.68,-0.0017677172357303283
41.684,-0.03978111284530093
41.688,-0.03594752338904589
41.692,-0.07670754778979216
41.696,-0.011436768339038478
41.7,-0.04682287659343977
41.704,-0.038075014383266825
41.708,-0.03928814463367524
41.712,-0.06489265913233713
41.716,-0.020653958310960632
41.72,-0.04448022168565961
41.724000000000004,-0.0508206775553544
41.728,-0.027280833254632264
41.732,-0.06569344536764488
41.736000000000004,-0.03454224887770212
41.74,-0.012309205692828007
41.744,-0.05708123695261301
41.748,-0.03836464606965793
41.752,-0.07365967482670494
41.756,-0.042279754649829
41.76,-0.0414177088921369
41.764,-0.07954261152395167
41.768,-0.014515634305328533
41.772,-0.0060004794633645095
41.776,-0.08430812581276656
41.78,-0.03815262987898067
41.784,-0.05488069396493402
41.788000000000004,-0.05152460459889047
41.792,-0.0381991705060158
41.796,-0.045145204033696026
41.800000000000004,-0.05023481182573248
41.804,-0.04044697805782178
41.808,-0.05383592029327731
41.812,-0.041543471713825955
41.816,-0.059260421950698805
41.82,-0.02803935455468116
41.824,-0.005496111941339206
41.828,-0.0448739225621219
41.832,-0.05135046178469347
41.836,-0.018141812674820446
41.84,-0.08437523312360953
41.844,-0.0485169826466088
41.848,-0.06755368178988183
41.852000000000004,-0.05583235011276393
41.856,-0.06586502495008958
41.86,-0.050242346379704816
41.864000000000004,-0.02007240620583771
41.868,-0.06125305875510283
41.872,-0.04847926417404681
41.876,-0.021354044447262726
41.88,-0.03358772433288247
41.884,-0.028933683079562355
41.888,-0.046005250347369075
41.892,-0.0537315230038211
41.896,-0.0522752153430382
41.9,-0.050808249529696314
41.904,-0.06918980586097129
41.908,-0.0898119754472764
41.912,-0.053194124733719574
41.916000000000004,-0.038158294052564816
41.92,-0.053668355451894634
41.924,-0.02051135960031907
41.928000000000004,-0.01892796681108033
41.932,-0.04019277769440363
41.936,-0.04832125157415331
41.94,-0.03257198416780138
41.944,-0.05147793406433593
41.948,-0.04539134775161776
41.952,-0.057626072619818475
41.956,-0.053691967959461774
41.96,-0.028816855230415044
41.964,-0.04835322197419259
41.968,-0.029984466500609527
41.972,-0.03958075859428542
41.976,-0.037851738229508006
41.980000000000004,-0.03244663823003227
41.984,-0.08268341727129436
41.988,-0.04703210257151424
41.992,-0.03243228630724662
41.996,-0.009140535554136749
42.0,-0.027230035177779485
42.004,0.013303843336294745
42.008,-0.011173871752825928
42.012,-0.03386632518008422
42.016,-0.0619973445292074
42.02,-0.04209926291866216
42.024,-0.040288619985653355
42.028,-0.03384729868014893
42.032000000000004,-0.02777523732676198
42.036,-0.06137873643933499
42.04,-0.024784927536925627
42.044000000000004,-0.04018973475026797
42.048,-0.047501601307240286
42.052,-0.05962266560973621
42.056,-0.02957638864560797
42.06,-0.04374702418177231
42.064,-0.0780200558469323
42.068,-0.03162782131251139
42.072,-0.03662874285020993
42.076,-0.06543388355955584
42.08,-0.019572942449104305
42.084,-0.037430304144540495
42.088,-0.023860071336530467
42.092,-0.05593386334430496
42.096000000000004,-0.041753637585240456
42.1,-0.023403418376526347
42.104,-0.01714530887175767
42.108000000000004,-0.04394155292995329
42.112,-0.08238207401078963
42.116,-0.0251922705572927
42.12,-0.03360472307445668
42.124,-0.0012524699062760672
42.128,-0.04886478703224552
42.132,-0.018949107965982454
42.136,-0.05726719509984851
42.14,-0.021719819070540068
42.144,-0.03447692593869449
42.148,-0.022522484785712865
42.152,-0.02795150368910823
42.156,-0.029791321625541045
42.160000000000004,0.005287185545680962
42.164,-0.00214637787104463
42.168,-0.02501890674069286
42.172000000000004,-0.043242977508552286
42.176,-0.040762946372074726
42.18,-0.0028609388894274834
42.184,-0.02288229844336623
42.188,-0.03780722653473451
42.192,-0.036386300329245384
42.196,0.004610809352254202
42.2,-0.019787281428239174
42.204,-0.03937203478280449
42.208,0.008694233683127332
42.212,-0.013600281660508232
42.216,-0.04848601150958771
42.22,-0.045336220492291704
42.224000000000004,-0.013803436055182743
42.228,-0.03442705582145429
42.232,-0.028017656334223075
42.236000000000004,0.01731604363949786
42.24,0.0207156160738614
42.244,0.018041865209277263
42.248,-0.008069557870165067
42.252,-0.011735119491126447
42.256,-0.039291042644555116
42.26,-0.03976372120182646
42.264,-0.013744628555769009
42.268,-0.012323809853350525
42.272,0.004182655681484822
42.276,0.0019117347573249337
42.28,-0.0045583573725210234
42.284,-0.0012195497706654103
42.288000000000004,-0.008090821999922726
42.292,0.01343213934409908
42.296,-0.03430780962936141
42.300000000000004,0.0277305162435411
42.304,0.0003497071489740964
42.308,-0.03801107631047097
42.312,-0.005138404910505931
42.316,0.02416309546970436
42.32,-0.022051094380138088
42.324,0.0011318697834221004
42.328,-0.010466021452222628
42.332,0.020715589062381357
42.336,-0.003572740661362017
42.34,-0.020202956190740008
42.344,0.0017010328401436282
42.348,0.002583617636282865
42.352000000000004,-0.004407073563524841
42.356,-0.0171864034849021
42.36,-0.033921280640062106
42.364000000000004,-0.006151530145116572
42.368,-0.037355751747051094
42.372,-0.02182601125750335
42.376,-0.002650681633468139
42.38,0.017696372536288522
42.384,0.014462453441303418
42.388,-0.037964842578438684
42.392,0.016894050205581088
42.396,-0.043535243819654304
42.4,0.002574035189270472
42.404,0.000696648839792079
42.408,0.01679102987780484
42.412,0.00302672038679373
42.416000000000004,0.02099865731022166
42.42,-0.011688210312456974
42.424,-0.0015374615133944207
42.428000000000004,0.018718823454011164
42.432,-0.008904261157302055
42.436,-0.00869070538151773
42.44,0.004229297004577175
42.444,-0.026999700561057844
42.448,0.0010739953704458202
42.452,-0.010676182810125157
42.456,0.04700083857013202
42.46,0.05821342506189628
42.464,0.07517672290596858
42.468,0.15184941367017463
42.472,0.1851248059780983
42.476,0.2769617235461857
42.480000000000004,0.42462580783681764
42.484,0.5794528797492543
42.488,0.7280067302603269
42.492000000000004,0.882561755648101
42.496,0.9493240385729101
42.5,0.9892368277232851
42.504,0.9797380916125354
42.508,0.8524117467034673
42.512,0.7582888919289016
42.516,0.5850480550086852
42.52,0.4098561722566813
42.524,0.3113416071315041
42.528,0.19149113874160809
42.532000000000004,0.14774425669157734
42.536,0.06443513091580802
42.54,0.030669590575638367
42.544000000000004,0.0355140364186581
42.548,-0.0009496685420022216
42.552,0.03700031922196191
42.556,0.0228236651166333
42.56,-0.04970047097036906
42.564,0.014521573974497888
42.568,0.0193578864461619
42.572,-0.008789443639653378
42.576,0.00994026535922176
42.58,0.009763079926263744
42.584,-0.022846433741967598
42.588,0.022377336234841203
42.592,0.016439684180882017
42.596000000000004,0.0042566694586916014
42.6,0.009959645159051001
42.604,0.019487714563281407
42.608000000000004,0.04067908993559928
42.612,0.028461741754595052
42.616,0.014564103109788
42.62,0.012886953096430249
42.624,0.010543673042889971
42.628,0.0399857654714622
42.632,0.0284235368775643
42.636,0.011327435973931767
42.64,0.04894104332547035
42.644,0.038503311267784106
42.648,0.006169411834758824
42.652,0.03380780079430883
42.656,0.027556992075496747
42.660000000000004,0.03169309611573044
42.664,0.038737629441616905
42.668,0.018187048745478288
42.672000000000004,0.014925904899936221
42.676,0.0036342191162934447
42.68,0.031879361108143045
42.684,0.024670420262029404
42.688,-0.00798992796803754
42.692,0.027692707530132005
42.696,0.035103044303470124
42.7,0.03106124115900314
42.704,0.022351064537554054
42.708,0.04301718363436078
42.712,0.017565105680251228
42.716,-0.0006267996476273033
42.72,0.05936781976519029
42.724000000000004,0.001050074948109856
42.728,0.03590043418107487
42.732,0.06573222539255916
42.736000000000004,0.02141459563084773
42.74,0.0554336684708992
42.744,0.027238410917091165
42.748,0.026735926688097787
42.752,-0.0027655438845482216
42.756,0.04573278140175118
42.76,0.020318450853047103
42.764,0.04838727553981892
42.768,0.01615554681638598
42.772,0.03646324865905483
42.776,0.037234273745301014
42.78,0.061105457490090054
42.784,0.05135711650098945
42.788000000000004,0.012081197681714725
42.792,0.05413658299418055
42.796,0.03339647953952749
42.800000000000004,0.02237583308108889
42.804,0.027183323680408947
42.808,0.05579424927732325
42.812,0.005054104490024219
42.816,0.027363370005679725
42.82,0.01561049879483143
42.824,0.03787844663862278
42.828,0.03229223147117298
42.832,0.014860598798762992
42.836,0.03338745008893176
42.84,0.034482008811952354
42.844,0.03161235015240646
42.848,0.040882242275729945
42.852000000000004,0.062215880887005734
42.856,0.03907107378971079
42.86,0.04054506281129876
42.864000000000004,0.05219685590374505
42.868,0.0353924390947495
42.872,0.03573625271782884
42.876,0.028514047539781727
42.88,0.02744338924342902
42.884,0.02637870996166637
42.888,0.044246344069615404
42.892,-0.005679700611487683
42.896,0.03180814839542947
42.9,0.04492403071116427
42.904,0.06172042604000602
42.908,0.07058503070354501
42.912,0.011501608058968403
42.916000000000004,0.028766988161639317
42.92,0.0399068379992035
42.924,0.007852192444469504
42.928000000000004,0.028411820701778164
42.932,0.04535010460190085
42.936,0.03778470338911068
42.94,0.006547126576809129
42.944,0.05754903353384132
42.948,0.025506148879717944
42.952,0.04409891848506546
42.956,0.010499638566605962
42.96,0.042392431600306965
42.964,0.06129347254808662
42.968,0.06284518733346062
42.972,0.061918693418385344
42.976,0.05477281817827232
42.980000000000004,0.02728334388664378
42.984,0.017334622685183702
42.988,0.07291155206367628
42.992000000000004,0.020524876538849234
42.996,0.027473091726197257
43.0,0.06009689825461105
43.004,0.04768666544281965
43.008,0.07182845289998187
43.012,0.037539609873799035
43.016,0.06750098553568767
43.02,0.10347583756456222
43.024,0.03480247693371223
43.028,0.046043845836279795
43.032000000000004,0.03613903843899681
43.036,0.04396010886579654
43.04,0.03830365136789908
43.044000000000004,0.062061311660462
43.048,0.06589474565695144
43.052,0.05264955567144028
43.056,0.06434410358915073
43.06,0.028918041789687727
43.064,0.05696443413474313
43.068,0.0371257168591476
43.072,0.06995999076275242
43.076,0.05604123595678732
43.08,0.011053767746105336
43.084,0.04867463279238886
43.088,0.023277598030831563
43.092,0.04307043292290918
43.096000000000004,0.06925890384982368
43.1,0.08949770538839774
43.104,0.058439270720350704
43.108000000000004,0.059170300941426675
43.112,0.060002474894924246
43.116,0.045249889541762824
43.12,0.012470129460801435
43.124,0.06641872584447808
43.128,0.05440452553182578
43.132,0.050154883706739546
43.136,0.05624501356854457
43.14,0.05931460780911739
43.144,0.05256479287202183
43.148,0.0702300375997481
43.152,0.04944939148761419
43.156,0.07275927227353525
43.160000000000004,0.04380757325506198
43.164,0.04289924042553086
43.168,0.029332641418288712
43.172000000000004,0.03413153187543032
43.176,0.001130313858040445
43.18,0.025565662842058752
43.184,0.04504832288116027
43.188,0.06822356941990264
43.192,0.03294675896085557
43.196,0.04334130414246522
43.2,0.04656433318468843
43.204,0.04900793810802206
43.208,0.011668869878727756
43.212,0.03943403262473756
43.216,0.09159547328350043
43.22,0.06869094168481446
43.224000000000004,0.03687346753254185
43.228,0.05369677822055713
43.232,0.06908760776141161
43.236000000000004,0.04564564917361907
43.24,0.06161939506811645
43.244,0.052715359108479756
43.248,0.03371064302002552
43.252,0.05103994451744459
43.256,0.02660433985041093
43.26,0.04819643037913255
43.264,0.055881962713585066
43.268,0.03870118425794708
43.272,0.05860496731969887
43.276,0.05388921278466094
43.28,0.050021773406111754
43.284,0.03990761566375978
43.288000000000004,0.03311811305152655
43.292,0.05195094518873801
43.296,0.05183705961264998
43.300000000000004,0.06862895184653668
43.304,0.015145927555107477
43.308,0.05872275472375917
43.312,0.05325349669647976
43.316,0.06274010297840724
43.32,0.07045177312915077
43.324,0.1789593015171817
43.328,0.21293953855606018
43.332,0.29413426805671034
43.336,0.42755867759932
43.34,0.5366881026927753
43.344,0.7262343127587899
43.348,0.8819102728872663
43.352000000000004,0.9894623857798964
43.356,1.017354506147599
43.36,1.0219742411338406
43.364000000000004,0.9803367965216208
43.368,0.8351885586843392
43.372,0.6666645169486347
43.376,0.5119977745082229
43.38,0.41070526828745413
43.384,0.2577454583334208
43.388,0.15529882257407276
43.392,0.08018560412733663
43.396,0.08267957727650932
43.4,0.06186414693809877
43.404,0.015095257025321294
43.408,0.03890911215849689
43.412,0.04400434891919938
43.416000000000004,0.03749863437673206
43.42,9.26685744475908e-05
43.424,0.019912557497476332
43.428000000000004,0.0188448085570549
43.432,0.06691767586530149
43.436,0.03866323673663054
43.44,0.020811639242621142
43.444,0.05459990933772888
43.448,0.007031920348759574
43.452,0.03244709039349487
43.456,0.05138620784599336
43.46,0.021869342882447237
43.464,0.02093854516774809
43.468,0.006707575978581896
43.472,0.023465377358442754
43.476,0.0548093188915426
43.480000000000004,0.04633307443266663
43.484,0.058520472521008705
43.488,0.02704047006208334
43.492000000000004,0.08805711103275812
43.496,0.004807299954005223
43.5,0.018374080695080015
43.504,-0.00647045621743414
43.508,0.04622397230334264
43.512,0.04194062380243702
43.516,0.07886485951503472
43.52,0.026972266194256127
43.524,0.027893199821057056
43.528,-0.030826245086836714
43.532000000000004,-0.01011752644192336
43.536,0.03578033289329705
43.54,0.020291423002137727
43.544000000000004,0.04512636044417895
43.548,0.013913753945634509
43.552,0.040073023940126615
43.556,0.03720330881456907
43.56,-0.00027374820375613423
43.564,0.045427993243657386
43.568,0.05531365336414333
43.572,0.03454200674652138
43.576,0.04772541658188194
43.58,0.04463481008610969
43.584,0.026816340479311102
43.588,0.045010983509422155
43.592,0.06765486605425038
43.596000000000004,0.009927871126315838
43.6,0.03844762527683748
43.604,0.022410739661487582
43.608000000000004,0.029704790596674826
43.612,0.022432424312204952
43.616,0.022000211462518737
43.62,0.031509001165124485
43.624,0.01792707837749334
43.628,0.034989968780291834
43.632,-0.012904317230325747
43.636,0.04480633334432685
43.64,0.0157271202402256
43.644,0.014259825923142589
43.648,0.048667094614862655
43.652,0.04220225520892736
43.656,0.039268703658054904
43.660000000000004,0.03834358627836687
43.664,0.030590863434680295
43.668,0.006352487273291869
43.672000000000004,0.037053257800446035
43.676,0.033132791855786145
43.68,0.03690875099922651
43.684,0.020607161288911196
43.688,0.019820726339622226
43.692,0.009144288142562466
43.696,0.050611908155772545
43.7,0.008456003201379849
43.704,0.03311883848204023
43.708,0.013004456019964755
43.712,-0.0009221768519281116
43.716,0.01635727035501544
43.72,-0.0072505379008503505
43.724000000000004,0.014277611605241715
43.728,0.019287287605357584
43.732,0.0025801655163346544
43.736000000000004,0.012187570335179353
43.74,0.021364422764318162
43.744,0.01821233163984839
43.748,-0.0048743176313788515
43.752,0.020254628514321135
43.756,0.0030690577680873403
43.76,-0.0007628037105334683
43.764,0.011643991177869023
43.768,0.00809353058318847
43.772,0.031483070242392844
43.776,0.018660184737160593
43.78,0.00548743939004046
43.784,0.05632435836968161
43.788000000000004,0.03849311509289301
43.792,-0.027782975112379572
43.796,-0.01579607826801255
43.800000000000004,-0.007643248638886059
43.804,0.035451482931064565
43.808,-0.010319062333598436
43.812,0.010606934725415042
43.816,0.005710520541409882
43.82,0.03425831565159261
43.824,0.002849258751330524
43.828,0.019323095352136763
43.832,0.006685547133769535
43.836,0.03593343358030397
43.84,0.019586469605702074
43.844,0.02394585208137443
43.848,0.0029268574801313615
43.852000000000004,0.0058934042135050276
43.856,0.028451571816449042
43.86,0.04529410191248275
43.864000000000004,0.005353837805183254
43.868,0.016855333441864073
43.872,-0.01293895279058021
43.876,0.03657756753390794
43.88,-0.015916783694982575
43.884,0.014449364817529165
43.888,0.014170361285184875
43.892,-0.010273292294836837
43.896,-0.01847097288821197
43.9,0.0015604969015557513
43.904,0.023096862212722294
43.908,-0.02443146133541419
43.912,-0.005529428244993204
43.916000000000004,-0.05099317774144393
43.92,-0.0020122648045213624
43.924,-0.022179470142863818
43.928000000000004,-0.010089212906792848
43.932,-0.00019812932647467966
43.936,-0.014405696551430825
43.94,0.014246441670408385
43.944,0.021528425599274204
43.948,0.0224491539088597
43.952,-0.0039270624457449655
43.956,-0.01168175760459653
43.96,0.012151119422936773
43.964,0.01733783815571959
43.968,-0.013802277915257167
43.972,-0.004693609930868446
43.976,-0.00899183526365853
43.980000000000004,0.01048258159571
43.984,-0.015322552712549273
43.988,-0.0513980828060386
43.992000000000004,0.005789478815344957
43.996,0.01212810756025393
44.0,-0.0025390265436076222
44.004,0.009696665126133425
44.008,-0.008553443124158898
44.012,-0.03284261680389575
44.016,-0.0010544143096449469
44.02,-0.018038856186982873
44.024,-0.03401475539619525
44.028,0.01215372098082574
44.032000000000004,-0.01114880886634016
44.036,-0.06704278264642494
44.04,0.0003741356750749103
44.044000000000004,-0.010224479617247725
44.048,-0.02159564490987244
44.052,-0.02073666906226935
44.056,-0.002505997493725669
44.06,2.5113961681056188e-05
44.064,0.0004646690622730331
44.068,0.009289925579764382
44.072,-0.026569884650345606
44.076,0.017844944951666733
44.08,0.03902112736972691
44.084,-0.01209746884640964
44.088,-0.005765490052155672
44.092,-0.005068760327049546
44.096000000000004,0.009450326663596832
44.1,-0.0417280899731597
44.104,0.005321470311165252
44.108000000000004,-0.027572851277866198
44.112,-0.016353771902589354
44.116,-0.009117901407961666
44.12,-0.00526987685287883
44.124,-0.021942229459408095
44.128,-0.009495307052451241
44.132,0.0038774907870425396
44.136,-0.01421849654137032
44.14,0.005897301639785902
44.144,-0.024973772890519483
44.148,-0.0597740863650827
44.152,-0.02351671053788186
44.156,-0.02221394839255593
44.160000000000004,-0.021729738110514717
44.164,-0.05037068992850437
44.168,-0.04150747046360375
44.172000000000004,-0.013849050722173897
44.176,0.014604542553557542
44.18,0.04416561726402789
44.184,0.12929923605271584
44.188,0.20042592670086473
44.192,0.3113792385129829
44.196,0.44489601682598967
44.2,0.5787660326889776
44.204,0.7710888993664663
44.208,0.8831145424143401
44.212,0.9683223380658811
44.216,1.002894240899347
44.22,0.9020913715611356
44.224000000000004,0.8230845919308872
44.228,0.6184572932570364
44.232,0.4573173698511485
44.236000000000004,0.30140066995140874
44.24,0.20328599977100972
44.244,0.06929260965098992
44.248,0.054560436705620205
44.252,0.020414050835383533
44.256,0.004970078896606018
44.26,-0.014747277183922927
44.264,-0.01219558405126491
44.268,-0.016435330362743653
44.272,-0.030356179974541393
44.276,-0.026458751542829655
44.28,-0.04263490610108336
44.284,-0.036937462558721205
44.288000000000004,-0.0041600389158243135
44.292,-0.0568187535166533
44.296,-0.011673629823015487
44.300000000000004,-0.01843948393098399
44.304,-0.06528177593543452
44.308,-0.06716679364710312
44.312,-0.04646477923827848
44.316,-0.028238064885730732
44.32,-0.043781127029145134
44.324,-0.021890021882466703
44.328,-0.04034052443697622
44.332,-0.0636471610807412
44.336,-0.02716319471790643
44.34,-0.021843095466342926
44.344,-0.04280714379288867
44.348,-0.04279418567453219
44.352000000000004,-0.06565454662257508
44.356,-0.022500124308325563
44.36,-0.005571498041789726
44.364000000000004,-0.03724904428234504
44.368,-0.06695082544603995
44.372,-0.06656776752391694
44.376,-0.04122650610948056
44.38,-0.06589399578042444
44.384,-0.05165752751185147
44.388,-0.06432206549131775
44.392,-0.03836101254146482
44.396,-0.06471260550172958
44.4,-0.022702542021813276
44.404,-0.011169580260357356
44.408,-0.012074830040785335
44.412,-0.07271126867035714
44.416000000000004,-0.017418828842851723
44.42,-0.0342180867880947
44.424,-0.030218320770626264
44.428000000000004,-0.032456555406122356
44.432,-0.028541638901155433
44.436,-0.03387821381355164
44.44,-0.038783767866784
44.444,-0.04452947215988986
44.448,-0.055925683105152786
44.452,-0.02210936278848207
44.456,-0.04594972717574589
44.46,-0.05119126858981327
44.464,-0.026932017665169963
44.468,-0.0349302816286647
44.472,-0.04706823599508186
44.476,-0.045178568764411405
44.480000000000004,-0.0827820319676342
44.484,-0.06797552813753899
44.488,-0.05322045862405633
44.492000000000004,-0.04041754664094737
44.496,-0.03845890692835091
44.5,-0.07077822859791023
44.504,-0.05625644610677447
44.508,-0.0425234024199726
44.512,-0.02977682323575154
44.516,-0.061970032473117845
44.52,-0.06444302123898862
44.524,-0.07306206950946885
44.528,-0.04899571395449682
44.532000000000004,-0.04186653160068331
44.536,-0.0283368098778654
44.54,-0.052878576303971775
44.544000000000004,-0.029608717064357293
44.548,-0.04673418770858871
44.552,-0.04379361906800612
44.556,-0.0729941093828261
44.56,-0.014456541857398149
44.564,-0.05253125481488295
44.568,-0.02479413995743859
44.572,-0.03552507054701405
44.576,-0.05505946646299675
44.58,-0.060861749164179746
44.584,-0.03429251291513451
44.588,-0.06081556356645577
44.592,-0.06512821898883507
44.596000000000004,-0.0653621913706845
44.6,-0.06573285463748116
44.604,-0.06328252797909856
44.608000000000004,-0.021059966706421848
44.612,-0.0482956451481391
44.616,-0.027780516883948503
44.62,-0.041400871467965804
44.624,-0.05265177543173327
44.628,-0.05727479651439596
44.632,-0.0710350795573449
44.636,-0.04438465640730156
44.64,-0.049628344672487314
44.644,-0.049902598951800166
44.648,-0.05270315869064585
44.652,-0.039938556468808784
44.656,-0.06124311965523906
44.660000000000004,-0.07562692218648845
44.664,-0.0628666103430244
44.668,-0.08563984614546036
44.672000000000004,-0.046322646207951575
44.676,-0.01958867995868333
44.68,-0.05996151553525033
44.684,-0.03163876368794016
44.688,-0.011420586403159662
44.692,-0.05537603516873663
44.696,-0.040322238088014495
44.7,-0.036485209709151645
44.704,-0.01887555492722714
44.708,-0.04270402645960799
44.712,-0.06418827252543223
44.716,-0.06162594835143505
44.72,-0.06927633626955658
44.724000000000004,-0.054135920204029055
44.728,-0.03741758226357353
44.732,-0.03846501292220589
44.736000000000004,-0.06050467076754385
44.74,-0.03911404329106169
44.744,-0.08386492180473204
44.748,-0.05161786193997567
44.752,-0.024306867798661688
44.756,-0.052181714889204596
44.76,-0.058207138846308834
44.764,-0.02525422172342792
44.768,-0.023151317049933742
44.772,-0.048359136164318174
44.776,-0.09024918493764603
44.78,-0.0352895582750817
44.784,-0.0125132636970706
44.788000000000004,-0.06638771305867738
44.792,-0.0030482885570653553
44.796,-0.066151985057942
44.800000000000004,-0.02715204399470382
44.804,-0.029116056981457528
44.808,-0.032331504576462514
44.812,-0.06329527450522253
44.816,-0.03204798975303776
44.82,-0.07605467653238229
44.824,-0.04796114450446023
44.828,-0.04844239231927926
44.832,-0.046394797494317616
44.836,-0.07006323739003652
44.84,-0.062172147694555854
44.844,-0.08276184772897402
44.848,-0.011823898080294992
44.852000000000004,-0.04221104662637464
44.856,-0.06022363311792467
44.86,-0.04133681335811266
44.864000000000004,-0.04693450144955135
44.868,-0.014940054468028832
44.872,-0.05770698213541835
44.876,-0.02327213183519253
44.88,-0.07469162174502564
44.884,-0.048264492721214046
44.888,-0.03609042193897546
44.892,-0.050183939786006736
44.896,-0.025769781960314157
44.9,-0.04188307392804509
44.904,-0.05665748837568798
44.908,-0.054578414159761945
44.912,-0.018394269853693045
44.916000000000004,-0.044621917458702975
44.92,-0.050904731666758296
44.924,-0.07571991023641785
44.928000000000004,-0.07246788660781373
44.932,-0.06262208459190241
44.936,-0.03147657360161507
44.94,-0.020587950078141876
44.944,-0.056613561931514754
44.948,-0.0022263766359270284
44.952,-0.038739601262914744
44.956,-0.039661303095542916
44.96,-0.0376393817607408
44.964,-0.05830598681931676
44.968,-0.022040182855645067
44.972,-0.038341165872565315
44.976,-0.028134113167429732
44.980000000000004,-0.07316688539248206
44.984,-0.06783213299919148
44.988,-0.02484315981037347
44.992000000000004,-0.011781872538132211
44.996,-0.04451774682803254
45.0,-0.0449639695563564
45.004,-0.04085396503085414
45.008,-0.04895249143951046
45.012,-0.061098809529791284
45.016,-0.05957515964660086
45.02,-0.009518183869974377
45.024,-0.04282510164806122
45.028,-0.007764345502025073
45.032000000000004,-0.036543366663565766
45.036,0.03527013481886537
45.04,0.09903094425210374
45.044000000000004,0.14493109822026254
45.048,0.2793501306028929
45.052,0.4021650257893061
45.056,0.6016253858697936
45.06,0.7082282423228314
45.064,0.8449762126817482
45.068,0.9185035047171686
45.072,0.9625023736085577
45.076,0.9348892796535745
45.08,0.800347846489962
45.084,0.6967909881528399
45.088,0.4988718305096197
45.092,0.3619352599044373
45.096000000000004,0.2555972561193693
45.1,0.1191739708339297
45.104,0.0658134828877068
45.108000000000004,0.014390960706052596
45.112,-0.020855205568163733
45.116,-0.007940420223507449
45.12,-0.06835233325389745
45.124,-0.0491109325607194
45.128,-0.031968975436857616
45.132,-0.02406538729383842
45.136,-0.04657380825162887
45.14,-0.05551829722503268
45.144,0.002773184050982015
45.148,-0.01704642288404707
45.152,-0.016713487397492868
45.156,-0.025377115718126824
45.160000000000004,-0.00501960436012765
45.164,-0.021003792325574727
45.168,-0.05299438972394478
45.172000000000004,-0.026663869676012995
45.176,-0.006476374456731514
45.18,-0.05858378354709917
45.184,-0.037501851256113765
45.188,-0.024058789696925296
45.192,-0.024854122129488152
45.196,-0.036994333602733714
45.2,-0.02037163082073408
45.204,-0.01686639104291613
45.208,0.013071832957384032
45.212,-0.039246278473693566
45.216,-0.02366760724800077
45.22,-0.04398010305638174
45.224000000000004,-0.00023482492244284586
45.228,-0.014247972059588415
45.232,-0.009900890463394362
45.236000000000004,-0.011841523522346133
45.24,0.014851755776372037
45.244,-0.02706098471385055
45.248,-0.01476945089709894
45.252,-0.008913926054965597
45.256,-0.04084227683777365
45.26,-0.05017629010763115
45.264,-0.002222795610783524
45.268,-0.015893982184199438
45.272,-0.0019799655755749768
45.276,-0.01806430240076259
45.28,-0.02132298610652
45.284,-0.021179722675852986
45.288000000000004,-0.01201641243507375
45.292,-0.022793346428681364
45.296,-0.02340636941620193
45.300000000000004,0.0100858935304954
45.304,0.006233093165599925
45.308,-0.014587397574841983
45.312,0.018390838619075946
45.316,-0.023242012365599543
45.32,0.005433362198306806
45.324,0.009056692070560066
45.328,-0.01693880420584047
45.332,0.021459660895256222
45.336,-0.03327913410392157
45.34,-0.011486833018540475
45.344,-0.021186527797313684
45.348,0.018602156200154367
45.352000000000004,-0.0026256053722066193
45.356,-0.02374839913124871
45.36,-0.011458488530613447
45.364000000000004,-0.022610086473633127
45.368,0.0135526935870225
45.372,-0.022885272848760692
45.376,-0.02243041347708446
45.38,0.0009893340445176826
45.384,-0.015801579111957155
45.388,-0.0012836253952966383
45.392,-0.0030000573266078696
45.396,-0.015170457114687506
45.4,-0.03424474494698905
45.404,-0.04632468755750716
45.408,-0.001784903040211974
45.412,-0.010201059176002003
45.416000000000004,0.006990088291907738
45.42,0.00044222244003086454
45.424,-0.004178554823112332
45.428000000000004,-0.0092030158104337
45.432,0.014828295479725
45.436,-0.06331989528000297
45.44,-0.034764531345247145
45.444,0.007923797789936262
45.448,-0.0032603182898909436
45.452,-0.016070946974957954
45.456,-0.009929136905180474
45.46,0.016209588357723112
45.464,0.009250440860572702
45.468,0.004181535468957478
45.472,-0.03221162112790579
45.476,0.021374380253952135
45.480000000000004,-0.011179833946799202
45.484,0.014511110617212145
45.488,0.01321970745217831
45.492000000000004,-0.029123055490097815
45.496,-0.02272381495477989
45.5,-0.025404930648714918
45.504,-0.014792831710958684
45.508,0.018023461705932123
45.512,0.02852333359153411
45.516,0.01111879715873234
45.52,0.00271467093418868
45.524,-0.007363571172165476
45.528,0.03705618893637004
45.532000000000004,0.007541489545469089
45.536,-0.008303459277842833
45.54,0.009054966740104725
45.544000000000004,0.02009742352560595
45.548,0.0010787170666103595
45.552,0.0008479107002668396
45.556000000000004,-0.0197920754831357
45.56,0.02082169490640909
45.564,-0.003474493939639195
45.568,0.023660119892737905
45.572,0.014245170675370736
45.576,0.016111224630971862
45.58,-0.000307191192787647
45.584,0.02173775173339256
45.588,-0.009316710244441015
45.592,0.016863402979523486
45.596000000000004,0.044257987107496406
45.6,0.05858244347896543
45.604,-0.005988946491813495
45.608000000000004,0.025246411513499198
45.612,0.016826388626851242
45.616,0.009386995578695313
45.62,0.032301912373544656
45.624,-0.008525991646000548
45.628,0.02902021041430773
45.632,0.0003603956860179086
45.636,0.04488959077875482
45.64,0.024582944625104654
45.644,0.06789556538216568
45.648,0.04394747860859134
45.652,0.023994508278322304
45.656,-0.005536574720824538
45.660000000000004,-0.027084975939667227
45.664,0.025239488637048127
45.668,0.015285797393294234
45.672000000000004,0.04108706331023031
45.676,0.005202130850030504
45.68,0.02423463163039645
45.684,0.00948048152466686
45.688,0.03097143383889199
45.692,0.03074074227575817
45.696,-0.004592969454574259
45.7,0.024506682255981647
45.704,0.04605756176393945
45.708,0.0327677689679629
45.712,0.05030782683258676
45.716,0.009864451812509781
45.72,-0.007748665602973728
45.724000000000004,0.01102769944502981
45.728,0.003545595090785617
45.732,0.05974995624719513
45.736000000000004,0.0302444065382274
45.74,0.045557395035051865
45.744,0.058743844594184226
45.748,0.03328743070694816
45.752,-0.01223048018933623
45.756,-0.015685802962797864
45.76,0.04362453050595533
45.764,0.046383010486575074
45.768,0.008500527616606607
45.772,0.03976046395637032
45.776,0.0420511992813697
45.78,0.03356317221590526
45.784,0.0058264248359338605
45.788000000000004,0.05496700729445031
45.792,0.012237194321594966
45.796,0.04220694495012024
45.800000000000004,0.004152619411860403
45.804,0.01536662088985508
45.808,0.04955131433450105
45.812,0.013310362058606796
45.816,0.0027982783634365738
45.82,0.03171564067297401
45.824,0.030718566534985413
45.828,0.011961706664052479
45.832,0.04185284233904043
45.836,0.04651986627285043
45.84,0.039781402247583655
45.844,0.06889726244248287
45.848,0.024602204642885206
45.852000000000004,0.062006964368449186
45.856,0.034112531053178685
45.86,0.009556355812484273
45.864000000000004,0.010979864409237105
45.868,0.006152777429920937
45.872,-0.0008720985868626227
45.876,0.04618320872129768
45.88,0.009300435539675862
45.884,0.04304534815817211
45.888,0.06557238388681809
45.892,0.08455717728418231
45.896,0.1503571545016082
45.9,0.17802122026738318
45.904,0.28191650657942674
45.908,0.45051444052613226
45.912,0.6027342364642567
45.916000000000004,0.7416314071476185
45.92,0.86879915296683
45.924,0.9794289639143248
45.928000000000004,1.0537966340473888
45.932,1.0493474782332406
45.936,0.9119588720050601
45.94,0.785159159728749
45.944,0.6109310383536464
45.948,0.49432148652716773
45.952,0.3380802158123393
45.956,0.2380392002968748
45.96,0.13989378309677689
45.964,0.12734409054385679
45.968,0.08410175183006845
45.972,0.07695057783089776
45.976,0.043676560076738015
45.980000000000004,0.033186016175295
45.984,0.05126942705174954
45.988,0.04916641234600082
45.992000000000004,0.06766649269878663
45.996,0.06719546836708087
46.0,0.018791576589288407
46.004,0.007129974930770791
46.008,0.06827377708255095
46.012,0.03627053019181185
46.016,0.035808024137324874
46.02,0.05841419226237999
46.024,0.047568863261204894
46.028,0.04598999969669575
46.032000000000004,0.05426314160210985
46.036,0.03912191003183771
46.04,0.04325638559777259
46.044000000000004,0.037035020134495944
46.048,0.0520081223086701
46.052,0.03532273632357932
46.056000000000004,0.07547419690839732
46.06,0.05520601155241399
46.064,0.045139914169389575
46.068,0.06632223473589002
46.072,0.053683290401627046
46.076,0.06375020567265394
46.08,0.05899667831117701
46.084,0.022028687171498976
46.088,0.07094698241626007
46.092,0.06751234557618199
46.096000000000004,0.040944659665019055
46.1,0.09805778643196436
46.104,0.02321869191879644
46.108000000000004,0.06923368989192105
46.112,0.04309157843861623
46.116,0.0475633827589543
46.12,0.06655487839133903
46.124,0.06950929324142242
46.128,0.06543604233887125
46.132,0.022247461646026957
46.136,0.07069064949462506
46.14,0.03650719349155533
46.144,0.04636743648789901
46.148,0.05322473177204689
46.152,0.022465242391200093
46.156,0.07197010078801425
46.160000000000004,0.0458122052714664
46.164,0.02793401553367236
46.168,0.03728266628447632
46.172000000000004,0.024748260789789967
46.176,0.02681465547287356
46.18,0.05714231295066628
46.184,0.05989861402029212
46.188,0.07559570407767964
46.192,0.09572160121466272
46.196,0.06695312884881757
46.2,0.002384955657856541
46.204,0.06420251647924727
46.208,0.05586788897419333
46.212,0.06354938142877786
46.216,0.06809758218856549
46.22,0.05415545204683469
46.224000000000004,0.0692097074028575
46.228,0.06483100835730947
46.232,0.09303260156101131
46.236000000000004,0.037698963822063974
46.24,0.03092014514454481
46.244,0.04649983790080328
46.248,0.10054836091626215
46.252,0.010216582824815967
46.256,0.04601380306994577
46.26,0.02764753247643728
46.264,0.04815770800838814
46.268,0.05805380948312521
46.272,0.03124052632304143
46.276,0.07447099876469512
46.28,0.09024261355782093
46.284,0.04073888285803379
46.288000000000004,0.06724359140587759
46.292,0.03163416191309844
46.296,0.02847174482767487
46.300000000000004,0.06475655120130457
46.304,0.06459605789750641
46.308,0.02749791628026615
46.312,0.061762080706601906
46.316,0.07757951215754667
46.32,0.037867246903388115
46.324,0.017874452005838298
46.328,0.054978404525109374
46.332,0.06973315752403908
46.336,0.048525342734663475
46.34,0.06049740136978032
46.344,0.037843335437952014
46.348,0.05360695182799921
46.352000000000004,0.04300581858975158
46.356,0.05190602013679252
46.36,0.06223341188053276
46.364000000000004,0.04681142742273159
46.368,0.045195952246372385
46.372,0.016883006084221858
46.376,0.009824134969383905
46.38,0.035767285510086774
46.384,0.046341399985898965
46.388,0.03894953583643599
46.392,0.04687549691148384
46.396,0.040069985060083274
46.4,0.03729266663068851
46.404,0.03358333368752726
46.408,0.043610067879103216
46.412,0.059682589598362666
46.416000000000004,0.039683559582789185
46.42,0.012626060292164003
46.424,0.027932799304502
46.428000000000004,0.02714854203821689
46.432,0.046767279093525245
46.436,0.06407706908598788
46.44,-0.010390856625638288
46.444,0.028982821290334193
46.448,0.029885096939714532
46.452,0.08740693191325963
46.456,0.029180073518430952
46.46,0.05366999537265562
46.464,0.07325647710564603
46.468,0.033179362372970145
46.472,0.03931128478335747
46.476,0.041240681185871556
46.480000000000004,0.04626341962334412
46.484,0.02574747939700679
46.488,0.0442094048962668
46.492000000000004,0.030667162583796623
46.496,0.02685151934569433
46.5,0.07043292534494927
46.504,0.010957779547119805
46.508,0.05964329856379674
46.512,0.03633883063432956
46.516,0.03863167365184897
46.52,0.02680861890499718
46.524,0.04222889961499869
46.528,0.05109754084181903
46.532000000000004,0.017760242329985007
46.536,0.04988035074110481
46.54,-0.003478185484905791
46.544000000000004,0.02101466845022769
46.548,0.01126006445749549
46.552,0.031667982325228605
46.556000000000004,0.04940651031173457
46.56,0.02194664904223692
46.564,0.04186089808169145
46.568,0.03272802471090148
46.572,0.06118243952348766
46.576,-0.0008888887084577968
46.58,0.0003347114657374639
46.584,0.029148085766058523
46.588,-0.0047412934952906285
46.592,0.03655606177489844
46.596000000000004,0.03712459116043508
46.6,0.014859484227233745
46.604,0.016684834983880518
46.608000000000004,0.037612594229892174
46.612,0.0403793555327792
46.616,0.027129360159459805
46.62,0.04343148055087333
46.624,0.01808075343977477
46.628,0.035918267548779415
46.632,0.05280208989498954
46.636,0.05054424682648332
46.64,0.010681665753489118
46.644,0.013649785443726203
46.648,0.013378301689555106
46.652,0.03328589999725331
46.656,0.03773108757635428
46.660000000000004,0.004246055844650213
46.664,0.00417356252834097
46.668,0.03144457201475795
46.672000000000004,-0.019385977640584248
46.676,0.04559229543173137
46.68,0.025828250975988554
46.684,0.009632337041685826
46.688,0.045560047471226446
46.692,0.025123326171724976
46.696,0.012086215316594841
46.7,0.06919709256323708
46.704,0.02435640347556655
46.708,0.02614160346362046
46.712,0.030809850443602592
46.716,0.02169823286146246
46.72,0.034605509844424516
46.724000000000004,0.013860153201322266
46.728,0.040795808950874896
46.732,0.02796117106765227
46.736000000000004,0.029028956389129404
46.74,0.05158678740161189
46.744,0.019541879155665454
46.748,0.06359346498010665
46.752,0.11398818061925035
46.756,0.18036999600409714
46.76,0.24568812039124394
46.764,0.3583907034221664
46.768,0.5347969614847737
46.772,0.6419508878133159
46.776,0.8510538574273161
46.78,0.9132511225452746
46.784,0.990995393194331
46.788000000000004,1.0247306789623067
46.792,0.9319928331600111
46.796,0.7893795844918405
46.800000000000004,0.6761243443542665
46.804,0.49803484967109735
46.808,0.3359764468943504
46.812,0.24233611732038984
46.816,0.1525864418413894
46.82,0.08362606073532787
46.824,0.06766413661962585
46.828,0.04235188574621147
46.832,-0.005464687630039565
46.836,0.021192056430339848
46.84,0.02010931569092827
46.844,0.022484654583937957
46.848,-0.0056334548504516566
46.852000000000004,0.03102054736101039
46.856,-0.018643612936488772
46.86,0.0010968489127369512
46.864000000000004,0.0041663079892222165
46.868,0.011075885750621121
46.872,0.005725456467768451
46.876,0.012915041253935229
46.88,0.01904052849263642
46.884,0.04729394550899481
46.888,0.0004983518957531359
46.892,0.02073574158710195
46.896,0.0026524936764997387
46.9,0.005943855849086525
46.904,-0.008990742741032495
46.908,-0.0031865547070140336
46.912,0.03164611794978028
46.916000000000004,0.003919609043796939
46.92,0.01078593656698009
46.924,-0.019602783359580815
46.928000000000004,0.014517920704778321
46.932,0.013735615648273157
46.936,0.010752352910865669
46.94,0.024455706496471212
46.944,0.0031267273231567337
46.948,-0.009441848049083155
46.952,0.011267949325480319
46.956,0.0099939310721669
46.96,0.03564612972024455
46.964,-0.007219446303625076
46.968,0.0029131382155979835
46.972,0.026807066700025056
46.976,-0.002436070364070631
46.980000000000004,0.044258210660552535
46.984,0.042579809132678864
46.988,0.0005644622867453019
46.992000000000004,0.012298908038320816
46.996,0.016766054945416137
47.0,-0.014576331955762033
47.004,-0.019354871068288412
47.008,0.020789751380088754
47.012,0.015253514617854395
47.016,-0.01178556865064647
47.02,-0.016959303770592075
47.024,-0.02854483129858119
47.028,-0.03419724154707789
47.032000000000004,0.011529294209577347
47.036,0.001004107501519855
47.04,-0.009562991847076076
47.044000000000004,-0.03520109387294339
47.048,-0.02456434296458181
47.052,-0.005014244397383813
47.056000000000004,-0.033490122752584825
47.06,-0.007876709791793444
47.064,-0.02113797133680176
47.068,-0.06005681759498655
47.072,-0.0004334038699548969
47.076,-0.02589579980359484
47.08,-0.05346918568267763
47.084,-0.017649533041697266
47.088,-0.042102276551054835
47.092,0.0036615527198025095
47.096000000000004,-0.02202719232685694
47.1,-0.016902631571917414
47.104,0.005965493302576863
47.108000000000004,-0.0495083389129148
47.112,-0.01283720241423825
47.116,0.003236430811633207
47.12,-0.0056011817046396715
47.124,-0.0363496192760666
47.128,-0.009185062875941074
47.132,0.01681495996288041
47.136,-0.03573233023536301
47.14,-0.02893866001222306
47.144,-0.005529841018364665
47.148,-0.01875021188532423
47.152,-0.023032096215184938
47.156,0.01490167109842153
47.160000000000004,-0.033178366074281596
47.164,-0.002362755912010704
47.168,-0.045372368703323854
47.172000000000004,-0.07802277490533667
47.176,-0.02226502136079362
47.18,-0.006710864580391714
47.184,-0.030854515445951844
47.188,0.010931362104694455
47.192,-0.021742632898864345
47.196,-0.01082159764420016
47.2,-0.017373252418666107
47.204,-0.044335562659006
47.208,0.0007164128487924318
47.212,0.003926974440926361
47.216,0.0027491469427073055
47.22,-0.0004902713123199516
47.224000000000004,0.0008876518277647037
47.228,-0.007424622735478833
47.232,-0.0004988486811971365
47.236000000000004,-0.01977811936793773
47.24,-0.04068372496945595
47.244,-0.016889056776385157
47.248,-0.008041857923447387
47.252,-0.04229784432236618
47.256,-0.0285226798695453
47.26,-0.0055070741735933244
47.264,-0.0357368604053334
47.268,0.022807662262425178
47.272,-0.016603457883991795
47.276,-0.003204363759904953
47.28,-0.011474936848431427
47.284,-0.0071089815679377805
47.288000000000004,-0.025809040279422928
47.292,-0.04431328254681476
47.296,-0.05694855655457919
47.300000000000004,-0.061283978422817194
47.304,-0.04793718071753432
47.308,-0.0694762958323215
47.312,-0.03841359479917515
47.316,-0.052490898499832975
47.32,-0.04628202402570522
47.324,-0.04984821510201822
47.328,-0.018546455827724954
47.332,-0.04711973340316536
47.336,-0.05029413427073595
47.34,-0.0025173146960395174
47.344,-0.04151545138425972
47.348,-0.006702026674535053
47.352000000000004,-0.04399642851875145
47.356,-0.039591675072869474
47.36,-0.031320663782117716
47.364000000000004,-0.0641844718759863
47.368,-0.006323565803627376
47.372,-0.002560090491999331
47.376,-0.04592439198547784
47.38,-0.015363613214011335
47.384,-0.032713551139896505
47.388,-0.04736233446487827
47.392,-0.005708127609012757
47.396,-0.05898587340768277
47.4,-0.039765435461130344
47.404,-0.019502517994800395
47.408,-0.043905836073582644
47.412,-0.030438061224462847
47.416000000000004,-0.06568498857162358
47.42,-0.04416283336856123
47.424,-0.038235944225487706
47.428000000000004,-0.0659458116989522
47.432,-0.05759392902815123
47.436,-0.05389502170000202
47.44,-0.046761110958664746
47.444,-0.03756332372312451
47.448,-0.0485285344922918
47.452,-0.07484830382123384
47.456,-0.041353257598502974
47.46,-0.01653042311671392
47.464,-0.04249210816633094
47.468,-0.05067239632865567
47.472,-0.04351153083831677
47.476,-0.03126944800443387
47.480000000000004,-0.07096229022006256
47.484,-0.012127127193261908
47.488,-0.049941219870053934
47.492000000000004,-0.006127342940846728
47.496,-0.057961825512762036
47.5,-0.06426469379600637
47.504,-0.040725725804198754
47.508,-0.025103901608079206
47.512,-0.03522606293515115
47.516,-0.04111921943427445
47.52,-0.039149600498493545
47.524,-0.04116409111297613
47.528,-0.02361985582913871
47.532000000000004,-0.04671659374626925
47.536,-0.03218318532454667
47.54,-0.05705228236397808
47.544000000000004,-0.049319686084611375
47.548,-0.06123412418896414
47.552,-0.0519587103812854
47.556000000000004,-0.05677558309027521
47.56,-0.07657487651637561
47.564,-0.027164693125343142
47.568,-0.039348509665724424
47.572,-0.03590896558680004
47.576,-0.0014490040457216594
47.58,-0.0878137490222553
47.584,-0.03868627127131939
47.588,-0.04350551966837278
47.592,-0.022308805860874203
47.596000000000004,-0.051733941439190176
47.6,-0.040663272602009755
47.604,-0.034602645724023655
47.608000000000004,0.03305288355612825
47.612,0.1099412240797438
47.616,0.13801116803755223
47.62,0.26790463861961106
47.624,0.4104511243683409
47.628,0.5508059050414682
47.632,0.681899422220114
47.636,0.8699345179311051
47.64,0.8997392899219435
47.644,0.9698268452967413
47.648,0.8677067793719284
47.652,0.8004746590152225
47.656,0.6578957119593806
47.660000000000004,0.46111593264413725
47.664,0.29786634670185314
47.668,0.19271857175868215
47.672000000000004,0.10146735351788339
47.676,0.01386777473635158
47.68,-0.009119500068592346
47.684,-0.008823592889183943
47.688,-0.026971553676678223
47.692,-0.021805759555669182
47.696,-0.07766960469622415
47.7,-0.06667840921019534
47.704,-0.05210533044025323
47.708,-0.05303771909312449
47.712,-0.03308086380543433
47.716,-0.07538457403050514
47.72,-0.019098162041389446
47.724000000000004,-0.028351785294318192
47.728,-0.03550998361345506
47.732,-0.05662442912162165
47.736000000000004,-0.08137390562650759
47.74,-0.0782145355885015
47.744,-0.03190992693252449
47.748,-0.05364330352598402
47.752,-0.01423658295149953
47.756,-0.0443910858004503
47.76,-0.0773296571667969
47.764,-0.026799597468698318
47.768,-0.05485801457042734
47.772,-0.04825438507275251
47.776,-0.03651578130573997
47.78,-0.07845717354777343
47.784,-0.07339127865465442
47.788000000000004,-0.02154303728910843
47.792,-0.0783143193160887
47.796,-0.07342307823138874
47.800000000000004,-0.07611092030357819
47.804,-0.07513505164660808
47.808,-0.05886602716201873
47.812,-0.06042265832023623
47.816,-0.07166439021741139
47.82,-0.06171649698993889
47.824,-0.043504188622217034
47.828,-0.092685737163612
47.832,-0.05849472199093835
47.836,-0.05391057615288937
47.84,-0.08509244351108011
47.844,-0.02632987706008449
47.848,-0.04640254546912326
47.852000000000004,-0.05288194025025802
47.856,-0.03873991973327051
47.86,-0.042969832670964124
47.864000000000004,-0.05482035355828954
47.868,-0.05466784215372274
47.872,-0.07299258213592734
47.876,-0.041070571270171025
47.88,-0.045221303436416734
47.884,-0.06948678281854119
47.888,-0.03622360290044994
47.892,-0.018532225293410004
47.896,-0.07365122948854239
47.9,-0.012082402742950346
47.904,-0.02346321500608963
47.908,-0.027024728557942662
47.912,-0.05017824255643781
47.916000000000004,-0.012694407260555297
47.92,-0.05208115738754674
47.924,-0.03424836919901811
47.928000000000004,-0.057182753455199305
47.932,-0.07166784134624532
47.936,-0.03331966123433856
47.94,-0.01834562837075635
47.944,-0.0717217203495261
47.948,-0.04622428536554536
47.952,-0.05858303981613625
47.956,-0.06429251166485864
47.96,-0.052616878643325385
47.964,-0.024604511870595907
47.968,-0.015543479512828754
47.972,-0.03476613404050025
47.976,-0.04169119723146117
47.980000000000004,-0.029417464096903524
47.984,-0.06149564510143822
47.988,-0.03918922136811132
47.992000000000004,-0.05325204232037178
47.996,-0.03778338004234454
48.0,-0.07654365555185785
48.004,-0.032543244692500195
48.008,-0.04741193515466274
48.012,-0.03766510283790474
48.016,-0.0368618518039647
48.02,-0.013512338740814256
48.024,-0.04713490551473526
48.028,-0.07206544485703481
48.032000000000004,-0.01963869291574442
48.036,-0.02315695926895036
48.04,-0.05083044135679927
48.044000000000004,-0.018661456226875296
48.048,-0.01829899632883958
48.052,-0.06287322536176732
48.056000000000004,-0.057293421862033185
48.06,-0.06345659177866575
48.064,-0.006711271518670757
48.068,-0.07435048688524666
48.072,-0.057858465328266634
48.076,-0.03045589188874138
48.08,-0.014603325614825007
48.084,-0.014787228178545574
48.088,-0.02924341285193664
48.092,-0.02355976457603054
48.096000000000004,-0.014301425289299105
48.1,-0.026785868668499295
48.104,-0.03999991988164932
48.108000000000004,-0.0304763948815427
48.112,-0.023221524107552547
48.116,-0.021990373917339066
48.120000000000005,-0.030124307152744098
48.124,-0.050906954575419404
48.128,-0.03201385868772243
48.132,-0.02056433075458161
48.136,-0.054842982904074855
48.14,-0.04745921391102203
48.144,-0.02381405955263595
48.148,-0.01893395991565118
48.152,-0.03630636274996754
48.156,-0.036124946440721666
48.160000000000004,-0.02956412680710125
48.164,-0.03958809570773822
48.168,-0.04010356297392347
48.172000000000004,-0.06599871829948245
48.176,-0.0345298322726088
48.18,0.0031447510542062206
48.184,-0.042945647166264464
48.188,-0.04053858497927801
48.192,-0.0190590740139891
48.196,-0.013136972984258716
48.2,0.01680871087843374
48.204,-0.03663766120451871
48.208,-0.01723863195952359
48.212,-0.04758158122141769
48.216,-0.04319368138482731
48.22,-0.03984576261479561
48.224000000000004,-0.027370239345991056
48.228,-0.015704261488203988
48.232,-0.019770267278501848
48.236000000000004,-0.04143738852826767
48.24,-0.02412031579019094
48.244,-0.04673073045394108
48.248,-0.03538979150567302
48.252,-0.04655498238018205
48.256,-0.02812282349405045
48.26,-0.015737836540235847
48.264,0.020343089014446612
48.268,-0.036027509820279476
48.272,-0.0103198030840933
48.276,-0.01591498700474323
48.28,-0.026759143641080133
48.284,-0.03330396531345974
48.288000000000004,-0.04233137795776375
48.292,-0.016627078099637135
48.296,-0.03245634595006199
48.300000000000004,-0.01988005099782412
48.304,-0.0004943733224171513
48.308,-0.04918779200229957
48.312,0.01099943722776487
48.316,-0.03126722961631937
48.32,-0.004891295490406173
48.324,-0.008799085486872422
48.328,-0.01943707309355278
48.332,-0.006586535545038805
48.336,0.010923323583615814
48.34,-0.013825822630052019
48.344,0.006766180037172526
48.348,0.024344482216627033
48.352000000000004,-0.011335171370266493
48.356,-0.029600230732805252
48.36,-0.020619607140692907
48.364000000000004,-0.005054044683424772
48.368,0.007117025792985029
48.372,-0.04908732330985316
48.376,-0.014744425275583695
48.38,-0.022725462743266464
48.384,0.023439424414106215
48.388,-0.028718099733339827
48.392,0.002071178037765173
48.396,-0.007643220959634208
48.4,0.008831076089716122
48.404,0.02599486787552309
48.408,-0.013410371137726165
48.412,-0.033411127035214525
48.416000000000004,0.019928816252364298
48.42,-0.02046776041677835
48.424,-0.0032600959230532777
48.428000000000004,0.0077735307776412915
48.432,-0.035432265242442675
48.436,-0.016534381920540804
48.44,0.0001465220836139149
48.444,-0.015815450067795674
48.448,0.034616197024927166
48.452,-0.023684930802274098
48.456,0.02687723372552011
48.46,0.014264483338571894
48.464,0.055392081538672824
48.468,0.08646565118010467
48.472,0.18328825291784076
48.476,0.2991939604055821
48.480000000000004,0.4210176848241908
48.484,0.5640187647003279
48.488,0.6814982248511281
48.492000000000004,0.8724669487004424
48.496,0.9264293069954513
48.5,1.0209814184498185
48.504,0.9452401411469382
48.508,0.8328220114662253
48.512,0.6969236947708028
48.516,0.5692201802452352
48.52,0.3975281099879246
48.524,0.2830184670459652
48.528,0.15378093802006518
48.532000000000004,0.12183250256126936
48.536,0.09089418633276106
48.54,0.035047416172885884
48.544000000000004,-0.001199752555191367
48.548,-0.014466067641971458
48.552,-0.007480213136452189
48.556000000000004,0.028842027771130894
48.56,-0.005698125900009307
48.564,-0.0238256274065036
48.568,0.05981981913440719
48.572,0.039922624393998685
48.576,0.038042833835239806
48.58,-0.004397737046631317
48.584,0.025055914760619462
48.588,-0.008527077246474815
48.592,0.00040784389019054776
48.596000000000004,0.02283424473194416
48.6,-0.011886603874057593
48.604,0.010908854827527407
48.608000000000004,-0.014567845897324303
48.612,0.029699495509606356
48.616,0.004391431293320128
48.620000000000005,0.015726240428418768
48.624,0.01760484008286729
48.628,-0.003424804438489396
48.632,0.001712769794673415
48.636,-0.0019791740298303745
48.64,-0.03520822895391025
48.644,0.01845321940526802
48.648,0.03312239623821077
48.652,0.03763902598817442
48.656,0.014883657417452801
48.660000000000004,0.03306419075695829
48.664,-0.0012591817656332494
48.668,0.012259996386445789
48.672000000000004,-0.02119172541021065
48.676,0.005509890763362099
48.68,0.027732478102842677
48.684,-0.011748485077488754
48.688,0.017567792680300714
48.692,0.06695061058959556
48.696,0.03764151156693502
48.7,0.022972888096562612
48.704,0.04703916508076061
48.708,0.03682709033391202
48.712,0.011924239624915612
48.716,0.0813922971265973
48.72,0.042914272583457785
48.724000000000004,0.04319540165658592
48.728,0.04569409275629653
48.732,0.007455735473573581
48.736000000000004,0.021677864289502437
48.74,0.040952637418677856
48.744,0.018964764720658046
48.748,0.026686884210554936
48.752,0.016348027628204455
48.756,0.016464198227035803
48.76,0.050760362896507275
48.764,0.018768029972526676
48.768,0.05592864642240375
48.772,0.04073982584639653
48.776,-0.0019010607373384052
48.78,0.012276751390051577
48.784,0.014946092412296762
48.788000000000004,0.056887124209099124
48.792,0.024497597694534932
48.796,0.04711677349263965
48.800000000000004,0.05557986348533118
48.804,0.03671188504046595
48.808,0.01572423368100508
48.812,0.034053367796924305
48.816,0.04832441752991008
48.82,0.030470842598392868
48.824,0.04757816300139392
48.828,0.019100414484555198
48.832,0.005860851280678668
48.836,0.02345379003656669
48.84,0.03850051396639975
48.844,0.003104926017655961
48.848,0.03873422788500391
48.852000000000004,0.022330265876994763
48.856,0.004374040026481764
48.86,0.040563081393930084
48.864000000000004,0.06353709788317463
48.868,0.006516571196273715
48.872,0.0845582092403119
48.876,0.03778995572556499
48.88,0.01918228270230371
48.884,0.042415284726852714
48.888,-0.0005505344418917854
48.892,0.040278303554317094
48.896,0.03811804631245739
48.9,-0.011939855307771856
48.904,-0.004117248606252434
48.908,0.013292953187582023
48.912,0.02786163987483306
48.916000000000004,0.04257985287754159
48.92,0.030488476867000083
48.924,0.018172620159799317
48.928000000000004,0.04880983315958734
48.932,0.04602693668217579
48.936,0.03727062985296579
48.94,0.02819342971923577
48.944,0.014530445270556535
48.948,0.034380065014703975
48.952,0.06908665967392638
48.956,0.04948648894609771
48.96,0.061384418927764264
48.964,0.010240109194824418
48.968,0.04470814279786819
48.972,0.015131441428319622
48.976,0.050928518859494634
48.980000000000004,0.04775061725334838
48.984,0.0484280626402789
48.988,0.06626560159678549
48.992000000000004,0.03382833499683385
48.996,0.0657749090115593
49.0,0.04475287380792986
49.004,0.029466902004624998
49.008,0.03667572912100197
49.012,0.057987739591605574
49.016,0.03150300651634463
49.02,0.0575082461972843
49.024,0.048349545629674584
49.028,0.030743987546428223
49.032000000000004,-0.007533226203107625
49.036,0.043727552067615735
49.04,0.06235653631231643
49.044000000000004,0.03382887909716462
49.048,0.06016753905991068
49.052,0.026636899133437975
49.056000000000004,0.06836322777734744
49.06,0.0784538094716847
49.064,0.05085962481998222
49.068,0.05585437653206958
49.072,0.019309849476583794
49.076,0.07594445122497608
49.08,0.03257950853669089
49.084,0.059441218058810516
49.088,0.08852531627109513
49.092,0.05507130895660098
49.096000000000004,0.053380460681516924
49.1,0.057380727548092134
49.104,0.03566148933783255
49.108000000000004,0.035904640564440884
49.112,0.07223890878254677
49.116,0.03338022099197193
49.120000000000005,0.04138407030867499
49.124,0.02095312251991066
49.128,0.05217148188780334
49.132,0.028023016125708435
49.136,0.044635627329155415
49.14,0.04308663337082666
49.144,0.047444289621757674
49.148,0.03453043892338577
49.152,0.04297385420110807
49.156,0.07163924805621526
49.160000000000004,0.06783887677103316
49.164,0.061134115906994434
49.168,0.059835671331917605
49.172000000000004,0.016560140854441796
49.176,0.04501984329439701
49.18,0.05511051785419129
49.184,0.05484943489019042
49.188,0.0609610432000678
49.192,0.023804546392564956
49.196,0.05806798306011227
49.2,0.03860414670205248
49.204,0.05551856892595498
49.208,0.08315035646826914
49.212,0.0607246583347059
49.216,0.04895421750235505
49.22,0.03239875299325261
49.224000000000004,0.06896107176696212
49.228,0.010579296144902668
49.232,0.03401032756717
49.236000000000004,0.0008155320255785678
49.24,0.04580705278573459
49.244,0.03352507344095814
49.248,0.0386452399680823
49.252,0.028988134578217754
49.256,0.08880146259873542
49.26,0.06538131578299639
49.264,0.0641238687390781
49.268,0.035742532450686954
49.272,0.0649313534887344
49.276,0.048794400259414616
49.28,0.04237767400562538
49.284,0.018451020784556127
49.288000000000004,0.05088349316436208
49.292,-0.002697550814388258
49.296,0.0337129796357272
49.300000000000004,0.003896298668565029
49.304,0.05820233421273049
49.308,0.06447489296227134
49.312,0.07657456313982033
49.316,0.043984906666609494
49.32,0.11591090381720072
49.324,0.1750014388131794
49.328,0.18907314001203382
49.332,0.2753223087760552
49.336,0.40605894077592825
49.34,0.5564069468867328
49.344,0.7464575238512265
49.348,0.866269278779225
49.352000000000004,0.9984907534586396
49.356,1.044081437875015
49.36,1.0103418370688928
49.364000000000004,0.9487416622361184
49.368,0.8172271804253227
49.372,0.6621273051251457
49.376,0.50653652429442
49.38,0.35362556045138743
49.384,0.25626006618074254
49.388,0.13231868697346932
49.392,0.10315764492228627
49.396,0.10672571891244015
49.4,0.06926646085892298
49.404,0.047633027662784606
49.408,0.03344260599527934
49.412,0.034383271234478985
49.416000000000004,0.042916835776257344
49.42,0.008651786611334658
49.424,0.03768003777904336
49.428000000000004,0.04062021880031032
49.432,0.0017888551748337297
49.436,0.009462382421857665
49.44,0.04175554593252917
49.444,0.037375767365278104
49.448,0.08051739071971606
49.452,0.08425917575934491
49.456,-0.016103939894823553
49.46,0.029499894610618672
49.464,0.06692272722438299
49.468,0.04992479977700415
49.472,0.07153458543892004
49.476,0.0676427617453333
49.480000000000004,0.04017377016874497
49.484,0.0651117731857925
49.488,0.041008387525107694
49.492000000000004,0.01726569376264284
49.496,0.04485342012604353
49.5,0.06770528119762079
49.504,0.05851208800016532
49.508,0.03383777355051822
49.512,0.07019898051365375
49.516,0.0680680082576294
49.52,0.06821302962747339
49.524,0.0030516298082066545
49.528,0.023906615572936777
49.532000000000004,0.027949785524969822
49.536,0.026137515111989713
49.54,-0.002151005775044519
49.544000000000004,0.028043813671600498
49.548,0.06200795816027677
49.552,0.018712659267798318
49.556000000000004,0.08206206647522116
49.56,0.018476419405917686
49.564,0.04606494240307727
49.568,0.03382028881521399
49.572,0.013476954805578846
49.576,0.0423018174506249
49.58,0.04035729194332859
49.584,0.035188621963193785
49.588,0.06059452928551759
49.592,0.05204942339942466
49.596000000000004,0.005175963711346009
49.6,0.062185651965666236
49.604,0.017592114988976254
49.608000000000004,-0.002534183497203836
49.612,0.051634843623737894
49.616,0.05758137471924713
49.620000000000005,0.016673151587402433
49.624,0.035130573824430876
49.628,0.019912679274246798
49.632,0.0461578497500878
49.636,0.023514771956777848
49.64,0.03806734366118239
49.644,0.007718571835157312
49.648,0.04365599565121929
49.652,0.033187264833211876
49.656,0.08319036016764339
49.660000000000004,0.05834360659805503
49.664,0.02003568710431375
49.668,0.005649362620096115
49.672000000000004,0.04493609521313789
49.676,0.013020531654785575
49.68,0.04500194604124526
49.684,0.05073340639672042
49.688,0.05934603815479426
49.692,0.059233766374000386
49.696,0.05298742603929312
49.7,0.02815016977410496
49.704,0.027226801778943703
49.708,0.031691941757621425
49.712,0.05971644435466605
49.716,0.019673002176048306
49.72,0.026907883706448386
49.724000000000004,0.04341193612373954
49.728,0.0018611510763037048
49.732,0.018027379958628454
49.736000000000004,0.026079053391037204
49.74,0.016829171734700075
49.744,0.013838823107844747
49.748,0.03213773526396776
49.752,0.0050243964222613895
49.756,0.034385068424075904
49.76,0.016808568548057207
49.764,-0.009143196657154337
49.768,-0.033336307832984025
49.772,0.0009583745745253835
49.776,0.030275076597853227
49.78,0.016967873060682273
49.784,0.00882760080214879
49.788000000000004,0.01864386108325212
49.792,0.027139834533311744
49.796,0.013957721865986563
49.800000000000004,-0.0012286898908047163
49.804,0.04498967650854601
49.808,0.017093393285677414
49.812,0.026740649960881956
49.816,0.004877868082637415
49.82,0.02020179123638147
49.824,0.03717798768689527
49.828,-0.001893840162463127
49.832,0.011717236742555578
49.836,0.008550394836387617
49.84,-0.007897970909317532
49.844,0.048587806230115674
49.848,-0.009447758942741925
49.852000000000004,0.023740330810441822
49.856,-0.001047318881553799
49.86,0.009653696365528087
49.864000000000004,0.0027192045308684215
49.868,-0.0011599190667141573
49.872,0.010178770033296218
49.876,-0.03514400035688728
49.88,-0.007543866268744471
49.884,0.013869042208502854
49.888,0.042017312222585756
49.892,0.009289067450759483
49.896,-0.009280807964065704
49.9,0.025997985617024426
49.904,0.016613130011287502
49.908,-0.01538782365981324
49.912,-0.007792448033121823
49.916000000000004,-0.018008528289768518
49.92,0.027687941255415197
49.924,-0.01715482281280642
49.928000000000004,-0.018933509819994802
49.932,0.007542632603519107
49.936,0.022825933774274478
49.94,-0.008866260738728019
49.944,0.01732247931448668
49.948,-0.024332344676924855
49.952,0.01677826748195302
49.956,0.0048287719265442805
49.96,0.0017584827700945983
49.964,-0.042554978525474275
49.968,0.019423884455291716
49.972,0.00021043625480178345
49.976,0.002959573655220831
49.980000000000004,-0.022669427602895545
49.984,0.02643136940880096
49.988,-0.010532293292244723
49.992000000000004,0.005615249021388956
49.996,-0.005753951365035044
50.0,-0.008857454820282148
50.004,0.009682998650758534
50.008,0.0061100277052504376
50.012,0.02147433556812434
50.016,-0.014790035339168617
50.02,0.011119686437321584
50.024,-0.024275432056026773
50.028,-0.0036454334248938527
50.032000000000004,-0.03916152530522921
50.036,-0.006101223036004423
50.04,-0.010143084813111141
50.044000000000004,-0.02080300463336967
50.048,-0.021093218666631167
50.052,-0.0115594304685745
50.056000000000004,0.014458036465120418
50.06,-0.010565261060355477
50.064,-0.007690874661338123
50.068,-0.0009417389947400864
50.072,0.017732733294335758
50.076,0.012125678674440752
50.08,0.00042962248382325853
50.084,-0.04410635981869043
50.088,0.0017799338928796236
50.092,-0.02342224002473437
50.096000000000004,-0.002308622077599875
50.1,-0.02695408707384986
50.104,-0.0009253806674205806
50.108000000000004,-0.020508636436787384
50.112,-0.021742779634657584
50.116,-0.008950480232303049
50.120000000000005,-0.041993803169644496
50.124,0.008791942748486683
50.128,-0.015015492997095937
50.132,-0.01759373590545693
50.136,-0.03360830346577488
50.14,-0.0023048390748622357
50.144,-0.03735773266295157
50.148,0.005100546214690006
50.152,-0.03357822320781492
50.156,-0.015530256239395078
50.160000000000004,-0.03106983830505823
50.164,-0.0136580303300372
50.168,0.005791495399669314
50.172000000000004,-0.012390750173211082
50.176,-0.004136763657231278
50.18,0.04895794982650989
50.184,0.09406845200141811
50.188,0.19897717645654495
50.192,0.28632482937948966
50.196,0.4434352895357378
50.2,0.6283001974314659
50.204,0.7712796703527677
50.208,0.8728546127802901
50.212,0.9591150943172373
50.216,0.9739299008031527
50.22,0.9211176851071303
50.224000000000004,0.7676687602673963
50.228,0.6367724657196792
50.232,0.4546229130248609
50.236000000000004,0.29401562986860486
50.24,0.22468058850392592
50.244,0.12681326511482405
50.248,0.06712670393355517
50.252,0.03368080296669437
50.256,-0.010934743836962139
50.26,0.008429494859014942
50.264,-0.0062454703228944815
50.268,-0.04048658291894845
50.272,-0.03599576038452069
50.276,-0.0603804254632932
50.28,-0.06857480956869688
50.284,-0.016047656601184603
50.288000000000004,-0.01820404233692937
50.292,-0.0463745923617884
50.296,-0.018007850538000712
50.300000000000004,-0.031129541994307067
50.304,-0.0599681023140755
50.308,-0.01977970226886972
50.312,-0.02153989766902415
50.316,-0.020837375546180495
50.32,-0.04692917007508827
50.324,-0.06095192696275119
50.328,-0.02525928335979695
50.332,-0.010693871219831865
50.336,0.03353273696170414
50.34,-0.07406756260648567
50.344,-0.04269596133691996
50.348,-0.015024214786862902
50.352000000000004,-0.02271957728676882
50.356,-0.013368607114968168
50.36,-0.06069641272675028
50.364000000000004,-0.05983018783708818
50.368,-0.02193567464484794
50.372,-0.07708866542661262
50.376,-0.04653314793823179
50.38,-0.06847170312087802
50.384,-0.03414282542041072
50.388,-0.04221968294724349
50.392,-0.007318771764691829
50.396,-0.0430814924668976
50.4,-0.010757581735374392
50.404,-0.03182187287543512
50.408,-0.04530370294321393
50.412,-0.06787655877888701
50.416000000000004,-0.027377467548427556
50.42,-0.051158085556147176
50.424,-0.0036566719330483888
50.428000000000004,-0.041563965546560715
50.432,-0.02914004594478787
50.436,-0.02642338157232591
50.44,-0.09076397045020254
50.444,-0.05354464083686712
50.448,-0.03729552693158099
50.452,-0.031356876225713495
50.456,-0.042599205148872915
50.46,-0.011701955060811998
50.464,-0.0218995638679712
50.468,-0.023355989699561278
50.472,-0.01584711954519187
50.476,-0.07024985204926637
50.480000000000004,-0.02299089863768922
50.484,-0.04574798515961432
50.488,-0.07107109375414898
50.492000000000004,-0.027452017537920557
50.496,-0.014539854251177087
50.5,-0.02315860043175067
50.504,-0.03083536976886772
50.508,-0.05119632586756452
50.512,-0.004269217355681261
50.516,-0.03140464146527237
50.52,-0.05133866633191669
50.524,-0.06522307190048947
50.528,-0.0453352518880028
50.532000000000004,-0.07794018513076234
50.536,-0.025671484932428715
50.54,-0.0245870327659996
50.544000000000004,-0.05103825424080316
50.548,-0.07542080051906122
50.552,-0.059006537734093714
50.556000000000004,-0.010759076244827227
50.56,-0.013543855518917708
50.564,-0.032772010830051906
50.568,-0.013708384169643775
50.572,-0.02633175164804596
50.576,-0.05543264842434804
50.58,-0.06029679738810347
50.584,-0.03248679258794372
50.588,-0.02329124171148767
50.592,-0.08937783994066911
50.596000000000004,-0.04645519323420834
50.6,-0.06714502763638255
50.604,-0.08408448302941751
50.608000000000004,-0.06052743241435947
50.612,-0.046456658995463605
50.616,-0.04189076068880295
50.620000000000005,-0.044553380544756244
50.624,-0.035279752764196266
50.628,-0.05560627438934243
50.632,-0.07025402172617204
50.636,-0.0068242428704479025
50.64,-0.004972907529396504
50.644,-0.07225600382673776
50.648,-0.06860629293711229
50.652,-0.07394567613938792
50.656,-0.04713054381702204
50.660000000000004,-0.049218442584281846
50.664,-0.06548190670255391
50.668,-0.045927170809412846
50.672000000000004,-0.0440097978156164
50.676,-0.0395198963601126
50.68,-0.05003278676858012
50.684000000000005,-0.05843536353574389
50.688,-0.048085183838518515
50.692,-0.08954919825321814
50.696,-0.05511403957366985
50.7,-0.08595517950064366
50.704,-0.04478732461468745
50.708,-0.040659378931965265
50.712,-0.05041592094754471
50.716,-0.054960423006805245
50.72,-0.011319211467927824
50.724000000000004,-0.0214262801879289
50.728,-0.025606531555480212
50.732,-0.04756614449705402
50.736000000000004,-0.030999968412749494
50.74,-0.05282060125511961
50.744,-0.03236554211471927
50.748,-0.08571613331581371
50.752,-0.03823493568198816
50.756,-0.08221986851099952
50.76,-0.0495288481278538
50.764,-0.04453129328223539
50.768,-0.02123528911031287
50.772,-0.05232318013189939
50.776,-0.062158381304412605
50.78,-0.037807953738884556
50.784,-0.033881264409294294
50.788000000000004,-0.04239136141159373
50.792,-0.056354294473890364
50.796,-0.03807268694970584
50.800000000000004,-0.07125721640871847
50.804,-0.04835577468583606
50.808,-0.061701111836874115
50.812,-0.03270919471544195
50.816,-0.06619729663063412
50.82,-0.022270057536589866
50.824,-0.016444685468108546
50.828,-0.04819408358534825
50.832,-0.07443183725726123
50.836,-0.03966897392279995
50.84,-0.05634237879318905
50.844,-0.046608333252158414
50.848,-0.038169673620608476
50.852000000000004,-0.038224773261118256
50.856,-0.04209430266276593
50.86,-0.08267474947221942
50.864000000000004,-0.04778249244915033
50.868,-0.0644479217333285
50.872,-0.041019591371819236
50.876,-0.10263669391932811
50.88,-0.06774495483007095
50.884,-0.060931954458066165
50.888,-0.08153313975441648
50.892,-0.043161176007351226
50.896,-0.034850142674173176
50.9,-0.03334364346990499
50.904,-0.05270101772871458
50.908,-0.0598807634552542
50.912,-0.024362905734791454
50.916000000000004,-0.06093242463722862
50.92,-0.013818294370962755
50.924,-0.03128627354042593
50.928000000000004,-0.054489123679163705
50.932,-0.018346546092723896
50.936,-0.02164193828193387
50.94,-0.08488406246388996
50.944,-0.04395494255772744
50.948,-0.05184360386197108
50.952,-0.04983758449113049
50.956,-0.009400905373621225
50.96,-0.019821820578255128
50.964,-0.0001773259186884299
50.968,-0.023744751648080733
50.972,-0.04402829996474132
50.976,-0.05906432962296687
50.980000000000004,-0.033073297129540484
50.984,-0.029698953823045257
50.988,-0.04676342435025637
50.992000000000004,-0.05137871490289589
50.996,-0.026394831976833587
51.0,-0.0399828986863613
51.004,-0.002579436453474887
51.008,-0.05202600633735395
51.012,-0.02831919084287029
51.016,-0.03348811952436451
51.02,0.009603666354170225
51.024,-0.038266819634970924
51.028,-0.036731021884355744
51.032000000000004,-0.0035240508911353096
51.036,0.016365143014481276
51.04,0.09953471728551555
51.044000000000004,0.16670169760930154
51.048,0.26493089355943283
51.052,0.39288998680585685
51.056000000000004,0.503074327879255
51.06,0.685213893510051
51.064,0.8357901474767322
51.068,0.9147115201073935
51.072,0.976049752324181
51.076,0.9510869374890432
51.08,0.7994830746568222
51.084,0.6448313331589941
51.088,0.5084061635597176
51.092,0.3876762661510089
51.096000000000004,0.22028290867371308
51.1,0.10949775466398876
51.104,0.06672379193370298
51.108000000000004,-0.01193211225722594
51.112,-0.03234789463585641
51.116,-0.018063424987822443
51.120000000000005,-0.05403250437798712
51.124,-0.0354164260417495
51.128,-0.03889263302952278
51.132,-0.0581413671553908
51.136,-0.02344253197624492
51.14,0.006614331321680385
51.144,-0.02266862988077703
51.148,-0.04837947789364201
51.152,-0.04228830019793447
51.156,-0.02097052553611853
51.160000000000004,-0.03920566225397158
51.164,-0.04317662536849727
51.168,-0.04711358840898216
51.172000000000004,-0.03048663742473431
51.176,-0.02783217388434606
51.18,-0.036273269339426394
51.184000000000005,-0.019182848575102503
51.188,-0.014438720598589562
51.192,-0.0014172252025226838
51.196,-0.023653693724207375
51.2,-0.021498679317124996
51.204,-0.019561070435617143
51.208,-0.03605960813290486
51.212,-0.011498486641634748
51.216,-0.06455918796026389
51.22,-0.015941111645577672
51.224000000000004,-0.03823090833879278
51.228,-0.02258674329461892
51.232,0.00046873711235074014
51.236000000000004,-0.002441952546950659
51.24,0.01164069018291379
51.244,-0.08130210759541762
51.248,-0.007283598423453101
51.252,-0.0291964784615191
51.256,0.0010712283396614938
51.26,-0.03712214858059894
51.264,-0.013338213622297758
51.268,-0.03702851927703134
51.272,-0.03111119776244187
51.276,-0.05091391835640188
51.28,-0.020674710287263767
51.284,-0.0331702757469796
51.288000000000004,-0.03149600878068326
51.292,0.01428737964602595
51.296,-0.037915237259470415
51.300000000000004,0.0019163895100977497
51.304,-0.025557635088219947
51.308,-0.02497544515282353
51.312,-0.015529818892399058
51.316,-0.027651400387993012
51.32,0.03425706081930876
51.324,-0.036480903069844015
51.328,-0.0247015549855667
51.332,-0.015773665978290552
51.336,0.0051149208188944785
51.34,-0.002814326733417881
51.344,-0.005240310853850301
51.348,-0.022440634630467096
51.352000000000004,-0.012467976336108164
51.356,0.009846342017577427
51.36,0.013924974750218286
51.364000000000004,-0.0324713646297717
51.368,-0.05929545580953884
51.372,0.008011733424663202
51.376,-0.009015487112476553
51.38,-0.004596639627517659
51.384,-0.032391465085435826
51.388,-0.003689204373634644
51.392,-0.0010700800085526405
51.396,0.018588838499742105
51.4,0.03764292834502763
51.404,-0.004557697700869872
51.408,-0.004491385923549735
51.412,-0.007786738302787645
51.416000000000004,-0.003891393670470109
51.42,-0.0542538643852936
51.424,-0.01618969565676271
51.428000000000004,-0.015772299668193417
51.432,0.02774650650972109
51.436,0.010509779952679661
51.44,-0.019614221013870354
51.444,-0.016645188214335478
51.448,-0.02005282141106303
51.452,-0.031337694174006066
51.456,0.006616491628522928
51.46,0.013776584145180827
51.464,-0.011647742070742973
51.468,-0.04391669533708835
51.472,-0.0035717003641497643
51.476,0.014172961808173672
51.480000000000004,-0.00857687413159821
51.484,-0.02698729731199271
51.488,-0.006592869241042345
51.492000000000004,0.043889107931689306
51.496,0.005015038119444754
51.5,0.01238119404106169
51.504,-0.015569081522016415
51.508,0.004163837327709762
51.512,-0.019851854490456997
51.516,0.010906075532672789
51.52,-0.033274393301778296
51.524,-0.03068366278769571
51.528,0.0413179364614686
51.532000000000004,-0.005419507048414758
51.536,0.02075163586511299
51.54,-0.007631101124352458
51.544000000000004,0.02217508782911215
51.548,-0.01782548281295424
51.552,-0.01869879889309478
51.556000000000004,0.028789325851566034
51.56,0.01765314693687129
51.564,-0.03849552984038629
51.568,-0.01160093897264953
51.572,0.00763348020289058
51.576,0.03976966187140268
51.58,0.010861930834540588
51.584,0.008880666326296973
51.588,-0.01807748680665503
51.592,0.035203011449014915
51.596000000000004,0.027888170812549906
51.6,-0.02897996486426499
51.604,0.01591575630364937
51.608000000000004,-0.04699554508114514
51.612,0.009088165541027178
51.616,-0.006916218891925608
51.620000000000005,0.015798889319203053
51.624,-0.01940824225792496
51.628,0.021157761862955295
51.632,-0.013701302968406225
51.636,0.005619209689798108
51.64,-0.004821752213567848
51.644,-0.0075197907233100145
51.648,0.036836754685856045
51.652,0.015062449991095742
51.656,0.03997472232186599
51.660000000000004,0.011863134000308164
51.664,0.02212059520263971
51.668,0.04355310373317481
51.672000000000004,0.012490873255858449
51.676,0.006743304600390626
51.68,-0.00217449310065267
51.684000000000005,0.005643687250905825
51.688,0.034908143160228035
51.692,0.02517261040476577
51.696,0.016352254368858253
51.7,0.024553475029757226
51.704,0.034842126375562124
51.708,0.03509292313489028
51.712,0.00037325434381767567
51.716,0.001667891859491042
51.72,0.05506676245230576
51.724000000000004,0.02070498093488194
51.728,0.035440919666707614
51.732,0.010695269631461099
51.736000000000004,-0.003063142013833616
51.74,0.005906952972153694
51.744,0.043136033680996846
51.748,0.01363089272254771
51.752,0.044205743315163304
51.756,0.03378627727553873
51.76,-0.0014673593700357465
51.764,0.0073630039474203435
51.768,0.02892808070883843
51.772,0.05630417808634135
51.776,0.04058808098534779
51.78,-0.019011042635789614
51.784,0.0368643222486413
51.788000000000004,0.021431218813827112
51.792,0.030956024616299416
51.796,0.04449914086003488
51.800000000000004,0.006989256909535217
51.804,0.04898613837998118
51.808,0.02422542530357092
51.812,0.008305142054325036
51.816,0.039966250754839575
51.82,0.01040144442711637
51.824,0.011327271218306647
51.828,0.01454050728309586
51.832,0.040794382729151285
51.836,0.0512058880812991
51.84,0.020914609913309797
51.844,0.07058155182890519
51.848,0.028501291133416637
51.852000000000004,0.04254308378696117
51.856,0.03845451325002322
51.86,0.031860042819395085
51.864000000000004,0.009363581104342131
51.868,0.035691054205066075
51.872,0.021910992769453047
51.876,0.01956277998370392
51.88,0.01751034347430321
51.884,0.051300131449646375
51.888,0.0508113828063693
51.892,0.08718636821171023
51.896,0.11743862112850811
51.9,0.17160112446218467
51.904,0.2753252162275964
51.908,0.4511938074456961
51.912,0.5910636455498443
51.916000000000004,0.7460110898662836
51.92,0.8980218673654575
51.924,0.9678553316255869
51.928000000000004,1.053459773469781
51.932,0.9791664469185851
51.936,0.9100081487432425
51.94,0.772641653966561
51.944,0.6159383893267418
51.948,0.4339814649191104
51.952,0.3542087954570283
51.956,0.19159236819938075
51.96,0.16663537068226775
51.964,0.10776235550258743
51.968,0.07534636336482264
51.972,0.04935585310439191
51.976,0.035778455627406655
51.980000000000004,0.02638254124076722
51.984,0.0686894798212215
51.988,0.031544831119379314
51.992000000000004,0.024113935660572825
51.996,0.05867247756941037
52.0,0.08187854721381677
52.004,0.015909123159157313
52.008,0.03891253730660367
52.012,0.0383937692896204
52.016,0.01995141219246387
52.02,0.017688717042527148
52.024,0.05185619836424027
52.028,0.03935941719536691
52.032000000000004,0.056304584833008924
52.036,0.013115443724707646
52.04,0.018023804839450486
52.044000000000004,0.025354723353542354
52.048,0.03928974809810146
52.052,0.04769233709758697
52.056000000000004,0.03473630888777697
52.06,0.0028219706256085997
52.064,0.026542404850110262
52.068,0.07505751564332426
52.072,0.02826820546484115
52.076,0.050270717252865485
52.08,0.03366380016075596
52.084,0.05087044301306215
52.088,0.06020244016696123
52.092,0.008180331651185216
52.096000000000004,0.038967739168504406
52.1,0.07213537474795895
52.104,0.027985162463290577
52.108000000000004,0.029695019707526568
52.112,0.04737644869253755
52.116,0.05526106867119853
52.120000000000005,0.015761165822313142
52.124,0.06535500801435506
52.128,0.04516393425697657
52.132,0.047614709375711585
52.136,0.05151955538658661
52.14,0.042952465813804214
52.144,0.06704084176408148
52.148,0.04432889812043258
52.152,0.05458802464165524
52.156,0.045331110078236383
52.160000000000004,0.05329646577886329
52.164,0.050242084263013874
52.168,0.02339695784821773
52.172000000000004,0.06333894944231803
52.176,0.02518710104559327
52.18,0.060365784406458636
52.184000000000005,0.05395254802279164
52.188,0.02737453027101365
52.192,0.04890036163541058
52.196,0.041410676143166986
52.2,0.05244225751796881
52.204,0.03130015108396693
52.208,0.06900002386461923
52.212,0.05177588167572586
52.216,0.06942134782410125
52.22,0.03756525778282043
52.224000000000004,0.03527298330721952
52.228,0.056322148704497435
52.232,0.021788911832070306
52.236000000000004,0.036580743258466684
52.24,0.07730423139024488
52.244,0.03738941215524535
52.248,0.050975164552531364
52.252,0.021298630203244247
52.256,0.06827642077896257
52.26,0.02588276073554813
52.264,0.025359410321896807
52.268,0.05340486162404727
52.272,0.02852975867060301
52.276,0.010382493912560596
52.28,0.027624119957400783
52.284,0.053928249011991294
52.288000000000004,0.03984101580075507
52.292,0.05773279980113934
52.296,0.06339068039258874
52.300000000000004,0.0595700442840269
52.304,0.07674959809233221
52.308,0.05105626213448461
52.312,0.07421205049830734
52.316,0.04278092601735297
52.32,0.07505032106754674
52.324,0.06644459554464241
52.328,0.06966085734595986
52.332,0.10999485829741057
52.336,0.055716302385667396
52.34,0.06167236357318596
52.344,0.06792442635059745
52.348,0.06866397749672716
52.352000000000004,0.06248659743459786
52.356,0.06326094776408257
52.36,0.04876399255758606
52.364000000000004,0.037414706685527016
52.368,0.022711194144615435
52.372,0.05062397543318814
52.376,0.03616762338130068
52.38,0.019983876813345833
52.384,0.07887774361765627
52.388,0.07021613494628476
52.392,0.05254138851348841
52.396,0.024309185971787422
52.4,0.0472626624449597
52.404,0.049732166660824334
52.408,0.038699234987111704
52.412,0.07669936090241303
52.416000000000004,0.06726659155592579
52.42,0.025439654902374806
52.424,0.05561485958915996
52.428000000000004,0.014503298149473765
52.432,0.05674081792046269
52.436,0.06110181255275148
52.44,0.0747139616656877
52.444,-0.0025199668219132512
52.448,0.07768380280520212
52.452,0.028296746251079377
52.456,0.06105165970516457
52.46,0.02697805093226403
52.464,0.047635033951678216
52.468,0.05652239373407495
52.472,0.041355140296661735
52.476,0.05659765060157301
52.480000000000004,0.03648482448835365
52.484,0.03175377027024857
52.488,0.02949178167920915
52.492000000000004,0.015047809439235421
52.496,0.044584358225081284
52.5,0.03296611653010868
52.504,0.07499235611700127
52.508,0.03459724404473178
52.512,0.06797502103220043
52.516,-0.009166688102338165
52.52,0.05267348218095783
52.524,0.049466042936413615
52.528,0.06559035721536272
52.532000000000004,0.0787644495664618
52.536,0.0516610457973828
52.54,0.07568347244430254
52.544000000000004,0.035733221577880364
52.548,0.032012973080594774
52.552,0.063229686115018
52.556000000000004,0.04772944917841653
52.56,0.06392392545602714
52.564,0.024179796300357
52.568,0.0349886318603727
52.572,0.046395729584840464
52.576,0.040337656509371864
52.58,0.058640773157833295
52.584,0.09810628916825093
52.588,0.036664678294294824
52.592,0.06841731479021679
52.596000000000004,0.03487729554685445
52.6,0.010045576914916619
52.604,0.00918412009606221
52.608000000000004,0.019577848186850124
52.612,-0.003007986517111469
52.616,0.034360753468632016
52.620000000000005,0.051106450020086146
52.624,-0.007356417566974929
52.628,0.02903930421671828
52.632,0.011511369544473234
52.636,0.061855670537575125
52.64,0.06188290121416501
52.644,0.042585981517181376
52.648,0.0369819781092835
52.652,0.026664561784898223
52.656,0.03277022191783743
52.660000000000004,0.06676851183960292
52.664,0.047349589391716115
52.668,0.03949904934446074
52.672000000000004,0.07076501631896934
52.676,0.03781065828162439
52.68,0.04000488568636965
52.684000000000005,0.024009682043053936
52.688,0.000433588764650876
52.692,0.034112406952951625
52.696,0.02369275046985869
52.7,0.04899200809305451
52.704,0.0032314333195363337
52.708,0.004201555617078925
52.712,0.030412081014687207
52.716,0.014574981155928451
52.72,0.01847068942897653
52.724000000000004,0.029300901941798456
52.728,0.009035817247718306
52.732,0.026823630379534287
52.736000000000004,0.06936119703817653
52.74,0.03862527192001432
52.744,0.04114946882655011
52.748,0.07298960786269075
52.752,0.09168090622298722
52.756,0.17526980865517575
52.76,0.27429178636258866
52.764,0.36489699343918136
52.768,0.5129495984651087
52.772,0.6925887416392849
52.776,0.8007477293615275
52.78,0.9804122331237012
52.784,1.0018349696478899
52.788000000000004,0.973586142625981
52.792,0.9399571200512121
52.796,0.7909492771201413
52.800000000000004,0.6294069748563276
52.804,0.47682888061550854
52.808,0.3522603813649099
52.812,0.24472223428189388
52.816,0.1130179724396249
52.82,0.09223295038690105
52.824,0.038533916224997335
52.828,0.0320573863406027
52.832,0.03869567996745091
52.836,0.027504975820580216
52.84,0.04213803171672468
52.844,-0.00141722786104536
52.848,0.017986694911444674
52.852000000000004,0.02521585248720568
52.856,0.0037203192633482665
52.86,-0.0007516072836791753
52.864000000000004,-0.015166240046617454
52.868,-0.013751982709097138
52.872,0.051630559306150736
52.876,0.001661477689376788
52.88,0.01563147099916437
52.884,0.01702061960462
52.888,0.005005226498991409
52.892,0.016011350093505246
52.896,0.02228073529915029
52.9,-0.0030004148761693696
52.904,0.036108637391720086
52.908,0.014546458543795465
52.912,0.0027787414481489463
52.916000000000004,0.0056369502315114185
52.92,0.03429928376811513
52.924,0.041659947528263915
52.928000000000004,-0.00180661922059671
52.932,0.01786510542452203
52.936,-0.002856527519041401
52.94,-0.011630469178074287
52.944,0.007131710789858397
52.948,0.016041463519980835
52.952,0.046149857870176766
52.956,-0.011389183630306107
52.96,-0.015969942576442506
52.964,-0.03536469760131977
52.968,-0.021840585615965455
52.972,0.017036425482048173
52.976,0.015186670830052474
52.980000000000004,0.040442747346865926
52.984,0.022597283771415982
52.988,0.0004244500944855156
52.992000000000004,0.016154182668523066
52.996,0.030976764006065676
53.0,-0.029642686137478495
53.004,-0.037013551164734135
53.008,0.008182805857886269
53.012,0.011314353375793841
53.016,-0.03671319633196282
53.02,-0.008126613049762851
53.024,-0.024581323661789847
53.028,0.006005918085065381
53.032000000000004,0.02702159666817536
53.036,0.016692955936600317
53.04,0.023482120555314553
53.044000000000004,-0.010522301012830268
53.048,-0.016005547679878038
53.052,0.01786533976492754
53.056000000000004,-0.015410819853542874
53.06,-0.001527809042766228
53.064,0.008548285173872237
53.068,-0.02657347362291075
53.072,-0.048853070615290276
53.076,0.018969348093732054
53.08,-0.008249197535698258
53.084,0.010708056494111818
53.088,0.0028905887927663295
53.092,-0.03951090484152986
53.096000000000004,-0.0020623704736097747
53.1,-0.01941736716420153
53.104,-0.01336454630899385
53.108000000000004,-0.019753039425626243
53.112,-0.009401454885191654
53.116,-0.0029286971012977897
53.120000000000005,-0.025790540176000416
53.124,0.003187170103543944
53.128,0.028443223547184607
53.132,-0.013987758831209467
53.136,0.018634693803021213
53.14,-0.014179982940428536
53.144,-0.020138152096449237
53.148,-0.030119063174900283
53.152,0.012797733707060634
53.156,-0.01607477425355668
53.160000000000004,-0.029824425489648275
53.164,0.007101692697403742
53.168,-0.020251313463518397
53.172000000000004,-0.009262224141032385
53.176,-0.05076644755716237
53.18,-0.03213376489957966
53.184000000000005,-0.02308739432683762
53.188,-0.0046199528291890266
53.192,-0.006206611972767092
53.196,-0.012947464864290098
53.2,-0.02874241296829622
53.204,0.008805536569342035
53.208,-0.022714129960088245
53.212,-0.02348167454832782
53.216,-0.04831810227309991
53.22,-0.0026298417601454196
53.224000000000004,-0.0015186224578788085
53.228,0.004024553351797883
53.232,-0.034323357817003894
53.236000000000004,0.005379214842129009
53.24,-0.013335276053351053
53.244,-0.061355940307746375
53.248000000000005,-0.01884070937687333
53.252,-0.03254788534664237
53.256,-0.011280667324448254
53.26,-0.042919751565086275
53.264,-0.049897109540044435
53.268,-0.03076775408395878
53.272,0.024447977158065962
53.276,-0.0335049121181955
53.28,-0.037639011598272314
53.284,-0.044008553994984836
53.288000000000004,-0.05774704048471411
53.292,-0.04444410713873362
53.296,-0.012650970912066243
53.300000000000004,-0.05509014889168576
53.304,-0.04073158173466739
53.308,-0.03714161124566665
53.312,-0.01726341073061878
53.316,-0.030652131934313553
53.32,-0.036965609315181475
53.324,0.0103689599377579
53.328,0.0017985499780064397
53.332,-0.017812963164133014
53.336,-0.04794062231772313
53.34,-0.03006558929267649
53.344,-0.07090492512877729
53.348,-0.06795387611302955
53.352000000000004,-0.049371115184521364
53.356,-0.0347749882448425
53.36,-0.024143945306243315
53.364000000000004,-0.0403807775982657
53.368,-0.06329497086602587
53.372,-0.03701519666725136
53.376,-0.03724687070939342
53.38,-0.022862950902257706
53.384,-0.016214113052273185
53.388,-0.023463337328200405
53.392,-0.009062129524964518
53.396,-0.02480853255798434
53.4,-0.034502355026679345
53.404,-0.015472860878330979
53.408,-0.028364208324150954
53.412,-0.06804084268866284
53.416000000000004,-0.02121508357608602
53.42,-0.024477745774225367
53.424,-0.05645338686697604
53.428000000000004,-0.019480327646088483
53.432,-0.06161779046964911
53.436,0.003236904848942873
53.44,-0.08390929573363529
53.444,-0.030632988866887048
53.448,-0.05218191833597215
53.452,-0.04595616824018816
53.456,-0.025696507033110078
53.46,-0.024905520868327702
53.464,-0.021657265907308088
53.468,-0.01476730659589617
53.472,-0.061180186795878985
53.476,-0.04407563098492528
53.480000000000004,-0.04645518200359159
53.484,-0.03945482979635174
53.488,-0.08192527457485059
53.492000000000004,-0.018242857423432898
53.496,-0.031108296643505187
53.5,-0.025037614846543432
53.504,-0.032130560118929646
53.508,-0.05651815881150601
53.512,-0.06064829371056531
53.516,-0.055949659453098294
53.52,-0.07502515332552132
53.524,-0.06047658817354644
53.528,-0.050386097198056055
53.532000000000004,-0.04143757316240057
53.536,-0.0568722448756216
53.54,-0.007757153586022206
53.544000000000004,-0.05694246707494812
53.548,-0.04071778429051725
53.552,-0.04041775249859054
53.556000000000004,-0.07550303225530292
53.56,-0.03908913527500782
53.564,-0.0820841928447008
53.568,-0.05720548491745252
53.572,-0.05990514894294753
53.576,-0.056634011518920974
53.58,-0.03655352717225288
53.584,-0.019213447154342506
53.588,-0.04080636685169565
53.592,-0.028926134646928156
53.596000000000004,-0.05039401218767604
53.6,-0.04800884329412358
53.604,-0.009536333905771929
53.608000000000004,-1.502229904155189e-06
53.612,0.07684392554629361
53.616,0.17479494916901428
53.620000000000005,0.2919137857444433
53.624,0.4347878957355314
53.628,0.5435850718471154
53.632,0.7351696273219228
53.636,0.8578522894899305
53.64,0.93022947763624
53.644,0.9297371483677789
53.648,0.898738696967179
53.652,0.8083093315945175
53.656,0.6362350368439601
53.660000000000004,0.47060248596030285
53.664,0.35352329401282667
53.668,0.19496682352712794
53.672000000000004,0.10500471414989035
53.676,0.07291140613772638
53.68,0.03773904919706853
53.684000000000005,-0.022470366216592316
53.688,-0.039345482691723624
53.692,-0.05274216928506536
53.696,-0.06078181999184588
53.7,-0.05634665537599787
53.704,-0.030533266096295263
53.708,-0.01628927545876257
53.712,-0.06375639463548072
53.716,-0.05126462073059777
53.72,-0.041413609405586
53.724000000000004,-0.045759194197282894
53.728,-0.0628644763470708
53.732,-0.07284932314087238
53.736000000000004,-0.08312557333548087
53.74,-0.04659179049616054
53.744,-0.04309508484983614
53.748000000000005,-0.04889703539974143
53.752,-0.03593851152329935
53.756,-0.05517351617253058
53.76,-0.054511331593104895
53.764,-0.09387387519739569
53.768,-0.01795033982974429
53.772,-0.0714996557974506
53.776,-0.033575851071438595
53.78,-0.019096251732148167
53.784,-0.04604246298343054
53.788000000000004,-0.03813484437520649
53.792,-0.04722654546865832
53.796,-0.03794943589025125
53.800000000000004,-0.05219405121314431
53.804,-0.07788776601117402
53.808,-0.05276512550009059
53.812,-0.08391831032639277
53.816,-0.04106765198750618
53.82,-0.04638257944374978
53.824,-0.03001984174827771
53.828,-0.06365806779383007
53.832,-0.07546441893797426
53.836,-0.044839340570910234
53.84,-0.05729095585706878
53.844,-0.0575636233641554
53.848,-0.06941517804205112
53.852000000000004,-0.06558229543856053
53.856,-0.03691256761934149
53.86,-0.05256080814837746
53.864000000000004,-0.04644311625511767
53.868,-0.012708419386586206
53.872,-0.026913839788133713
53.876,-0.047997897809150515
53.88,-0.027773822216235377
53.884,-0.0641316843986033
53.888,-0.06686043818060804
53.892,-0.04591069600577952
53.896,-0.04178412511782713
53.9,-0.04594237698730249
53.904,-0.012222439550181229
53.908,-0.07461302108187262
53.912,-0.03227594070680918
53.916000000000004,-0.03934936894564973
53.92,-0.03360092812905481
53.924,-0.05782918038203552
53.928000000000004,-0.0651178986677232
53.932,-0.05307631839569098
53.936,-0.05111066011483349
53.94,-0.07464954730609545
53.944,-0.03635287547765986
53.948,-0.06496627787131916
53.952,-0.07769566066886617
53.956,-0.04094361553298015
53.96,-0.04818642660702797
53.964,-0.07356350323092253
53.968,-0.05793817148950358
53.972,-0.060720041869656474
53.976,-0.0642607835163359
53.980000000000004,-0.07130818738676953
53.984,-0.048989537086141795
53.988,-0.03789721182200518
53.992000000000004,-0.058393238468105846
53.996,-0.030013265909681855
54.0,-0.041468631523948384
54.004,-0.019891098455619836
54.008,-0.040023346869438814
54.012,-0.05613117034424511
54.016,-0.040167254926044706
54.02,-0.04282400117476227
54.024,-0.07059479117431969
54.028,-0.061641621464241084
54.032000000000004,-0.0337417867772284
54.036,-0.059166733413221234
54.04,-0.029841431837130297
54.044000000000004,-0.07131162250818705
54.048,-0.04132030530590668
54.052,-0.05211818348680673
54.056000000000004,-0.06415127605494543
54.06,-0.05451863242964726
54.064,-0.056487955973799894
54.068,-0.00595735835926757
54.072,-0.02802511114890569
54.076,-0.04926070902462186
54.08,-0.009836266312210837
54.084,-0.040727942681483505
54.088,-0.045402082651466114
54.092,-0.024447346350023852
54.096000000000004,-0.03519225816105766
54.1,-0.04360657442365053
54.104,-0.05416113709784722
54.108000000000004,-0.04642750578157194
54.112,-0.05092898354483423
54.116,-0.06045368121765958
54.120000000000005,-0.050884361170558265
54.124,-0.052745056388045844
54.128,-0.062210089699569676
54.132,-0.056002990145688686
54.136,-0.022740009863214786
54.14,-0.019292818821122226
54.144,-0.03559628624714148
54.148,-0.053290837862812294
54.152,-0.047518154684983674
54.156,-0.03627737183475539
54.160000000000004,-0.01904505965030777
54.164,-0.04920855872028378
54.168,-0.05882839382734402
54.172000000000004,-0.054144665372601514
54.176,-0.03881437735936455
54.18,-0.028090163347643148
54.184000000000005,-0.00938662455114813
54.188,-0.07171691036794298
54.192,-0.047274702969871636
54.196,-0.03225000342332531
54.2,-0.0591125435630704
54.204,-0.044938271604925306
54.208,-0.06616089787374888
54.212,-0.04053773728937904
54.216,-0.016440909286640062
54.22,-0.00034164008412088456
54.224000000000004,-0.0447461555149
54.228,-0.0340509628914314
54.232,-0.007320492330464598
54.236000000000004,-0.015277217880506119
54.24,-0.019400933263676506
54.244,-0.019108054751601974
54.248000000000005,-0.03389534289864563
54.252,-0.047921774815889474
54.256,-0.03595288105157291
54.26,-0.013979120956395056
54.264,-0.02846489278969854
54.268,-0.013904128142939691
54.272,-0.01454565582042676
54.276,-0.021855029699746165
54.28,-0.01659761730325062
54.284,-0.05471297919148564
54.288000000000004,-0.03665719275309929
54.292,-0.01682745130516808
54.296,-0.03396394033406003
54.300000000000004,-0.046842987083341066
54.304,-0.025976984441323927
54.308,-0.046514033480176485
54.312,-0.004440682213340621
54.316,-0.013874188371327327
54.32,-0.027019629470055068
54.324,-0.013116050017851748
54.328,-0.030255969158143076
54.332,0.002894969378353738
54.336,-0.036346351402378546
54.34,0.0031421097854430514
54.344,-0.020556787058001152
54.348,-0.017409225406494533
54.352000000000004,-0.0330569554172926
54.356,-0.02566358772059836
54.36,-0.008905317649144219
54.364000000000004,-0.020144609774016643
54.368,-0.024240265665100583
54.372,0.018827442546833804
54.376,-0.03543306181418564
54.38,-0.02775362825212493
54.384,-0.03979470024221464
54.388,-0.052277790440060846
54.392,-0.012384547919640436
54.396,-0.010002895631417333
54.4,-0.0316130247620907
54.404,-0.03831055003747837
54.408,-0.004448852720550074
54.412,-0.029450609454944463
54.416000000000004,0.020473387489483956
54.42,0.013934285191803857
54.424,-0.004552664604318919
54.428000000000004,-0.016885138518458142
54.432,-0.0008542006396633859
54.436,-0.04218448343283977
54.44,0.003828856731589272
54.444,0.01972939427621171
54.448,-0.037989648325791006
54.452,-0.010869539174310503
54.456,0.01906834671474155
54.46,0.01961077063760012
54.464,0.040494547734835205
54.468,0.12150684975353207
54.472,0.17274820081983971
54.476,0.2888049300105247
54.480000000000004,0.3957439345674938
54.484,0.5609870311128476
54.488,0.696036225879674
54.492000000000004,0.8300356201559148
54.496,0.9411538850670137
54.5,1.0024955429976095
54.504,0.9803258642971163
54.508,0.8405167559362695
54.512,0.7445801610616077
54.516,0.5494926983472096
54.52,0.382080302811852
54.524,0.28058343694348825
54.528,0.18006853568498543
54.532000000000004,0.08998203498393069
54.536,0.05672331048117662
54.54,0.03569681169638271
54.544000000000004,0.022395394023620487
54.548,-0.001712322588052313
54.552,-0.009882643018982435
54.556000000000004,0.0588939100224306
54.56,0.012597737717725408
54.564,-0.016408949507290268
54.568,0.009403230663695857
54.572,0.014199031787372175
54.576,0.016428272873148148
54.58,-0.02645602759458065
54.584,-0.0022635234080764
54.588,0.013549433298574718
54.592,0.02207130560367131
54.596000000000004,0.029914535102944922
54.6,0.009011515541300518
54.604,-0.010788883825855156
54.608000000000004,0.046397452251015214
54.612,-0.013160833852102646
54.616,0.008041185838568804
54.620000000000005,0.029781802374841418
54.624,0.006202250914872564
54.628,0.036026434374417805
54.632,0.020195379233772258
54.636,0.024405518954134797
54.64,0.03565296818304074
54.644,0.01612334360046029
54.648,-0.016035429693621345
54.652,0.03074774145611328
54.656,0.025323532319568617
54.660000000000004,0.017120844429900698
54.664,0.01886943659802183
54.668,0.0032394673287932073
54.672000000000004,-0.0014355462224976655
54.676,0.02721292763913897
54.68,-0.0019702032523977904
54.684000000000005,0.03053914149242576
54.688,0.007795004635341212
54.692,0.006413211199855643
54.696,-0.003500371992378527
54.7,0.006784343979165979
54.704,0.019383493440386614
54.708,0.019006057622887904
54.712,0.021489443807492643
54.716,0.03064648981939825
54.72,0.01106978312846238
54.724000000000004,0.01964655960203497
54.728,0.007524050852163011
54.732,0.03702120220150485
54.736000000000004,0.04087791922036646
54.74,0.0317609120713847
54.744,0.053487805862205334
54.748000000000005,0.011129116740433919
54.752,0.008383738061329093
54.756,0.021184542387774133
54.76,0.06873529626148661
54.764,0.03514079590192054
54.768,0.033927056969433426
54.772,0.02530337939199134
54.776,0.04531528211069957
54.78,0.03527762959204982
54.784,0.05045547775245572
54.788000000000004,0.0418195368835184
54.792,0.05659360224404692
54.796,-0.006204396731432544
54.800000000000004,0.021314228929612503
54.804,0.0288045815917721
54.808,0.0013815237105268482
54.812,0.01782195860352436
54.816,0.04868717229277174
54.82,0.04044358636744004
54.824,0.05357190993857153
54.828,0.01219801929238299
54.832,0.05559941267999005
54.836,0.020296631856781565
54.84,0.04676052026505105
54.844,0.023549666720249468
54.848,0.05288981727576268
54.852000000000004,0.03791587789149679
54.856,0.02640110904506845
54.86,0.027993873109104544
54.864000000000004,0.03845693169449588
54.868,0.0693264182242041
54.872,0.019416157167341654
54.876,0.05477602868810261
54.88,0.041824446986773414
54.884,0.044108811232295
54.888,0.05015000791491141
54.892,0.05444381643612543
54.896,0.03374347710967248
54.9,0.031244112112579814
54.904,0.024920121349350302
54.908,0.05357660965904479
54.912,0.06188429819823671
54.916000000000004,0.060541741016363615
54.92,0.04690263406676298
54.924,0.040757557201891885
54.928000000000004,0.02732632217247715
54.932,0.04883065121841877
54.936,0.03296767190729668
54.94,0.027479456375757966
54.944,0.026195786796415682
54.948,0.016278510110419416
54.952,0.04610146218562356
54.956,0.04011624954206501
54.96,0.06706670236525067
54.964,0.03704928368199071
54.968,0.09282340492516558
54.972,0.04832012070496339
54.976,0.034909074173085586
54.980000000000004,0.05785887403789909
54.984,0.03632097320787646
54.988,0.0657831065926497
54.992000000000004,0.027421555652450406
54.996,0.019696084955699772
55.0,0.08956966575509749
55.004,0.05586684491788138
55.008,0.05266164041378255
55.012,0.03393496136168885
55.016,0.03261795038452931
55.02,0.038856693882194045
55.024,0.05119596429749544
55.028,0.050762451374615866
55.032000000000004,0.012600641671481776
55.036,0.06940999246838822
55.04,0.057763525463671445
55.044000000000004,0.0666187245870762
55.048,0.02165124111989318
55.052,0.04076134974727139
55.056000000000004,0.035732482674799435
55.06,0.045417332515429426
55.064,0.01121695076430805
55.068,0.06321354587878807
55.072,0.036550363469372
55.076,-0.004318844637131704
55.08,0.05790016202867916
55.084,0.02866482036503109
55.088,0.06706434361197049
55.092,0.0119221755808199
55.096000000000004,0.03729716468350895
55.1,0.019467300601017343
55.104,0.057356051549952256
55.108000000000004,0.024754592183983508
55.112,0.023696972521558526
55.116,0.03296594479965211
55.120000000000005,0.03165805592465071
55.124,0.06863249846448363
55.128,0.039174148807207584
55.132,0.039725727083564526
55.136,0.049280689355739725
55.14,0.050499716264333534
55.144,0.050641346101477296
55.148,0.03965133585235362
55.152,0.04079834851637295
55.156,0.04017968026026691
55.160000000000004,0.04830388419844403
55.164,0.04699295643712215
55.168,0.07308062923110253
55.172000000000004,0.026040103015910945
55.176,0.025289392283166155
55.18,0.04891417106099854
55.184000000000005,0.05280304046990365
55.188,0.06768177385100921
55.192,0.05982596699855365
55.196,0.05728671206378662
55.2,0.08742853729169511
55.204,0.06958140595182476
55.208,0.0351193713110743
55.212,0.057987775179051106
55.216,0.03401020969373289
55.22,0.05273870768176121
55.224000000000004,0.04062267176989104
55.228,0.040925655895044925
55.232,0.033172589233346525
55.236000000000004,0.05078021790989302
55.24,0.0576655686059912
55.244,0.05975579699215232
55.248000000000005,0.05375984828579957
55.252,0.04868004707168829
55.256,0.056458230554093804
55.26,0.07283226094691056
55.264,0.033829933389105185
55.268,0.02185207211999225
55.272,0.04684759179249981
55.276,0.04418754867104636
55.28,0.07037502834567605
55.284,0.07220635020050623
55.288000000000004,0.077918575304685
55.292,0.024957397687263187
55.296,0.06873046337840745
55.300000000000004,0.08099911702475411
55.304,0.06725063434911203
55.308,0.08591137812757364
55.312,0.08198761982305691
55.316,0.07468611774738694
55.32,0.12362839718919488
55.324,0.14796865244696358
55.328,0.1767274573778224
55.332,0.31103586783376164
55.336,0.4032864184661044
55.34,0.5682725013932403
55.344,0.6949670645018009
55.348,0.8702055334041094
55.352000000000004,1.0080922751636203
55.356,1.0429265699669603
55.36,0.9989274219352957
55.364000000000004,0.9306472730880329
55.368,0.8458533591340992
55.372,0.6581248837883381
55.376,0.5177910625080856
55.38,0.4006347079756296
55.384,0.2599147535016423
55.388,0.17781276625412004
55.392,0.1517079683763231
55.396,0.04698683407549058
55.4,0.07626464309709863
55.404,0.0658037831013319
55.408,0.06772210233328085
55.412,0.06260365579337399
55.416000000000004,0.0454532808510045
55.42,0.03245997685608323
55.424,0.07922302169145398
55.428000000000004,0.0667281130542632
55.432,0.01876054894729378
55.436,0.03401911792556215
55.44,0.06664222568286904
55.444,0.0616528381988577
55.448,0.04346429313702811
55.452,0.04562521081718297
55.456,0.045864396128113334
55.46,0.05741840879427976
55.464,0.04338486908947861
55.468,0.04593563359857507
55.472,0.027589630896022274
55.476,0.07145426671245544
55.480000000000004,0.03146325776701172
55.484,0.04328749310366035
55.488,0.04771808917508275
55.492000000000004,0.04128104438816809
55.496,0.02322008609046331
55.5,0.03259190178498574
55.504,0.04005349250747136
55.508,0.004593849847227882
55.512,0.05051010886449211
55.516,0.09347954853369522
55.52,0.03191514998640599
55.524,0.031590570619006206
55.528,0.04805579316076471
55.532000000000004,0.033438117244781955
55.536,0.02229194534351301
55.54,0.04276083058542213
55.544000000000004,0.033055524260302095
55.548,0.03323277214950687
55.552,0.05801016285618033
55.556000000000004,0.04787484248834624
55.56,0.05244687634463111
55.564,0.06770333155383591
55.568,0.052820623957761575
55.572,0.058530580860207626
55.576,0.04230830167803842
55.58,0.057655991102667156
55.584,0.07117029275118075
55.588,0.03291619243170842
55.592,0.04729785142276478
55.596000000000004,0.02131164011280374
55.6,0.036749220503104696
55.604,0.039836752929907245
55.608000000000004,0.05177788439066676
55.612,0.03321926537760404
55.616,0.06851333418511005
55.620000000000005,0.06998453055213988
55.624,0.056109148375631177
55.628,0.08209193886048405
55.632,0.022750864478170013
55.636,0.00417866756517557
55.64,0.03064202981432472
55.644,0.022402546379533216
55.648,0.02083353187448731
55.652,0.028777935572170902
55.656,0.04868874332871827
55.660000000000004,0.06136896336800832
55.664,0.0320065284598186
55.668,0.054152479008444276
55.672000000000004,0.036598432986221396
55.676,0.03972949664199722
55.68,0.06406040732357068
55.684000000000005,0.036747110422610196
55.688,0.043217151412983865
55.692,0.03962792870693096
55.696,0.01868438474044879
55.7,0.05249738206163238
55.704,0.08127756778523473
55.708,0.035560392118966416
55.712,0.0535472848288272
55.716,0.06137320045283701
55.72,0.03966042677836912
55.724000000000004,0.03848186439521688
55.728,0.028569588341521936
55.732,0.009440035247290892
55.736000000000004,0.02442288946488024
55.74,0.045137049782953936
55.744,0.04792092438622278
55.748000000000005,0.014873646521873965
55.752,0.06336129304229474
55.756,-0.00041926645134666984
55.76,0.010947118026040526
55.764,0.03418308435097997
55.768,0.0094930855080744
55.772,0.023230477026055504
55.776,0.03961193321401345
55.78,0.009596684398628888
55.784,0.004727173115923064
55.788000000000004,0.041102146244373444
55.792,0.05792140403332845
55.796,0.026860301261428708
55.800000000000004,0.05037474559856648
55.804,-0.005528450478786289
55.808,0.01183160205100854
55.812,0.047978144238937606
55.816,0.037951350504777076
55.82,0.024177190224849567
55.824,0.0036403760416669657
55.828,-0.00897415024246553
55.832,0.04079165040270731
55.836,0.04145861256107905
55.84,0.02556062644169138
55.844,0.033682097070859264
55.848,0.021356814582852542
55.852000000000004,0.01258322460323233
55.856,0.00903841125430703
55.86,0.009554792282307758
55.864000000000004,0.005391927238425843
55.868,0.04637193788385839
55.872,0.027974469251507372
55.876,0.020893374077611212
55.88,0.04650762978226437
55.884,0.031230667166532895
55.888,0.021513757752969244
55.892,0.023237725142657754
55.896,0.02925199796104619
55.9,0.004976297014193531
55.904,0.020933027987018765
55.908,-0.00199972491602342
55.912,0.005408902682429835
55.916000000000004,0.014035268512397713
55.92,0.004160383579775179
55.924,0.023080985632903596
55.928000000000004,0.022508364602893228
55.932,0.052282148633387864
55.936,0.01751954749438735
55.94,0.024158067798061168
55.944,0.0030520912788959045
55.948,0.013075412140975125
55.952,0.014859650637810966
55.956,0.03280768901165089
55.96,0.016746530360418337
55.964,0.008866672306317703
55.968,-0.0017329237445118974
55.972,0.013171557288236508
55.976,0.02834067777493316
55.980000000000004,-0.014741730880657349
55.984,0.03425166382122437
55.988,0.010766290300664023
55.992000000000004,-0.013145025967064744
55.996,0.004068068339457651
56.0,0.02628858019589598
56.004,0.026824273433002525
56.008,-0.008419075297975493
56.012,0.0022273652123532624
56.016,0.03534814562393652
56.02,0.02124287038445478
56.024,0.040678774212205525
56.028,0.026045433615174758
56.032000000000004,5.571603302660698e-05
56.036,0.009907473970059928
56.04,-0.0075886685287487095
56.044000000000004,0.009623170027708676
56.048,0.024129208803980916
56.052,0.015735743924264394
56.056000000000004,-0.006347652219673166
56.06,-0.02179783063315818
56.064,0.004324046120529077
56.068,-0.04333811242950155
56.072,-0.0015296084580060341
56.076,0.028099790750173135
56.08,-0.0002664444406788192
56.084,-0.03506378263828402
56.088,-0.0033677251380526754
56.092,-0.01310956895799914
56.096000000000004,0.01358980958900546
56.1,-0.035350305815888494
56.104,-0.0006830984082266678
56.108000000000004,-0.01629435657644665
56.112,0.015770464207807876
56.116,0.003586230702096578
56.120000000000005,-0.02061526006565715
56.124,0.010361564094878824
56.128,-0.010838641656274486
56.132,0.016031155767549453
56.136,0.003982254028490299
56.14,0.009653158195385586
56.144,-0.011896704411593923
56.148,-0.01392808676731655
56.152,-0.016541681443721302
56.156,-0.004805454424609324
56.160000000000004,-0.04882785375443423
56.164,0.02462101497825811
56.168,0.0006289841384265389
56.172000000000004,0.010360832887108653
56.176,-0.0006493986302249163
56.18,0.03905117964088764
56.184000000000005,0.09739108056965058
56.188,0.2164670544515618
56.192,0.3037398662047218
56.196,0.4468098375273764
56.2,0.6362687007962395
56.204,0.7613722724346551
56.208,0.8661100177816264
56.212,0.9215501638798136
56.216,0.9772406115130943
56.22,0.9474279217873085
56.224000000000004,0.8073929479785804
56.228,0.6523311123626069
56.232,0.46036971917662606
56.236000000000004,0.36544883758376034
56.24,0.20101217666438653
56.244,0.1458273065279646
56.248000000000005,0.10869664792891287
56.252,0.03723967390116203
56.256,-0.02614582563746474
56.26,-0.00598431237028063
56.264,-0.027783975160360443
56.268,-0.019477050975931918
56.272,-0.001375011592692505
56.276,0.013739712502215
56.28,0.0007817847928366338
56.284,-0.023132566394466127
56.288000000000004,-0.012346365871407286
56.292,-0.03515838418345549
56.296,-0.015716036781604124
56.300000000000004,-0.026959211085940724
56.304,-0.004298393789889509
56.308,-0.005128770330773278
56.312000000000005,-0.017282232728885384
56.316,-0.02281847039143372
56.32,-0.029807699992752748
56.324,0.0010592886560870096
56.328,-0.00926455105472481
56.332,-0.0050910670175979625
56.336,-0.033854916930833215
56.34,-0.0138814223138137
56.344,-0.024159381233015285
56.348,-0.009964450092071635
56.352000000000004,0.020556633819380266
56.356,-0.010989929173952827
56.36,-0.016232830263102776
56.364000000000004,-0.06237093795496284
56.368,-0.03765936164617741
56.372,-0.06208486026541786
56.376,-0.040254063867518376
56.38,-0.009621021375911108
56.384,0.004035678523426914
56.388,-0.03181555875281729
56.392,-0.06910258327472928
56.396,-0.005788670623982143
56.4,-0.01203363266873567
56.404,-0.0369104150922395
56.408,-0.07279749604776144
56.412,-0.010137931424239657
56.416000000000004,-0.035122971992863905
56.42,-0.02952844873009454
56.424,-0.07296433793359376
56.428000000000004,-0.04980475550313128
56.432,-0.005330840202328331
56.436,-0.053716574466567385
56.44,-0.02257916443496964
56.444,-0.03801826333558049
56.448,-0.03329470100470862
56.452,-0.02307810105302894
56.456,-0.05222149063382352
56.46,-0.033764380451644996
56.464,-0.03520117206711056
56.468,-0.05230790137191393
56.472,-0.031237580851969225
56.476,-0.04345154591671561
56.480000000000004,-0.06260132303461105
56.484,-0.006820643852953945
56.488,-0.021212706419145664
56.492000000000004,-0.043577123228007913
56.496,-0.029321182515409827
56.5,-0.06907201614993563
56.504,-0.04179781850822308
56.508,-0.03546620085343846
56.512,-0.0319128312250186
56.516,-0.06309392649993074
56.52,-0.043534780736383706
56.524,-0.034658723259842275
56.528,-0.061625656270925484
56.532000000000004,-0.002517956479502287
56.536,-0.051677056270986246
56.54,-0.07806932513330764
56.544000000000004,-0.049356900947904236
56.548,-0.016257271221273087
56.552,-0.07384028357742176
56.556000000000004,-0.006483969757792023
56.56,-0.025389865251660464
56.564,-0.03990255350924993
56.568,-0.03663953930057938
56.572,-0.014246658239735855
56.576,-0.06461245010393336
56.58,-0.05021004309866797
56.584,-0.05438254039008737
56.588,-0.0321884327693167
56.592,-0.05578901974465216
56.596000000000004,-0.05437140249117117
56.6,-0.05113884308017358
56.604,-0.039194874163517704
56.608000000000004,-0.02924043939228912
56.612,-0.06091674687431391
56.616,-0.04654530306477941
56.620000000000005,-0.045746547892481726
56.624,-0.03392654385659411
56.628,-0.015982840858514046
56.632,-0.057844154935417086
56.636,-0.06324137774996352
56.64,-0.05309502936338005
56.644,-0.04717089333794173
56.648,-0.02758862702856843
56.652,-0.04828427138370072
56.656,-0.03121262697010651
56.660000000000004,-0.04299313086055685
56.664,-0.01474188697562269
56.668,-0.04110652318799159
56.672000000000004,-0.0149306243527048
56.676,-0.025783241648975094
56.68,-0.07447971810615608
56.684000000000005,-0.047447456872278644
56.688,-0.058971896189246836
56.692,-0.06062893569152852
56.696,-0.045168461518586805
56.7,-0.07119383649695414
56.704,-0.03409187395494863
56.708,-0.010025184083734241
56.712,-0.010491190872517028
56.716,-0.042483442821416015
56.72,-0.03568250572227184
56.724000000000004,-0.06274847727649994
56.728,-0.03964818461216224
56.732,-0.057154475732492604
56.736000000000004,-0.05053360893722073
56.74,-0.04633071742820235
56.744,-0.036926574285294965
56.748000000000005,-0.051408422397242574
56.752,-0.01796567572777922
56.756,-0.0563793820166675
56.76,-0.029010028269700127
56.764,-0.042074709372739105
56.768,-0.05440737735441867
56.772,-0.025064539599092436
56.776,-0.042315396421700846
56.78,-0.06173642461915643
56.784,-0.03092159731802021
56.788000000000004,-0.06423120655313842
56.792,-0.04618676482142428
56.796,-0.07222534337782643
56.800000000000004,-0.04033311435527448
56.804,-0.09845797954574201
56.808,-0.0729137399739062
56.812000000000005,-0.058079607363680064
56.816,-0.03988340427766929
56.82,-0.0672626015406273
56.824,-0.02641877740719713
56.828,-0.05439539703866162
56.832,-0.05542689373367435
56.836,-0.08469028363194134
56.84,-0.030033017090098136
56.844,-0.05945088841407573
56.848,-0.05540068988353799
56.852000000000004,-0.04179895402464658
56.856,-0.027600003364196907
56.86,-0.04960209503037638
56.864000000000004,-0.02719113163384295
56.868,-0.04870381848186237
56.872,-0.05595823704290647
56.876,-0.04155074069678144
56.88,-0.007737945900223683
56.884,-0.035275349217028844
56.888,-0.0606689253541383
56.892,-0.03263562727025693
56.896,-0.032309804265525544
56.9,-0.054108878786654255
56.904,-0.03652116770394072
56.908,-0.03836286486909104
56.912,-0.07585318743899691
56.916000000000004,-0.028974579759462604
56.92,-0.07592768569456698
56.924,-0.034159174421504346
56.928000000000004,-0.06254884990027776
56.932,-0.05636546751549508
56.936,-0.0468656058848123
56.94,-0.05509764388783347
56.944,-0.036110684862090583
56.948,-0.03752307266366601
56.952,-0.009342961628815274
56.956,-0.05746938069533912
56.96,-0.048940840624420535
56.964,-0.039486021735843035
56.968,-0.05495615526972253
56.972,-0.0631074860259277
56.976,-0.05177170787251905
56.980000000000004,-0.044806878658809654
56.984,-0.0036716299208026035
56.988,-0.08071389955307393
56.992000000000004,-0.048086173364573014
56.996,-0.0746962668394026
57.0,-0.0018207448195538128
57.004,-0.04947206269532886
57.008,-0.02788682652959764
57.012,-0.08331743001231452
57.016,-0.03420240476820662
57.02,-0.0339247120027932
57.024,-0.02369576613334196
57.028,-0.0005808703099998945
57.032000000000004,0.001812847323527919
57.036,0.05464448141866778
57.04,0.07127953331236797
57.044000000000004,0.12180422678311881
57.048,0.26545692580460173
57.052,0.4022106448045445
57.056000000000004,0.53229218629146
57.06,0.7114591749265328
57.064,0.8464297951074172
57.068,0.9164821893934879
57.072,0.937503630903104
57.076,0.9469533448027269
57.08,0.8144014004832899
57.084,0.6725117268003165
57.088,0.5279053021347544
57.092,0.32720859514931666
57.096000000000004,0.21159363349458815
57.1,0.13045482431945646
57.104,0.07704355552861472
57.108000000000004,0.018890147942109692
57.112,-0.014418098336925877
57.116,-0.02690783658847516
57.120000000000005,-0.03379810510927442
57.124,-0.023566472639427443
57.128,-0.07526933928834235
57.132,-0.0041970795915518624
57.136,-0.05822428947341321
57.14,-0.03744520589319256
57.144,-0.027152046578375125
57.148,-0.0602740873846008
57.152,-0.058251734483046234
57.156,-0.03955200294483286
57.160000000000004,-0.042837342739496825
57.164,-0.03166190826905943
57.168,-0.03957942873117569
57.172000000000004,-0.025560052197415452
57.176,-0.02858606412819041
57.18,-0.05131781274634478
57.184000000000005,-0.04009999294095911
57.188,-0.029684171576119335
57.192,-0.055452362869443494
57.196,-0.06479361629130827
57.2,-0.04327080498307771
57.204,-0.04418714047760695
57.208,-0.06052757852626618
57.212,-0.05468947303827989
57.216,0.001073085647009829
57.22,-0.022445821589729527
57.224000000000004,-0.031668901088924166
57.228,-0.0015036771263763904
57.232,-0.0003507584181496881
57.236000000000004,-0.03570798571547965
57.24,0.012699166563564589
57.244,-0.05126480013204675
57.248000000000005,-0.07091435392587857
57.252,-0.048249638072904416
57.256,-0.0155982203090157
57.26,-0.021811341109528367
57.264,0.01759416398596386
57.268,0.00831746783991278
57.272,-0.025733354741624526
57.276,-0.044510341965795286
57.28,-0.0512188177283895
57.284,-0.01020951769453234
57.288000000000004,-0.0445702279309988
57.292,-0.024328176120403375
57.296,-0.032064928739197515
57.300000000000004,-0.014813618096711044
57.304,0.019578988948762473
57.308,-0.019985897194444224
57.312000000000005,0.012599752704972635
57.316,-0.030076666572258534
57.32,-0.050320917071097704
57.324,-0.003858581359104371
57.328,-0.0830298074258481
57.332,-0.0113048121498818
57.336,-0.03640159935010386
57.34,-0.03248076085325712
57.344,-0.04573537398948496
57.348,-0.022989430930242527
57.352000000000004,-0.04088068976752264
57.356,-0.042295528952881516
57.36,-0.0213851411057009
57.364000000000004,-0.00035482034260106085
57.368,-0.013706622446714594
57.372,-0.011864414014872147
57.376,-0.046700272244288826
57.38,-0.011972379110213751
57.384,-0.023807555854930572
57.388,-0.012137915787738563
57.392,-0.0220020324233792
57.396,-0.04018145329314093
57.4,-0.014976458352333542
57.404,-0.048607450333089885
57.408,-0.0025310004398279243
57.412,0.017753185220824568
57.416000000000004,0.0035178563802277588
57.42,-0.05029766253002199
57.424,-0.031571987789668826
57.428000000000004,-0.010910487066560347
57.432,-0.02314495584582138
57.436,-0.017770001211816638
57.44,-0.007812767862255342
57.444,-0.037471422178029325
57.448,-0.006829866717167166
57.452,-0.002202356118212007
57.456,0.0023582781646816903
57.46,-0.03589135035149391
57.464,-0.005907580790921758
57.468,-0.009873166076908295
57.472,0.004528717981353132
57.476,-0.04515791911696682
57.480000000000004,-0.03099411915339853
57.484,-0.02847484882049301
57.488,0.002596557697219122
57.492000000000004,-0.0294983413021533
57.496,-0.04606085012269919
57.5,-0.02826763374462416
57.504,0.0038037096525045605
57.508,0.030899508787890967
57.512,0.0198017184896404
57.516,0.006828944438958081
57.52,-0.03553572322549329
57.524,-0.0007233957413141359
57.528,-0.0051278654562139665
57.532000000000004,0.007736028544697105
57.536,-0.007804940507172649
57.54,0.004060665917982617
57.544000000000004,-0.0262362251464005
57.548,-0.00817306280968381
57.552,-0.014916286764054246
57.556000000000004,0.023520648426181394
57.56,-0.04575952396949524
57.564,-0.03319355566106791
57.568,0.003361265522194733
57.572,-0.010227690808848182
57.576,0.03541185068821688
57.58,0.006689206597254956
57.584,-0.00023251552798589283
57.588,-0.014296133676158503
57.592,0.00663030769805555
57.596000000000004,0.015576195912118208
57.6,-0.0035062166104127494
57.604,0.0019409808612477453
57.608000000000004,0.007260588012296885
57.612,-0.05283720542017669
57.616,-0.040984758344141475
57.620000000000005,0.016860319788676296
57.624,0.01788346225424126
57.628,0.010320357171490536
57.632,0.007684366265681368
57.636,0.015446695064659241
57.64,-0.007950624345432478
57.644,-0.005278811892457547
57.648,0.01681819482699557
57.652,-0.014811564109982975
57.656,0.008492097152103348
57.660000000000004,0.017317189355925598
57.664,-0.007179349592038415
57.668,0.03671906084624398
57.672000000000004,0.020412427348489463
57.676,0.012352905044569712
57.68,-0.003525091008718227
57.684000000000005,0.034116092719007673
57.688,-0.0006109824720523759
57.692,0.04454478934787727
57.696,0.04871251575966141
57.7,0.008592662968257952
57.704,0.036006660005537816
57.708,0.06189861186581347
57.712,0.028454366322349017
57.716,0.016617384702635817
57.72,0.03601645686917834
57.724000000000004,0.014590355240970864
57.728,0.02705339461208039
57.732,-0.004390453340742201
57.736000000000004,0.009971502170949824
57.74,0.026779303095131168
57.744,0.022016140720854217
57.748000000000005,0.01714418942425067
57.752,0.002998225195066354
57.756,0.004366543938069909
57.76,0.028694206480190092
57.764,0.02007181160153896
57.768,0.031602974121133935
57.772,0.015654631427822342
57.776,0.013025477748958915
57.78,0.006242467840098284
57.784,0.03952296000992089
57.788000000000004,0.014624164745807815
57.792,0.0069753512709696056
57.796,0.04549652456748211
57.800000000000004,0.010449705273738029
57.804,0.03794688263397005
57.808,0.04906757384589834
57.812000000000005,0.05203571701787412
57.816,-0.01045892826426523
57.82,0.014995224672933974
57.824,0.03167624676208263
57.828,0.02405257444235268
57.832,0.014705777278640761
57.836,0.058815129254329135
57.84,0.010981293120600104
57.844,-0.004994557638618363
57.848,0.01614974406399282
57.852000000000004,0.006274168747535589
57.856,0.022118187914331393
57.86,0.015522548341371508
57.864000000000004,0.013989023216272116
57.868,-0.005143029714662087
57.872,0.07101180874606708
57.876,0.025956505680919655
57.88,0.012460407046987709
57.884,0.028245317747475192
57.888,0.03496374558055037
57.892,0.0942095470220661
57.896,0.1112599999456818
57.9,0.17005884459558288
57.904,0.3028461055106507
57.908,0.4186220568723576
57.912,0.6181120393769078
57.916000000000004,0.705011814622401
57.92,0.8343405948530066
57.924,0.99604356107604
57.928000000000004,1.023389653235706
57.932,1.030569686900957
57.936,0.9108097134683739
57.94,0.8000987918447127
57.944,0.6029723541254075
57.948,0.4806061195788742
57.952,0.3024810114271982
57.956,0.17423828098903385
57.96,0.12408186757587941
57.964,0.07839227371134777
57.968,0.09351671760681701
57.972,0.04605554615621815
57.976,0.05438157488079523
57.980000000000004,0.051062738621571735
57.984,-0.0033366272559781085
57.988,0.05325399200094637
57.992000000000004,0.028745404034502098
57.996,0.04719706877909356
58.0,0.044608722044921244
58.004,0.029434512858706748
58.008,0.0504759085642923
58.012,0.015980638620067288
58.016,0.010555206803741352
58.02,0.05862522573898034
58.024,0.025854020248925566
58.028,0.037638894502788685
58.032000000000004,0.048723844273304784
58.036,0.05981701198145649
58.04,0.025476759228169252
58.044000000000004,0.026777601657042984
58.048,0.06395485359122544
58.052,0.03261504972624965
58.056000000000004,0.05165545711514885
58.06,0.04771941857003815
58.064,0.03914769379413978
58.068,0.04773959361561345
58.072,0.04385225887947259
58.076,0.03546788828616532
58.08,0.08001464787616376
58.084,0.0625209663730405
58.088,0.03243781857123172
58.092,0.03477014558302982
58.096000000000004,0.01948478403808862
58.1,0.04294011745934768
58.104,0.026603712883250863
58.108000000000004,0.04530630462459459
58.112,0.02938399396186516
58.116,0.02017154062975242
58.120000000000005,0.02838829477583324
58.124,0.04720952391894272
58.128,0.055259813376066794
58.132,0.05067715371658563
58.136,0.043761907676602554
58.14,0.0587874185180495
58.144,0.052327478477112756
58.148,0.0893225816735055
58.152,0.05212645265609721
58.156,0.04596646601853851
58.160000000000004,0.056238807801367606
58.164,0.04726374973028246
58.168,0.051825336560260615
58.172000000000004,0.04003722894714098
58.176,0.020150953871947593
58.18,0.0734583715619498
58.184000000000005,0.016286323632284175
58.188,0.02892736280963643
58.192,0.06250579862278861
58.196,0.07267561446314519
58.2,0.049411838351911895
58.204,0.03717403952234573
58.208,0.04538743407644702
58.212,0.048000210849653044
58.216,0.04205544125718392
58.22,0.02850264971660485
58.224000000000004,0.04600450779718343
58.228,0.03606780532701143
58.232,0.05202023216052653
58.236000000000004,0.04720516945541549
58.24,0.035201506513243865
58.244,0.07665999843653422
58.248000000000005,0.026194693882197247
58.252,0.02868230822656586
58.256,0.07689040102411022
58.26,0.05432209907388874
58.264,0.05158353881016564
58.268,0.03273110730913241
58.272,0.015187373431962227
58.276,0.03695045236687697
58.28,-0.008936727148027644
58.284,0.07505593679184133
58.288000000000004,0.05213425570677989
58.292,0.02071684311554233
58.296,0.029918234560814792
58.300000000000004,0.06565788853349747
58.304,0.03974428260526748
58.308,0.07486078038830449
58.312000000000005,0.05706096582342158
58.316,0.05131827330226857
58.32,0.07819402702788833
58.324,0.06494731805282489
58.328,0.05751212146915548
58.332,0.03292926472880309
58.336,0.09963931997921482
58.34,0.05098831963573107
58.344,0.03853857661151869
58.348,0.05322012102950744
58.352000000000004,0.05434646181084005
58.356,0.0590600136890569
58.36,0.07665084061480258
58.364000000000004,0.055683075926232506
58.368,0.06513600652735449
58.372,0.05564798270769372
58.376,0.054933436414309735
58.38,0.07105775178258372
58.384,0.011450005124397214
58.388,-0.007856317349114711
58.392,0.050211344790576665
58.396,0.023882296611101105
58.4,0.017784080618224778
58.404,0.06127882608545138
58.408,0.03858895324925933
58.412,0.046434777472759516
58.416000000000004,0.0527361367503384
58.42,0.03175703434272731
58.424,0.06052061780136116
58.428000000000004,0.04174878841750171
58.432,0.03522079153615402
58.436,0.03835448710867432
58.44,0.07253637843379435
58.444,0.04566372203074901
58.448,0.057730188545736534
58.452,0.03488097839386707
58.456,0.039803102241991205
58.46,0.02523032617673029
58.464,0.055281919184763925
58.468,0.0474375062714214
58.472,0.040259549188580414
58.476,0.07770189206099862
58.480000000000004,0.0413026098676291
58.484,0.06052758825115697
58.488,0.07241478776081747
58.492000000000004,0.03752643992505618
58.496,0.06604041008927161
58.5,0.05465354741932375
58.504,0.06052770526086469
58.508,0.08644632583516952
58.512,0.029720765231777135
58.516,0.022379996858303972
58.52,0.06815975488924508
58.524,0.013611673012154178
58.528,0.03007002863358431
58.532000000000004,0.04458148164727398
58.536,0.05169760577692595
58.54,0.04591547061655174
58.544000000000004,0.0329025806705264
58.548,0.03765815537693483
58.552,0.05207030282343558
58.556000000000004,0.01355114475769937
58.56,0.04729880295186209
58.564,-0.017907533421214164
58.568,0.041991261387807975
58.572,0.05154828776099934
58.576,0.02152141490243926
58.58,0.029614460409631616
58.584,0.05740483279723449
58.588,0.07022293814478332
58.592,0.016711864490766826
58.596000000000004,0.047407127730673626
58.6,0.05039312060076382
58.604,0.0176480001120744
58.608000000000004,0.04379556093832703
58.612,0.05444875372655758
58.616,0.062158554923682253
58.620000000000005,0.05653895168040264
58.624,0.0732540730339313
58.628,0.08519925006502974
58.632,0.019898879111724218
58.636,0.044838915113491695
58.64,0.008317167515893044
58.644,0.02672986124499647
58.648,0.021204654327631477
58.652,0.047749369732597254
58.656,0.08795153834907424
58.660000000000004,0.009293477258210205
58.664,0.048845014228265635
58.668,0.02815552704537614
58.672000000000004,0.05604541423795516
58.676,0.05159903425830566
58.68,0.018931478292966968
58.684000000000005,0.020018370147283904
58.688,8.8246104141744e-05
58.692,0.013427254284337588
58.696,0.045647825094863266
58.7,0.05611483584940695
58.704,0.04412409492343833
58.708,0.01855485455991836
58.712,0.04077585538554113
58.716,0.003731777044212778
58.72,0.012615470634954797
58.724000000000004,0.04689280356124541
58.728,0.044631305796775406
58.732,0.03395815032066792
58.736000000000004,0.03835212796719651
58.74,0.02610044921174188
58.744,0.0821201976222233
58.748000000000005,0.0976284715605438
58.752,0.09240923167021449
58.756,0.19316183466399744
58.76,0.20879807910201156
58.764,0.3982004766091283
58.768,0.5540057463232875
58.772,0.6850751913824741
58.776,0.8471346993495424
58.78,0.9378181341602958
58.784,1.0137643800724543
58.788000000000004,1.0516817334527275
58.792,0.9665115396182081
58.796,0.8361220111743962
58.800000000000004,0.655381863125551
58.804,0.48900144110396715
58.808,0.369978370113432
58.812000000000005,0.22332666263223544
58.816,0.1457366477292611
58.82,0.10359438249658688
58.824,0.1073599174436948
58.828,0.018494399861738106
58.832,0.04023077275905595
58.836,0.012029674246463638
58.84,0.04151983643382034
58.844,0.04067986314718378
58.848,0.005905939169848155
58.852000000000004,0.05949452318686066
58.856,-0.0007293723908125167
58.86,-0.0011446169297132623
58.864000000000004,0.01292800861116487
58.868,0.04450369686285005
58.872,0.024109040939706772
58.876000000000005,0.04010442882621054
58.88,0.039653043610450675
58.884,-0.005040810133386805
58.888,-0.0063717642785528425
58.892,0.0319073338794767
58.896,0.016589035963153954
58.9,0.030218816003292064
58.904,0.03672723636993599
58.908,0.03428765392078256
58.912,0.032707930074719845
58.916000000000004,0.02349920853780704
58.92,0.016685991103546818
58.924,0.054253485802055385
58.928000000000004,0.02711604542023472
58.932,0.037166205651992315
58.936,0.04943170497493511
58.94,0.024722458663764497
58.944,0.023809463703613722
58.948,0.006285806315939668
58.952,-0.013579814884870667
58.956,0.011152400204980172
58.96,0.017602419324192715
58.964,-0.008512956451747294
58.968,0.03904375168793945
58.972,0.028630736877315904
58.976,0.029040182936889293
58.980000000000004,0.00455028864489829
58.984,0.04109299050802747
58.988,0.05790261322238522
58.992000000000004,-0.01250322512739985
58.996,0.046639647136380545
59.0,0.018343293793733884
59.004,0.025120046744542927
59.008,-0.020825473332040413
59.012,0.024815764530772756
59.016,0.006302042721741757
59.02,0.004415164921025581
59.024,0.0010650856501374893
59.028,0.0017202402751447798
59.032000000000004,0.000501540635350765
59.036,0.006575157134824343
59.04,0.02590118128722929
59.044000000000004,-0.005021083946490699
59.048,0.05000360778382446
59.052,-0.009012232364925179
59.056000000000004,0.00462522738933086
59.06,0.008947429517920664
59.064,-0.002703868816918702
59.068,-0.007499427459033871
59.072,-0.05640875419712184
59.076,0.028608009785652158
59.08,-0.02010187086298017
59.084,-0.020186958916924767
59.088,-0.03647876345105561
59.092,-0.0018444188988046642
59.096000000000004,-0.02133413636287487
59.1,-0.007665365539464193
59.104,0.02214360818171101
59.108000000000004,0.024755110208974175
59.112,0.015760171851313173
59.116,0.0013795741591290911
59.120000000000005,0.008083758083532755
59.124,-0.006998252992936733
59.128,0.003039351208196477
59.132,-0.006814130619289535
59.136,-0.03126778348439524
59.14,0.027784081778581125
59.144,-0.019858634381122432
59.148,-0.028812926421678275
59.152,-0.00926077750622549
59.156,0.021681653627963274
59.160000000000004,-0.005160879603384183
59.164,-0.023413343406943794
59.168,-0.014197263867537524
59.172000000000004,0.026151224855984694
59.176,-0.035896225260210204
59.18,-0.030660886082962822
59.184000000000005,-0.044357642250383356
59.188,-0.004797408147447286
59.192,-0.0191422974610252
59.196,-0.0037008840333057885
59.2,-0.0017342450529926109
59.204,-0.018972655133813947
59.208,0.0039769091942977106
59.212,-0.013550063677067363
59.216,-0.015112117459754059
59.22,0.003789189246781323
59.224000000000004,-0.006567895683876315
59.228,-0.05089677829796894
59.232,-0.06614512930770568
59.236000000000004,0.009192018170668148
59.24,-0.027588338856174434
59.244,-0.029350031367214882
59.248000000000005,-0.007283813443909508
59.252,0.007359770358043825
59.256,-0.023079092979470375
59.26,-0.0012682102042742456
59.264,-0.043923132812235643
59.268,-0.05119162897159121
59.272,-0.06399947418888913
59.276,-0.010022700627397924
59.28,-0.029916248374630396
59.284,-0.021384573280217936
59.288000000000004,0.003169537239206998
59.292,-0.05220561976633416
59.296,0.02816080193992545
59.300000000000004,-0.02025220752178712
59.304,-0.0641968151857993
59.308,0.0004887085649348324
59.312000000000005,0.017713873558483657
59.316,-0.02502114069816859
59.32,-0.037519418451005926
59.324,-0.0010407406560164305
59.328,-0.005461659271996138
59.332,-0.06959304819226744
59.336,-0.027246637325026874
59.34,-0.02093486570845457
59.344,-0.05617686005288193
59.348,-0.03226540911463576
59.352000000000004,-0.04610341827705841
59.356,-0.02862802555232269
59.36,-0.0071777484471012495
59.364000000000004,0.0019332383135882217
59.368,-0.031152086465698198
59.372,-0.02922058251639591
59.376000000000005,-0.045261339063345105
59.38,-0.0345008537595965
59.384,0.003725560158102971
59.388,-0.03090750285534967
59.392,-0.056705831631199216
59.396,-0.04290939993264391
59.4,-0.03430053585133048
59.404,-0.021102686140606213
59.408,-0.051497813123575334
59.412,-0.01127225776138589
59.416000000000004,-0.02265623599104515
59.42,-0.04049964934105489
59.424,-0.024641520667370582
59.428000000000004,-0.002150554724205611
59.432,-0.05287559255578318
59.436,-0.03804455505859365
59.44,-0.02201093364840658
59.444,-0.031798904342765305
59.448,-0.05556961019571122
59.452,-0.042875372469228325
59.456,-0.010006140743386797
59.46,-0.031509064374425896
59.464,-0.04476041804382092
59.468,-0.046330520203393566
59.472,-0.05070213557912075
59.476,-0.05579540374692035
59.480000000000004,-0.008763234065819584
59.484,-0.0421340733504728
59.488,-0.01671939759253567
59.492000000000004,-0.0400646903248576
59.496,-0.026482015310159493
59.5,-0.03331060621020174
59.504,-0.020566658206219
59.508,-0.004638648286103421
59.512,-0.035826474603232066
59.516,-0.06639729154823999
59.52,-0.026871341792655202
59.524,-0.002533758180565178
59.528,-0.02690875912009577
59.532000000000004,-0.042336142706680145
59.536,-0.03644524678754729
59.54,-0.07501965869339372
59.544000000000004,-0.057284107405743606
59.548,-0.029708066752992326
59.552,-0.011009755743321227
59.556000000000004,-0.005691375005006466
59.56,-0.04453798913658794
59.564,-0.05252857073405207
59.568,-0.05970996357625759
59.572,-0.06082999106829344
59.576,-0.05491045005719511
59.58,-0.06839173424513106
59.584,-0.01872447719273463
59.588,-0.07930014921398122
59.592,-0.01077090304984514
59.596000000000004,-0.015780613329779772
59.6,-0.03805874938741919
59.604,-0.0032778179105836048
59.608000000000004,0.01571530860873477
59.612,0.10586473408278747
59.616,0.17416934553959357
59.620000000000005,0.28507871752488073
59.624,0.389439560421197
59.628,0.5866998624611129
59.632,0.713354271718331
59.636,0.8723928700545895
59.64,0.9691989336065787
59.644,0.94605622183904
59.648,0.8774202774838985
59.652,0.7799602408725583
59.656,0.6692152244328221
59.660000000000004,0.4509662126975147
59.664,0.3235063976396225
59.668,0.19463524899911036
59.672000000000004,0.13252539520992268
59.676,0.022504478119398423
59.68,-0.010686240080602018
59.684000000000005,-0.03832876243856414
59.688,-0.03275804791567732
59.692,-0.06222991241432953
59.696,-0.05842492174823613
59.7,-0.07227366960224695
59.704,-0.03975404448660373
59.708,-0.049715708183560164
59.712,-0.042385433015557805
59.716,-0.08386265087710901
59.72,-0.028933231233481103
59.724000000000004,-0.04698005540956595
59.728,-0.017812028759521537
59.732,-0.015409690170547406
59.736000000000004,-0.062014043996685864
59.74,-0.04719682908636209
59.744,-0.0605590544084693
59.748000000000005,-0.04908448698578805
59.752,-0.04056680487300725
59.756,-0.05206872711099033
59.76,-0.05606955569642588
59.764,-0.018356047202218118
59.768,-0.08212137934420032
59.772,-0.04922764916008235
59.776,-0.06666561712295067
59.78,-0.06363258569223787
59.784,-0.05579350730936286
59.788000000000004,-0.04580702580398323
59.792,-0.0734016021577351
59.796,-0.028530489026564722
59.800000000000004,-0.057143985852008
59.804,-0.056826677186961355
59.808,-0.07196279691165072
59.812000000000005,-0.046561121750451316
59.816,-0.07782936099930758
59.82,-0.06328268481020444
59.824,-0.03518940659847678
59.828,-0.030558823654092248
59.832,-0.07498018720548177
59.836,-0.08409884616266725
59.84,-0.003899861746780621
59.844,-0.04520125457211836
59.848,-0.05200413194234176
59.852000000000004,-0.06277451483257031
59.856,-0.05585213185704092
59.86,-0.06315823552528652
59.864000000000004,-0.05946018927368764
59.868,-0.08133739320706704
59.872,-0.05061854191723453
59.876000000000005,-0.05657413293003261
59.88,-0.06278391982041694
59.884,-0.06570833077631764
59.888,-0.06779540170648674
59.892,-0.038594073460744456
59.896,-0.0562449639993214
59.9,-0.07253968468505184
59.904,-0.04540161664359363
59.908,-0.051049337881878654
59.912,-0.057128392489388044
59.916000000000004,-0.026682214625145136
59.92,-0.028704391029887692
59.924,-0.040328424120649034
59.928000000000004,-0.027874522911524632
59.932,-0.013653990115349512
59.936,-0.054859800862668326
59.94,-0.0456875680149992
59.944,-0.06813317985912962
59.948,-0.052940453942080044
59.952,-0.06980574889177846
59.956,-0.044195371962952645
59.96,-0.06743709415096723
59.964,-0.04719338552332751
59.968,-0.06036472465022576
59.972,-0.06993088813450477
59.976,-0.04091857281376627
59.980000000000004,-0.08636268452607793
59.984,-0.018463301859987673
59.988,-0.045372146641539046
59.992000000000004,-0.06911432262811057
59.996,-0.05670544636930772
